regiao,estado,municipio,produto,data_coleta,unidade,bandeira,preco_venda
SE,RJ,Cidade 17,GASOLINA,2023-01-22,R$/litro,BANDEIRA BRANCA,5.98
N,SP,Cidade 11,DIESEL S10,2024-06-09,R$/litro,RAIZEN,6.84
N,PR,Cidade 26,DIESEL S10,2023-06-04,R$/litro,IPIRANGA,6.13
NE,PR,Cidade 33,DIESEL S10,2024-06-02,R$/litro,PETROBRAS,6.09
NE,PE,Cidade 13,DIESEL S10,2024-02-18,R$/litro,PETROBRAS,6.74
CO,CE,Cidade 38,GASOLINA,2023-05-28,R$/litro,PETROBRAS,5.49
SE,RS,Cidade 32,ETANOL,2023-12-10,R$/litro,IPIRANGA,4.31
N,PE,Cidade 9,ETANOL,2023-01-22,R$/litro,BANDEIRA BRANCA,3.86
S,PR,Cidade 46,GNV,2024-05-26,R$/litro,PETROBRAS,4.88
SE,MG,Cidade 3,DIESEL S10,2023-08-06,R$/litro,RAIZEN,6.3
NE,PE,Cidade 33,DIESEL S10,2023-10-08,R$/litro,IPIRANGA,6.23
CO,SP,Cidade 22,DIESEL S10,2023-04-23,R$/litro,PETROBRAS,6.14
N,BA,Cidade 33,ETANOL,2023-09-24,R$/litro,RAIZEN,3.95
N,CE,Cidade 38,GNV,2023-10-15,R$/litro,RAIZEN,4.73
N,PR,Cidade 34,DIESEL S10,2023-06-11,R$/litro,BANDEIRA BRANCA,5.86
N,CE,Cidade 32,GNV,2024-12-15,R$/litro,RAIZEN,5.13
NE,SP,Cidade 42,DIESEL S10,2023-07-23,R$/litro,IPIRANGA,6.06
SE,BA,Cidade 35,DIESEL S10,2023-05-14,R$/litro,BANDEIRA BRANCA,6.49
CO,PE,Cidade 40,GASOLINA,2024-02-04,R$/litro,PETROBRAS,5.92
NE,PR,Cidade 20,DIESEL S10,2023-08-20,R$/litro,RAIZEN,5.59
NE,CE,Cidade 10,GASOLINA,2023-11-26,R$/litro,BANDEIRA BRANCA,6.26
S,RS,Cidade 12,DIESEL S10,2024-06-16,R$/litro,PETROBRAS,6.52
SE,PR,Cidade 30,DIESEL S10,2023-02-26,R$/litro,BANDEIRA BRANCA,5.92
CO,RS,Cidade 27,DIESEL S10,2024-01-07,R$/litro,PETROBRAS,6.15
N,PE,Cidade 4,ETANOL,2023-01-15,R$/litro,IPIRANGA,3.68
N,SP,Cidade 11,GASOLINA,2023-01-29,R$/litro,IPIRANGA,6.11
NE,MG,Cidade 48,DIESEL S10,2023-03-05,R$/litro,PETROBRAS,5.97
CO,SP,Cidade 36,DIESEL S10,2023-04-23,R$/litro,RAIZEN,5.57
NE,PR,Cidade 37,ETANOL,2023-09-10,R$/litro,IPIRANGA,4.22
NE,RJ,Cidade 10,DIESEL S10,2024-11-17,R$/litro,RAIZEN,6.86
NE,MG,Cidade 4,GNV,2024-10-27,R$/litro,IPIRANGA,5.18
S,PE,Cidade 15,DIESEL S10,2023-03-12,R$/litro,RAIZEN,5.74
SE,MG,Cidade 42,GASOLINA,2024-12-29,R$/litro,BANDEIRA BRANCA,6.05
NE,RJ,Cidade 25,GNV,2024-04-07,R$/litro,RAIZEN,4.71
CO,SP,Cidade 39,ETANOL,2024-02-11,R$/litro,PETROBRAS,4.67
SE,RJ,Cidade 24,DIESEL S10,2024-08-04,R$/litro,IPIRANGA,6.44
CO,CE,Cidade 25,GNV,2023-12-17,R$/litro,IPIRANGA,4.42
CO,BA,Cidade 30,ETANOL,2023-07-09,R$/litro,PETROBRAS,4.18
S,CE,Cidade 47,DIESEL S10,2024-01-21,R$/litro,PETROBRAS,6.3
N,RJ,Cidade 22,GASOLINA,2024-06-16,R$/litro,PETROBRAS,6.0
SE,MG,Cidade 30,GNV,2024-05-12,R$/litro,BANDEIRA BRANCA,4.72
N,RJ,Cidade 46,GASOLINA,2023-04-30,R$/litro,IPIRANGA,5.45
N,RS,Cidade 19,DIESEL S10,2024-11-17,R$/litro,BANDEIRA BRANCA,6.83
S,BA,Cidade 42,ETANOL,2023-07-23,R$/litro,RAIZEN,4.16
SE,PE,Cidade 27,GASOLINA,2024-08-25,R$/litro,RAIZEN,6.3
CO,MG,Cidade 44,ETANOL,2023-08-13,R$/litro,BANDEIRA BRANCA,4.18
NE,PE,Cidade 23,GNV,2023-02-12,R$/litro,RAIZEN,4.62
CO,PR,Cidade 31,GASOLINA,2024-12-29,R$/litro,PETROBRAS,6.18
N,MG,Cidade 16,ETANOL,2024-03-03,R$/litro,IPIRANGA,4.26
N,CE,Cidade 32,GASOLINA,2023-06-04,R$/litro,RAIZEN,6.04
N,RS,Cidade 16,GASOLINA,2023-01-01,R$/litro,PETROBRAS,5.95
SE,RJ,Cidade 30,GASOLINA,2023-04-02,R$/litro,PETROBRAS,5.38
S,CE,Cidade 39,DIESEL S10,2023-04-30,R$/litro,PETROBRAS,5.96
NE,CE,Cidade 22,GNV,2024-11-10,R$/litro,RAIZEN,5.36
NE,SP,Cidade 22,DIESEL S10,2023-05-07,R$/litro,IPIRANGA,6.49
SE,CE,Cidade 16,GNV,2023-04-30,R$/litro,PETROBRAS,5.06
NE,CE,Cidade 36,DIESEL S10,2024-09-01,R$/litro,RAIZEN,6.29
SE,PE,Cidade 30,ETANOL,2024-10-06,R$/litro,RAIZEN,4.84
N,MG,Cidade 26,GNV,2023-05-28,R$/litro,RAIZEN,4.66
N,PR,Cidade 2,GASOLINA,2024-04-21,R$/litro,PETROBRAS,6.32
CO,BA,Cidade 6,DIESEL S10,2024-01-28,R$/litro,BANDEIRA BRANCA,6.47
N,BA,Cidade 1,GASOLINA,2024-02-25,R$/litro,PETROBRAS,5.69
S,BA,Cidade 42,GNV,2023-08-13,R$/litro,RAIZEN,4.85
CO,PR,Cidade 42,GASOLINA,2024-06-30,R$/litro,RAIZEN,6.37
NE,BA,Cidade 4,GASOLINA,2024-10-06,R$/litro,PETROBRAS,6.21
S,PR,Cidade 3,ETANOL,2024-06-16,R$/litro,IPIRANGA,4.35
CO,BA,Cidade 39,DIESEL S10,2024-10-20,R$/litro,PETROBRAS,6.14
S,SP,Cidade 26,GASOLINA,2023-03-19,R$/litro,IPIRANGA,5.84
SE,SP,Cidade 16,ETANOL,2024-04-21,R$/litro,RAIZEN,4.41
NE,CE,Cidade 31,ETANOL,2024-12-29,R$/litro,IPIRANGA,4.37
N,CE,Cidade 12,DIESEL S10,2024-01-28,R$/litro,RAIZEN,6.19
SE,BA,Cidade 10,GNV,2024-11-17,R$/litro,BANDEIRA BRANCA,5.2
NE,RJ,Cidade 19,DIESEL S10,2023-09-10,R$/litro,PETROBRAS,6.0
SE,PE,Cidade 44,DIESEL S10,2024-10-20,R$/litro,IPIRANGA,6.53
N,RJ,Cidade 38,ETANOL,2024-11-17,R$/litro,PETROBRAS,4.12
NE,RS,Cidade 10,GNV,2024-03-31,R$/litro,RAIZEN,5.27
S,MG,Cidade 28,GASOLINA,2024-05-26,R$/litro,PETROBRAS,6.09
S,SP,Cidade 44,GASOLINA,2024-01-14,R$/litro,BANDEIRA BRANCA,5.69
NE,PE,Cidade 47,GASOLINA,2023-08-20,R$/litro,IPIRANGA,5.21
N,BA,Cidade 38,ETANOL,2024-01-28,R$/litro,RAIZEN,4.53
CO,MG,Cidade 7,ETANOL,2024-12-08,R$/litro,PETROBRAS,4.72
NE,BA,Cidade 12,GNV,2023-01-08,R$/litro,IPIRANGA,4.56
SE,SP,Cidade 11,DIESEL S10,2023-05-28,R$/litro,PETROBRAS,6.26
CO,RS,Cidade 8,ETANOL,2023-12-31,R$/litro,RAIZEN,4.46
N,BA,Cidade 9,GASOLINA,2023-09-03,R$/litro,PETROBRAS,5.88
N,MG,Cidade 16,DIESEL S10,2024-03-31,R$/litro,PETROBRAS,6.27
SE,PE,Cidade 28,ETANOL,2023-09-17,R$/litro,RAIZEN,4.04
S,RJ,Cidade 20,GNV,2024-04-28,R$/litro,RAIZEN,5.07
N,RJ,Cidade 21,ETANOL,2023-03-19,R$/litro,IPIRANGA,4.32
CO,BA,Cidade 13,DIESEL S10,2023-08-27,R$/litro,IPIRANGA,6.1
NE,CE,Cidade 8,GNV,2024-05-19,R$/litro,IPIRANGA,5.35
CO,RS,Cidade 49,ETANOL,2023-12-10,R$/litro,BANDEIRA BRANCA,4.32
CO,SP,Cidade 30,ETANOL,2024-06-02,R$/litro,IPIRANGA,4.49
S,CE,Cidade 12,DIESEL S10,2024-04-07,R$/litro,BANDEIRA BRANCA,6.94
CO,RS,Cidade 40,ETANOL,2023-08-27,R$/litro,PETROBRAS,4.54
S,RJ,Cidade 41,GASOLINA,2023-11-05,R$/litro,PETROBRAS,6.31
S,BA,Cidade 48,ETANOL,2024-12-08,R$/litro,IPIRANGA,4.38
N,MG,Cidade 8,GASOLINA,2024-12-08,R$/litro,PETROBRAS,6.83
N,CE,Cidade 32,DIESEL S10,2023-01-22,R$/litro,RAIZEN,5.9
SE,MG,Cidade 49,GASOLINA,2024-06-02,R$/litro,IPIRANGA,6.04
CO,BA,Cidade 40,ETANOL,2023-12-24,R$/litro,IPIRANGA,3.7
SE,BA,Cidade 12,GNV,2023-01-01,R$/litro,RAIZEN,4.58
CO,RJ,Cidade 44,DIESEL S10,2024-04-07,R$/litro,PETROBRAS,6.07
SE,RS,Cidade 21,DIESEL S10,2023-01-15,R$/litro,IPIRANGA,6.02
N,SP,Cidade 24,DIESEL S10,2023-08-20,R$/litro,BANDEIRA BRANCA,5.83
N,PR,Cidade 28,ETANOL,2024-05-19,R$/litro,RAIZEN,4.83
N,PE,Cidade 38,DIESEL S10,2024-08-18,R$/litro,RAIZEN,6.61
N,CE,Cidade 6,GASOLINA,2023-10-29,R$/litro,RAIZEN,6.46
NE,MG,Cidade 27,DIESEL S10,2024-08-11,R$/litro,IPIRANGA,6.21
N,MG,Cidade 41,DIESEL S10,2024-09-08,R$/litro,BANDEIRA BRANCA,6.88
S,BA,Cidade 27,GNV,2023-11-19,R$/litro,BANDEIRA BRANCA,4.36
N,PR,Cidade 14,GNV,2023-05-07,R$/litro,IPIRANGA,4.67
NE,CE,Cidade 3,GASOLINA,2024-04-28,R$/litro,BANDEIRA BRANCA,5.91
NE,SP,Cidade 27,ETANOL,2023-01-08,R$/litro,PETROBRAS,3.79
NE,RJ,Cidade 35,DIESEL S10,2024-10-13,R$/litro,IPIRANGA,6.4
NE,MG,Cidade 27,ETANOL,2023-10-08,R$/litro,IPIRANGA,3.94
SE,MG,Cidade 48,DIESEL S10,2024-07-07,R$/litro,RAIZEN,6.12
SE,RS,Cidade 30,GNV,2024-06-23,R$/litro,RAIZEN,4.91
S,PE,Cidade 25,ETANOL,2023-12-10,R$/litro,IPIRANGA,4.26
SE,SP,Cidade 3,GNV,2024-12-15,R$/litro,IPIRANGA,5.48
NE,PE,Cidade 28,GNV,2024-08-04,R$/litro,RAIZEN,5.13
N,BA,Cidade 9,GNV,2024-10-06,R$/litro,IPIRANGA,5.41
N,BA,Cidade 36,GASOLINA,2023-03-05,R$/litro,IPIRANGA,5.29
NE,PR,Cidade 8,ETANOL,2023-12-17,R$/litro,IPIRANGA,4.13
CO,SP,Cidade 45,GASOLINA,2024-11-24,R$/litro,BANDEIRA BRANCA,6.44
NE,PR,Cidade 15,GASOLINA,2024-08-18,R$/litro,RAIZEN,6.26
SE,RJ,Cidade 22,GASOLINA,2023-11-26,R$/litro,PETROBRAS,5.7
N,BA,Cidade 8,ETANOL,2023-02-19,R$/litro,BANDEIRA BRANCA,4.18
NE,PR,Cidade 11,GASOLINA,2023-07-23,R$/litro,RAIZEN,5.66
N,BA,Cidade 46,ETANOL,2024-02-25,R$/litro,IPIRANGA,4.11
NE,MG,Cidade 14,GNV,2024-04-14,R$/litro,RAIZEN,5.07
NE,RS,Cidade 26,GNV,2024-11-10,R$/litro,PETROBRAS,5.15
SE,RS,Cidade 49,GNV,2023-03-05,R$/litro,PETROBRAS,4.43
NE,SP,Cidade 31,GASOLINA,2023-10-15,R$/litro,IPIRANGA,5.74
N,PR,Cidade 3,DIESEL S10,2023-07-16,R$/litro,BANDEIRA BRANCA,5.82
S,SP,Cidade 18,DIESEL S10,2024-12-01,R$/litro,IPIRANGA,6.47
N,RS,Cidade 19,GASOLINA,2023-04-30,R$/litro,IPIRANGA,5.99
SE,PR,Cidade 14,GNV,2023-06-11,R$/litro,BANDEIRA BRANCA,4.72
S,SP,Cidade 12,ETANOL,2023-08-06,R$/litro,BANDEIRA BRANCA,4.35
NE,CE,Cidade 25,GNV,2023-03-19,R$/litro,IPIRANGA,4.7
CO,RS,Cidade 19,GASOLINA,2024-04-14,R$/litro,PETROBRAS,5.9
S,SP,Cidade 15,DIESEL S10,2024-01-21,R$/litro,RAIZEN,5.86
S,PR,Cidade 21,GASOLINA,2024-02-11,R$/litro,RAIZEN,5.76
NE,BA,Cidade 17,GNV,2024-10-27,R$/litro,BANDEIRA BRANCA,4.97
CO,PR,Cidade 12,DIESEL S10,2023-11-12,R$/litro,BANDEIRA BRANCA,6.01
CO,PE,Cidade 23,GASOLINA,2023-08-13,R$/litro,RAIZEN,6.06
SE,RS,Cidade 47,GASOLINA,2023-10-01,R$/litro,PETROBRAS,6.1
S,PE,Cidade 25,ETANOL,2024-08-11,R$/litro,PETROBRAS,5.02
CO,MG,Cidade 30,GASOLINA,2024-01-21,R$/litro,RAIZEN,5.78
SE,BA,Cidade 49,GASOLINA,2023-04-30,R$/litro,RAIZEN,6.11
CO,RJ,Cidade 31,GNV,2024-05-19,R$/litro,IPIRANGA,5.38
S,BA,Cidade 11,GNV,2024-06-30,R$/litro,IPIRANGA,4.97
CO,MG,Cidade 20,DIESEL S10,2023-07-02,R$/litro,RAIZEN,6.19
S,PR,Cidade 24,GNV,2024-02-11,R$/litro,IPIRANGA,5.2
NE,PE,Cidade 24,DIESEL S10,2024-02-18,R$/litro,PETROBRAS,6.28
N,PE,Cidade 8,GASOLINA,2023-05-07,R$/litro,BANDEIRA BRANCA,5.69
SE,CE,Cidade 6,DIESEL S10,2023-01-01,R$/litro,IPIRANGA,5.74
NE,SP,Cidade 18,GASOLINA,2024-06-09,R$/litro,IPIRANGA,5.51
NE,RJ,Cidade 45,GNV,2024-03-24,R$/litro,PETROBRAS,4.95
N,CE,Cidade 36,ETANOL,2024-06-02,R$/litro,IPIRANGA,4.22
CO,RS,Cidade 42,GASOLINA,2023-10-01,R$/litro,BANDEIRA BRANCA,5.59
N,SP,Cidade 9,ETANOL,2024-01-14,R$/litro,PETROBRAS,4.37
NE,MG,Cidade 21,DIESEL S10,2024-12-22,R$/litro,PETROBRAS,6.23
NE,PE,Cidade 29,GNV,2023-06-11,R$/litro,PETROBRAS,4.86
NE,MG,Cidade 22,DIESEL S10,2024-04-21,R$/litro,PETROBRAS,6.48
CO,SP,Cidade 21,GASOLINA,2023-04-02,R$/litro,RAIZEN,5.59
S,PR,Cidade 18,GNV,2023-02-12,R$/litro,IPIRANGA,4.52
SE,RJ,Cidade 3,GNV,2024-12-01,R$/litro,BANDEIRA BRANCA,4.87
S,MG,Cidade 43,ETANOL,2023-04-02,R$/litro,IPIRANGA,4.17
SE,SP,Cidade 46,DIESEL S10,2024-04-21,R$/litro,RAIZEN,6.4
SE,BA,Cidade 4,GNV,2024-01-07,R$/litro,PETROBRAS,4.92
SE,RS,Cidade 21,ETANOL,2024-08-11,R$/litro,IPIRANGA,4.59
N,PE,Cidade 26,GASOLINA,2024-02-04,R$/litro,IPIRANGA,5.82
N,MG,Cidade 39,GASOLINA,2024-05-26,R$/litro,PETROBRAS,5.71
N,RJ,Cidade 49,DIESEL S10,2024-10-13,R$/litro,IPIRANGA,6.76
NE,RJ,Cidade 21,GNV,2024-09-01,R$/litro,IPIRANGA,5.26
N,RJ,Cidade 37,DIESEL S10,2024-06-09,R$/litro,IPIRANGA,6.27
SE,RS,Cidade 46,DIESEL S10,2023-04-30,R$/litro,RAIZEN,6.12
CO,SP,Cidade 41,ETANOL,2023-04-30,R$/litro,BANDEIRA BRANCA,4.33
NE,RS,Cidade 15,ETANOL,2023-12-31,R$/litro,BANDEIRA BRANCA,4.53
CO,PE,Cidade 41,GASOLINA,2024-04-28,R$/litro,PETROBRAS,5.92
SE,PE,Cidade 21,ETANOL,2024-05-05,R$/litro,RAIZEN,4.0
NE,PR,Cidade 1,DIESEL S10,2024-07-28,R$/litro,BANDEIRA BRANCA,6.12
N,CE,Cidade 38,GNV,2023-03-12,R$/litro,BANDEIRA BRANCA,4.49
NE,PE,Cidade 41,GNV,2023-05-07,R$/litro,IPIRANGA,4.99
NE,PR,Cidade 17,GNV,2023-04-16,R$/litro,BANDEIRA BRANCA,4.42
SE,PE,Cidade 23,GASOLINA,2024-01-28,R$/litro,BANDEIRA BRANCA,5.83
S,SP,Cidade 18,GNV,2024-04-07,R$/litro,IPIRANGA,4.79
S,PE,Cidade 6,GASOLINA,2023-03-26,R$/litro,BANDEIRA BRANCA,5.55
S,MG,Cidade 49,DIESEL S10,2024-09-29,R$/litro,RAIZEN,6.51
N,PR,Cidade 2,GNV,2023-08-06,R$/litro,BANDEIRA BRANCA,4.39
N,CE,Cidade 28,GNV,2024-04-28,R$/litro,RAIZEN,5.23
N,RS,Cidade 1,DIESEL S10,2024-06-30,R$/litro,BANDEIRA BRANCA,6.39
S,SP,Cidade 34,ETANOL,2023-01-22,R$/litro,BANDEIRA BRANCA,4.54
CO,MG,Cidade 45,DIESEL S10,2024-09-22,R$/litro,BANDEIRA BRANCA,6.21
SE,RS,Cidade 32,DIESEL S10,2024-12-08,R$/litro,IPIRANGA,6.98
S,CE,Cidade 30,DIESEL S10,2024-12-01,R$/litro,RAIZEN,6.92
SE,CE,Cidade 41,ETANOL,2023-04-09,R$/litro,RAIZEN,3.89
S,BA,Cidade 48,ETANOL,2023-10-15,R$/litro,BANDEIRA BRANCA,4.08
CO,CE,Cidade 43,DIESEL S10,2023-06-18,R$/litro,IPIRANGA,5.83
S,RS,Cidade 12,GASOLINA,2023-11-26,R$/litro,IPIRANGA,5.69
CO,RS,Cidade 28,GNV,2024-12-15,R$/litro,RAIZEN,5.18
NE,PE,Cidade 41,GASOLINA,2024-07-14,R$/litro,BANDEIRA BRANCA,6.14
N,PR,Cidade 15,GNV,2024-07-14,R$/litro,BANDEIRA BRANCA,4.64
NE,BA,Cidade 34,GASOLINA,2023-11-05,R$/litro,PETROBRAS,6.47
S,RS,Cidade 2,DIESEL S10,2024-11-17,R$/litro,BANDEIRA BRANCA,6.49
N,PR,Cidade 43,ETANOL,2024-11-03,R$/litro,BANDEIRA BRANCA,4.56
CO,PE,Cidade 31,DIESEL S10,2024-08-11,R$/litro,PETROBRAS,6.31
S,RS,Cidade 37,ETANOL,2024-08-18,R$/litro,PETROBRAS,4.4
N,SP,Cidade 41,GNV,2024-04-21,R$/litro,PETROBRAS,4.87
S,SP,Cidade 11,GASOLINA,2023-03-12,R$/litro,BANDEIRA BRANCA,5.67
N,RJ,Cidade 23,GNV,2023-07-23,R$/litro,BANDEIRA BRANCA,4.69
N,RS,Cidade 43,DIESEL S10,2024-07-14,R$/litro,RAIZEN,6.64
NE,BA,Cidade 9,GNV,2023-08-27,R$/litro,RAIZEN,4.79
N,PE,Cidade 41,GASOLINA,2023-05-07,R$/litro,IPIRANGA,5.9
S,RJ,Cidade 15,GASOLINA,2024-11-24,R$/litro,BANDEIRA BRANCA,6.26
SE,PE,Cidade 29,ETANOL,2023-12-24,R$/litro,PETROBRAS,4.3
SE,PR,Cidade 25,ETANOL,2024-09-22,R$/litro,IPIRANGA,4.44
NE,SP,Cidade 34,GNV,2023-07-23,R$/litro,PETROBRAS,4.95
CO,MG,Cidade 41,GNV,2023-09-17,R$/litro,BANDEIRA BRANCA,4.83
SE,MG,Cidade 18,ETANOL,2023-09-10,R$/litro,RAIZEN,4.1
NE,CE,Cidade 9,GNV,2023-10-01,R$/litro,RAIZEN,4.71
N,CE,Cidade 21,GASOLINA,2023-11-12,R$/litro,BANDEIRA BRANCA,5.87
S,PE,Cidade 30,DIESEL S10,2023-08-06,R$/litro,PETROBRAS,6.12
N,BA,Cidade 37,GASOLINA,2024-08-18,R$/litro,BANDEIRA BRANCA,6.16
S,RS,Cidade 37,DIESEL S10,2023-08-27,R$/litro,PETROBRAS,5.99
CO,MG,Cidade 17,ETANOL,2023-11-19,R$/litro,BANDEIRA BRANCA,4.4
NE,PE,Cidade 46,ETANOL,2024-09-22,R$/litro,RAIZEN,4.71
NE,SP,Cidade 5,ETANOL,2023-11-12,R$/litro,BANDEIRA BRANCA,4.65
SE,MG,Cidade 6,ETANOL,2023-01-08,R$/litro,PETROBRAS,3.76
NE,RJ,Cidade 2,GNV,2023-01-01,R$/litro,BANDEIRA BRANCA,4.67
CO,RS,Cidade 46,GNV,2023-11-12,R$/litro,BANDEIRA BRANCA,4.32
SE,MG,Cidade 9,ETANOL,2024-04-21,R$/litro,PETROBRAS,4.56
N,RJ,Cidade 30,ETANOL,2024-11-17,R$/litro,RAIZEN,4.19
NE,RS,Cidade 40,DIESEL S10,2023-04-02,R$/litro,BANDEIRA BRANCA,5.74
N,PE,Cidade 38,DIESEL S10,2024-01-28,R$/litro,IPIRANGA,6.36
N,BA,Cidade 47,GASOLINA,2023-07-30,R$/litro,IPIRANGA,5.65
NE,PE,Cidade 3,DIESEL S10,2023-11-26,R$/litro,IPIRANGA,6.03
S,CE,Cidade 20,GNV,2023-11-19,R$/litro,RAIZEN,4.69
N,CE,Cidade 25,GNV,2023-08-13,R$/litro,BANDEIRA BRANCA,4.9
SE,MG,Cidade 35,DIESEL S10,2023-01-08,R$/litro,RAIZEN,5.67
NE,CE,Cidade 31,ETANOL,2023-02-19,R$/litro,RAIZEN,3.93
SE,CE,Cidade 28,ETANOL,2024-01-14,R$/litro,BANDEIRA BRANCA,4.17
N,CE,Cidade 16,DIESEL S10,2023-06-11,R$/litro,BANDEIRA BRANCA,6.26
N,MG,Cidade 6,ETANOL,2023-08-27,R$/litro,IPIRANGA,4.34
SE,RJ,Cidade 22,GASOLINA,2023-03-05,R$/litro,BANDEIRA BRANCA,5.2
N,BA,Cidade 13,DIESEL S10,2023-02-05,R$/litro,IPIRANGA,6.19
NE,CE,Cidade 28,GASOLINA,2023-04-02,R$/litro,RAIZEN,5.53
N,CE,Cidade 40,GNV,2023-10-01,R$/litro,IPIRANGA,4.82
SE,BA,Cidade 28,ETANOL,2023-04-30,R$/litro,BANDEIRA BRANCA,3.78
SE,RJ,Cidade 29,ETANOL,2023-06-18,R$/litro,RAIZEN,4.15
NE,RS,Cidade 3,GASOLINA,2023-08-06,R$/litro,RAIZEN,6.45
SE,PR,Cidade 32,GASOLINA,2023-07-30,R$/litro,IPIRANGA,5.83
S,BA,Cidade 22,GNV,2023-01-08,R$/litro,RAIZEN,4.39
N,MG,Cidade 7,DIESEL S10,2023-03-26,R$/litro,BANDEIRA BRANCA,5.92
SE,MG,Cidade 11,GNV,2024-11-24,R$/litro,IPIRANGA,4.8
N,SP,Cidade 39,GNV,2024-05-05,R$/litro,BANDEIRA BRANCA,5.33
SE,MG,Cidade 45,GASOLINA,2023-04-02,R$/litro,IPIRANGA,5.77
SE,PR,Cidade 25,ETANOL,2023-07-23,R$/litro,PETROBRAS,3.83
NE,RJ,Cidade 48,GNV,2023-10-08,R$/litro,RAIZEN,4.51
N,CE,Cidade 9,ETANOL,2024-10-27,R$/litro,RAIZEN,4.54
SE,SP,Cidade 15,DIESEL S10,2024-10-06,R$/litro,IPIRANGA,6.75
S,BA,Cidade 46,DIESEL S10,2024-07-14,R$/litro,RAIZEN,6.15
CO,RS,Cidade 9,DIESEL S10,2023-03-19,R$/litro,RAIZEN,6.25
CO,PE,Cidade 33,GNV,2023-12-24,R$/litro,BANDEIRA BRANCA,4.82
NE,CE,Cidade 11,GNV,2023-12-17,R$/litro,BANDEIRA BRANCA,4.6
NE,BA,Cidade 17,DIESEL S10,2024-04-07,R$/litro,BANDEIRA BRANCA,6.23
S,PR,Cidade 24,DIESEL S10,2024-09-08,R$/litro,IPIRANGA,6.93
N,PR,Cidade 18,ETANOL,2023-08-20,R$/litro,PETROBRAS,3.77
NE,BA,Cidade 43,GASOLINA,2024-02-11,R$/litro,PETROBRAS,5.81
S,RJ,Cidade 48,DIESEL S10,2023-07-09,R$/litro,RAIZEN,6.32
SE,RS,Cidade 25,GASOLINA,2023-06-04,R$/litro,RAIZEN,5.8
SE,RJ,Cidade 26,DIESEL S10,2023-08-13,R$/litro,RAIZEN,5.92
CO,RS,Cidade 3,ETANOL,2024-06-23,R$/litro,PETROBRAS,4.66
NE,BA,Cidade 12,GNV,2023-11-12,R$/litro,RAIZEN,5.06
NE,RJ,Cidade 2,GNV,2024-05-12,R$/litro,BANDEIRA BRANCA,5.06
NE,RJ,Cidade 42,DIESEL S10,2024-05-19,R$/litro,RAIZEN,6.23
N,PE,Cidade 12,DIESEL S10,2023-09-24,R$/litro,RAIZEN,6.04
SE,RS,Cidade 17,ETANOL,2024-12-01,R$/litro,PETROBRAS,4.64
SE,RJ,Cidade 42,ETANOL,2023-01-29,R$/litro,IPIRANGA,3.6
S,PR,Cidade 35,GASOLINA,2024-10-20,R$/litro,RAIZEN,6.56
NE,PR,Cidade 31,GASOLINA,2023-01-01,R$/litro,RAIZEN,6.03
N,PE,Cidade 2,DIESEL S10,2023-10-08,R$/litro,RAIZEN,6.11
NE,PE,Cidade 28,GNV,2024-08-25,R$/litro,RAIZEN,5.17
NE,CE,Cidade 28,GASOLINA,2024-05-12,R$/litro,RAIZEN,6.37
CO,BA,Cidade 16,ETANOL,2023-08-20,R$/litro,IPIRANGA,4.61
SE,MG,Cidade 37,DIESEL S10,2024-10-06,R$/litro,RAIZEN,6.91
NE,PE,Cidade 46,DIESEL S10,2023-04-09,R$/litro,IPIRANGA,5.56
NE,MG,Cidade 13,DIESEL S10,2024-05-05,R$/litro,IPIRANGA,6.29
NE,MG,Cidade 17,DIESEL S10,2024-01-14,R$/litro,IPIRANGA,6.39
CO,PE,Cidade 16,GASOLINA,2023-05-28,R$/litro,RAIZEN,5.62
S,CE,Cidade 41,ETANOL,2024-11-03,R$/litro,BANDEIRA BRANCA,4.99
CO,MG,Cidade 4,ETANOL,2024-07-14,R$/litro,RAIZEN,4.84
S,PR,Cidade 44,GASOLINA,2023-01-01,R$/litro,PETROBRAS,5.4
NE,CE,Cidade 38,ETANOL,2023-03-05,R$/litro,RAIZEN,3.92
NE,PE,Cidade 24,ETANOL,2023-02-05,R$/litro,IPIRANGA,3.75
CO,SP,Cidade 29,GNV,2023-10-29,R$/litro,PETROBRAS,4.74
NE,PR,Cidade 44,ETANOL,2023-10-29,R$/litro,PETROBRAS,4.13
S,RJ,Cidade 38,GNV,2024-06-16,R$/litro,BANDEIRA BRANCA,5.25
SE,PE,Cidade 14,DIESEL S10,2024-05-05,R$/litro,IPIRANGA,6.15
S,SP,Cidade 3,DIESEL S10,2023-01-08,R$/litro,PETROBRAS,5.25
CO,CE,Cidade 33,GNV,2023-12-10,R$/litro,PETROBRAS,4.43
SE,RJ,Cidade 8,GNV,2024-07-28,R$/litro,RAIZEN,4.79
CO,RS,Cidade 5,GASOLINA,2024-10-20,R$/litro,BANDEIRA BRANCA,6.07
NE,RJ,Cidade 49,ETANOL,2023-07-30,R$/litro,IPIRANGA,4.15
SE,PE,Cidade 24,DIESEL S10,2023-01-29,R$/litro,PETROBRAS,5.66
S,RS,Cidade 32,GNV,2023-04-23,R$/litro,IPIRANGA,4.3
NE,PR,Cidade 11,GASOLINA,2023-09-03,R$/litro,RAIZEN,5.6
S,SP,Cidade 5,ETANOL,2023-11-19,R$/litro,PETROBRAS,3.93
SE,RS,Cidade 4,GASOLINA,2023-09-10,R$/litro,IPIRANGA,5.7
N,CE,Cidade 18,GASOLINA,2023-03-05,R$/litro,PETROBRAS,5.51
N,CE,Cidade 1,GNV,2023-09-03,R$/litro,IPIRANGA,4.91
SE,RJ,Cidade 21,GASOLINA,2023-07-30,R$/litro,PETROBRAS,5.55
S,RS,Cidade 16,GNV,2023-12-24,R$/litro,PETROBRAS,4.75
S,RS,Cidade 26,GNV,2023-02-26,R$/litro,PETROBRAS,4.42
N,BA,Cidade 29,GNV,2024-08-04,R$/litro,RAIZEN,5.26
N,BA,Cidade 16,GASOLINA,2023-10-29,R$/litro,IPIRANGA,5.85
N,SP,Cidade 23,GASOLINA,2023-08-20,R$/litro,BANDEIRA BRANCA,6.08
CO,PE,Cidade 4,ETANOL,2024-10-27,R$/litro,IPIRANGA,4.25
N,RJ,Cidade 15,DIESEL S10,2024-06-30,R$/litro,PETROBRAS,6.41
S,MG,Cidade 48,GNV,2023-04-09,R$/litro,PETROBRAS,4.45
SE,PE,Cidade 49,ETANOL,2023-04-16,R$/litro,BANDEIRA BRANCA,3.69
N,PR,Cidade 24,GASOLINA,2023-01-01,R$/litro,RAIZEN,5.58
CO,RS,Cidade 47,GNV,2024-02-11,R$/litro,IPIRANGA,5.32
CO,CE,Cidade 25,GNV,2023-09-17,R$/litro,RAIZEN,4.54
S,RS,Cidade 7,DIESEL S10,2023-10-01,R$/litro,RAIZEN,6.13
S,BA,Cidade 43,DIESEL S10,2024-01-07,R$/litro,PETROBRAS,5.93
SE,RJ,Cidade 21,GNV,2024-01-28,R$/litro,RAIZEN,4.51
SE,RJ,Cidade 31,ETANOL,2023-01-01,R$/litro,PETROBRAS,3.7
NE,RS,Cidade 32,GASOLINA,2023-03-19,R$/litro,PETROBRAS,5.56
NE,BA,Cidade 16,DIESEL S10,2024-07-28,R$/litro,RAIZEN,6.35
S,PE,Cidade 36,ETANOL,2024-12-01,R$/litro,IPIRANGA,4.51
S,RS,Cidade 25,GNV,2024-09-01,R$/litro,PETROBRAS,4.67
CO,CE,Cidade 18,GNV,2024-10-27,R$/litro,PETROBRAS,4.98
NE,BA,Cidade 15,ETANOL,2023-12-03,R$/litro,RAIZEN,4.35
CO,SP,Cidade 37,ETANOL,2024-08-25,R$/litro,RAIZEN,4.14
CO,PR,Cidade 13,ETANOL,2024-10-06,R$/litro,PETROBRAS,4.43
S,BA,Cidade 7,DIESEL S10,2024-10-13,R$/litro,IPIRANGA,6.6
S,RS,Cidade 44,DIESEL S10,2023-04-16,R$/litro,IPIRANGA,5.81
CO,RS,Cidade 17,DIESEL S10,2023-04-16,R$/litro,BANDEIRA BRANCA,6.09
N,MG,Cidade 32,DIESEL S10,2023-10-22,R$/litro,BANDEIRA BRANCA,5.8
S,BA,Cidade 36,GNV,2023-12-31,R$/litro,IPIRANGA,5.07
N,BA,Cidade 42,ETANOL,2024-12-01,R$/litro,RAIZEN,4.66
NE,RS,Cidade 31,GASOLINA,2023-08-20,R$/litro,BANDEIRA BRANCA,5.84
CO,MG,Cidade 35,GNV,2024-09-01,R$/litro,IPIRANGA,5.37
S,RS,Cidade 42,GNV,2024-10-13,R$/litro,PETROBRAS,5.04
CO,RS,Cidade 47,DIESEL S10,2024-12-08,R$/litro,IPIRANGA,6.42
CO,RS,Cidade 3,ETANOL,2023-05-14,R$/litro,RAIZEN,4.37
SE,MG,Cidade 37,ETANOL,2023-06-25,R$/litro,BANDEIRA BRANCA,4.53
SE,BA,Cidade 9,ETANOL,2023-06-11,R$/litro,IPIRANGA,3.88
NE,RJ,Cidade 44,GASOLINA,2024-06-23,R$/litro,PETROBRAS,6.09
SE,BA,Cidade 3,DIESEL S10,2024-05-19,R$/litro,PETROBRAS,6.64
S,SP,Cidade 13,ETANOL,2023-10-22,R$/litro,IPIRANGA,4.16
NE,RS,Cidade 10,ETANOL,2023-03-05,R$/litro,PETROBRAS,4.11
CO,PE,Cidade 30,DIESEL S10,2024-01-14,R$/litro,PETROBRAS,6.46
CO,PE,Cidade 1,GNV,2024-06-16,R$/litro,RAIZEN,4.87
SE,PR,Cidade 1,GASOLINA,2023-12-10,R$/litro,BANDEIRA BRANCA,6.03
CO,PR,Cidade 25,GNV,2023-07-16,R$/litro,PETROBRAS,4.69
SE,SP,Cidade 48,DIESEL S10,2024-03-10,R$/litro,RAIZEN,6.01
N,MG,Cidade 26,GNV,2024-04-28,R$/litro,RAIZEN,4.72
CO,PR,Cidade 22,ETANOL,2024-03-10,R$/litro,RAIZEN,4.15
CO,PE,Cidade 33,GNV,2024-09-29,R$/litro,BANDEIRA BRANCA,5.34
S,BA,Cidade 28,DIESEL S10,2023-08-13,R$/litro,BANDEIRA BRANCA,6.36
CO,PE,Cidade 19,DIESEL S10,2024-03-24,R$/litro,IPIRANGA,6.52
SE,MG,Cidade 29,DIESEL S10,2024-09-15,R$/litro,BANDEIRA BRANCA,6.61
NE,RJ,Cidade 1,ETANOL,2023-06-04,R$/litro,PETROBRAS,4.15
NE,SP,Cidade 12,DIESEL S10,2023-07-23,R$/litro,BANDEIRA BRANCA,6.16
S,BA,Cidade 34,GNV,2023-02-05,R$/litro,PETROBRAS,4.64
SE,PR,Cidade 17,GNV,2023-10-01,R$/litro,PETROBRAS,4.88
N,MG,Cidade 3,GASOLINA,2023-01-29,R$/litro,PETROBRAS,5.28
S,PE,Cidade 7,DIESEL S10,2024-06-30,R$/litro,PETROBRAS,6.23
N,PR,Cidade 43,GNV,2023-03-05,R$/litro,IPIRANGA,4.3
NE,MG,Cidade 17,DIESEL S10,2024-05-19,R$/litro,RAIZEN,6.66
S,RJ,Cidade 2,ETANOL,2024-02-25,R$/litro,RAIZEN,4.72
CO,PR,Cidade 36,ETANOL,2024-12-22,R$/litro,PETROBRAS,4.05
SE,PR,Cidade 26,DIESEL S10,2023-09-10,R$/litro,IPIRANGA,6.53
N,RJ,Cidade 23,DIESEL S10,2023-09-10,R$/litro,PETROBRAS,6.16
N,MG,Cidade 44,ETANOL,2023-06-25,R$/litro,PETROBRAS,4.32
S,RS,Cidade 16,ETANOL,2024-01-28,R$/litro,RAIZEN,4.4
S,BA,Cidade 29,ETANOL,2023-06-11,R$/litro,RAIZEN,4.41
SE,RJ,Cidade 37,GASOLINA,2023-03-19,R$/litro,PETROBRAS,5.73
CO,CE,Cidade 30,GASOLINA,2024-11-24,R$/litro,IPIRANGA,5.92
CO,RS,Cidade 11,GASOLINA,2024-05-12,R$/litro,BANDEIRA BRANCA,6.05
S,RS,Cidade 34,ETANOL,2023-03-26,R$/litro,RAIZEN,4.11
SE,SP,Cidade 37,DIESEL S10,2024-03-24,R$/litro,PETROBRAS,6.28
SE,CE,Cidade 6,ETANOL,2023-08-13,R$/litro,BANDEIRA BRANCA,4.28
SE,RJ,Cidade 9,GNV,2023-05-07,R$/litro,PETROBRAS,4.6
CO,CE,Cidade 34,GASOLINA,2023-12-10,R$/litro,IPIRANGA,5.78
CO,RS,Cidade 6,ETANOL,2024-07-28,R$/litro,RAIZEN,4.18
SE,PE,Cidade 44,GASOLINA,2023-01-01,R$/litro,RAIZEN,5.5
N,RJ,Cidade 6,ETANOL,2023-09-17,R$/litro,PETROBRAS,4.2
SE,RJ,Cidade 48,DIESEL S10,2024-11-03,R$/litro,BANDEIRA BRANCA,6.05
S,PE,Cidade 33,ETANOL,2023-10-15,R$/litro,PETROBRAS,3.98
NE,PE,Cidade 22,ETANOL,2023-03-12,R$/litro,RAIZEN,3.47
N,BA,Cidade 14,DIESEL S10,2023-11-12,R$/litro,IPIRANGA,6.05
CO,SP,Cidade 17,GNV,2024-05-12,R$/litro,BANDEIRA BRANCA,5.28
SE,CE,Cidade 37,GASOLINA,2024-12-29,R$/litro,BANDEIRA BRANCA,6.0
SE,RS,Cidade 37,GASOLINA,2024-04-07,R$/litro,BANDEIRA BRANCA,6.22
S,CE,Cidade 11,GASOLINA,2023-02-05,R$/litro,BANDEIRA BRANCA,6.35
S,PE,Cidade 27,DIESEL S10,2024-08-11,R$/litro,RAIZEN,6.83
CO,PE,Cidade 49,GNV,2024-07-21,R$/litro,PETROBRAS,5.08
N,PR,Cidade 13,GASOLINA,2024-04-21,R$/litro,RAIZEN,6.27
S,PR,Cidade 34,GASOLINA,2024-10-20,R$/litro,IPIRANGA,5.89
CO,BA,Cidade 9,DIESEL S10,2024-07-14,R$/litro,RAIZEN,6.04
NE,SP,Cidade 41,GNV,2023-06-18,R$/litro,PETROBRAS,4.67
NE,RS,Cidade 9,DIESEL S10,2023-11-05,R$/litro,RAIZEN,6.29
NE,PR,Cidade 15,GNV,2024-01-07,R$/litro,IPIRANGA,5.13
SE,PE,Cidade 23,DIESEL S10,2023-12-24,R$/litro,RAIZEN,6.1
CO,BA,Cidade 19,GASOLINA,2024-04-14,R$/litro,IPIRANGA,6.1
SE,PR,Cidade 9,ETANOL,2024-05-26,R$/litro,IPIRANGA,4.43
SE,SP,Cidade 32,GNV,2023-03-12,R$/litro,PETROBRAS,4.53
S,RS,Cidade 1,DIESEL S10,2024-02-18,R$/litro,BANDEIRA BRANCA,6.28
S,BA,Cidade 49,GASOLINA,2023-01-29,R$/litro,PETROBRAS,5.41
SE,CE,Cidade 3,GASOLINA,2024-01-07,R$/litro,PETROBRAS,6.03
SE,MG,Cidade 17,DIESEL S10,2023-11-05,R$/litro,IPIRANGA,6.24
N,RJ,Cidade 46,ETANOL,2023-05-28,R$/litro,PETROBRAS,3.93
CO,MG,Cidade 8,DIESEL S10,2024-12-29,R$/litro,BANDEIRA BRANCA,6.76
SE,RJ,Cidade 4,ETANOL,2023-07-09,R$/litro,IPIRANGA,4.34
S,BA,Cidade 37,ETANOL,2023-02-05,R$/litro,PETROBRAS,4.1
NE,PR,Cidade 4,DIESEL S10,2023-09-17,R$/litro,IPIRANGA,5.89
CO,PE,Cidade 45,GASOLINA,2024-07-07,R$/litro,PETROBRAS,6.16
N,CE,Cidade 23,ETANOL,2023-01-01,R$/litro,RAIZEN,3.67
N,SP,Cidade 43,ETANOL,2023-12-24,R$/litro,IPIRANGA,4.27
NE,RJ,Cidade 13,GNV,2023-10-29,R$/litro,PETROBRAS,4.56
NE,MG,Cidade 7,DIESEL S10,2024-09-22,R$/litro,BANDEIRA BRANCA,6.82
SE,RJ,Cidade 48,ETANOL,2023-01-01,R$/litro,RAIZEN,4.1
CO,PE,Cidade 38,ETANOL,2023-01-08,R$/litro,IPIRANGA,4.19
CO,RJ,Cidade 45,GASOLINA,2024-02-18,R$/litro,RAIZEN,6.26
SE,SP,Cidade 16,GASOLINA,2023-05-07,R$/litro,RAIZEN,5.65
N,PE,Cidade 20,ETANOL,2024-05-26,R$/litro,PETROBRAS,4.28
SE,CE,Cidade 29,GNV,2023-07-23,R$/litro,BANDEIRA BRANCA,5.13
N,RJ,Cidade 22,GASOLINA,2024-02-18,R$/litro,IPIRANGA,5.95
CO,MG,Cidade 12,GASOLINA,2023-01-22,R$/litro,PETROBRAS,5.28
SE,BA,Cidade 19,DIESEL S10,2024-05-19,R$/litro,RAIZEN,6.64
NE,BA,Cidade 30,GASOLINA,2024-01-14,R$/litro,BANDEIRA BRANCA,6.0
SE,CE,Cidade 2,GNV,2023-01-01,R$/litro,RAIZEN,4.88
NE,RS,Cidade 17,GNV,2023-07-09,R$/litro,IPIRANGA,4.74
CO,SP,Cidade 15,GNV,2023-02-12,R$/litro,IPIRANGA,4.54
SE,RS,Cidade 4,ETANOL,2023-01-29,R$/litro,RAIZEN,4.31
S,BA,Cidade 7,ETANOL,2024-05-26,R$/litro,PETROBRAS,4.01
CO,BA,Cidade 25,ETANOL,2023-11-05,R$/litro,BANDEIRA BRANCA,4.05
S,BA,Cidade 6,GASOLINA,2024-08-11,R$/litro,IPIRANGA,5.94
SE,CE,Cidade 17,DIESEL S10,2023-07-09,R$/litro,PETROBRAS,5.53
NE,PE,Cidade 28,GNV,2024-06-09,R$/litro,PETROBRAS,5.22
NE,MG,Cidade 43,ETANOL,2024-03-24,R$/litro,RAIZEN,4.19
N,MG,Cidade 5,GASOLINA,2024-04-28,R$/litro,PETROBRAS,6.29
S,PR,Cidade 22,DIESEL S10,2024-08-25,R$/litro,BANDEIRA BRANCA,6.57
CO,RS,Cidade 6,ETANOL,2024-06-02,R$/litro,BANDEIRA BRANCA,4.55
NE,RS,Cidade 22,GNV,2024-06-30,R$/litro,PETROBRAS,4.91
S,RJ,Cidade 24,GNV,2024-06-23,R$/litro,PETROBRAS,4.83
CO,MG,Cidade 40,GNV,2023-11-19,R$/litro,BANDEIRA BRANCA,4.83
CO,PR,Cidade 22,ETANOL,2024-06-16,R$/litro,PETROBRAS,4.64
NE,PE,Cidade 46,GNV,2024-09-08,R$/litro,IPIRANGA,5.08
SE,PE,Cidade 7,GASOLINA,2024-06-23,R$/litro,BANDEIRA BRANCA,5.94
NE,MG,Cidade 3,ETANOL,2024-03-17,R$/litro,PETROBRAS,4.02
NE,RJ,Cidade 1,ETANOL,2023-02-19,R$/litro,RAIZEN,4.0
SE,RJ,Cidade 18,GNV,2023-11-12,R$/litro,IPIRANGA,4.66
N,RS,Cidade 10,DIESEL S10,2023-02-12,R$/litro,IPIRANGA,5.92
CO,BA,Cidade 5,ETANOL,2023-03-12,R$/litro,BANDEIRA BRANCA,3.91
SE,CE,Cidade 12,GASOLINA,2023-09-17,R$/litro,RAIZEN,5.74
N,CE,Cidade 48,GNV,2023-12-03,R$/litro,IPIRANGA,4.9
SE,SP,Cidade 40,DIESEL S10,2024-01-21,R$/litro,BANDEIRA BRANCA,6.41
N,PR,Cidade 1,GNV,2024-10-20,R$/litro,RAIZEN,5.62
NE,MG,Cidade 45,ETANOL,2024-07-14,R$/litro,PETROBRAS,4.63
SE,RJ,Cidade 11,GASOLINA,2023-11-05,R$/litro,IPIRANGA,6.29
CO,BA,Cidade 20,ETANOL,2023-09-03,R$/litro,PETROBRAS,3.93
SE,SP,Cidade 17,DIESEL S10,2024-06-02,R$/litro,RAIZEN,6.0
NE,MG,Cidade 20,GASOLINA,2023-07-16,R$/litro,BANDEIRA BRANCA,5.78
SE,BA,Cidade 38,GASOLINA,2024-10-06,R$/litro,PETROBRAS,6.43
CO,MG,Cidade 35,GNV,2024-07-28,R$/litro,BANDEIRA BRANCA,5.23
N,BA,Cidade 30,DIESEL S10,2024-05-12,R$/litro,BANDEIRA BRANCA,6.68
CO,RS,Cidade 31,ETANOL,2023-07-02,R$/litro,BANDEIRA BRANCA,3.44
NE,PE,Cidade 36,DIESEL S10,2024-03-31,R$/litro,RAIZEN,6.65
NE,RJ,Cidade 10,DIESEL S10,2024-08-25,R$/litro,IPIRANGA,6.56
N,SP,Cidade 20,GASOLINA,2023-02-19,R$/litro,PETROBRAS,5.26
N,BA,Cidade 6,ETANOL,2023-05-07,R$/litro,BANDEIRA BRANCA,4.2
CO,MG,Cidade 35,ETANOL,2024-01-14,R$/litro,IPIRANGA,4.3
SE,PR,Cidade 22,GASOLINA,2023-09-17,R$/litro,IPIRANGA,5.94
N,SP,Cidade 32,GASOLINA,2024-06-02,R$/litro,RAIZEN,6.35
SE,BA,Cidade 28,ETANOL,2023-10-22,R$/litro,RAIZEN,4.29
S,CE,Cidade 14,DIESEL S10,2024-12-29,R$/litro,BANDEIRA BRANCA,6.23
CO,SP,Cidade 7,DIESEL S10,2023-08-06,R$/litro,BANDEIRA BRANCA,6.07
S,MG,Cidade 48,GNV,2023-09-17,R$/litro,BANDEIRA BRANCA,4.34
N,PE,Cidade 15,ETANOL,2023-01-01,R$/litro,PETROBRAS,4.06
NE,BA,Cidade 6,DIESEL S10,2023-06-25,R$/litro,PETROBRAS,6.42
S,RJ,Cidade 15,GNV,2023-06-18,R$/litro,PETROBRAS,4.35
S,RJ,Cidade 45,DIESEL S10,2024-07-14,R$/litro,RAIZEN,6.27
NE,PE,Cidade 13,GNV,2023-09-03,R$/litro,RAIZEN,4.51
N,PE,Cidade 49,GASOLINA,2023-05-28,R$/litro,BANDEIRA BRANCA,5.63
N,MG,Cidade 23,GNV,2023-08-13,R$/litro,BANDEIRA BRANCA,4.82
CO,RS,Cidade 43,DIESEL S10,2024-02-18,R$/litro,BANDEIRA BRANCA,6.19
CO,PE,Cidade 33,DIESEL S10,2024-07-28,R$/litro,PETROBRAS,6.61
N,RJ,Cidade 3,GASOLINA,2024-12-15,R$/litro,RAIZEN,6.55
N,RJ,Cidade 25,DIESEL S10,2023-01-29,R$/litro,BANDEIRA BRANCA,6.2
S,PE,Cidade 21,GNV,2024-09-08,R$/litro,BANDEIRA BRANCA,4.81
NE,RJ,Cidade 10,DIESEL S10,2023-10-08,R$/litro,IPIRANGA,6.51
SE,PE,Cidade 27,GASOLINA,2024-08-11,R$/litro,BANDEIRA BRANCA,6.53
S,RS,Cidade 6,ETANOL,2023-01-22,R$/litro,IPIRANGA,4.31
CO,CE,Cidade 35,DIESEL S10,2024-03-31,R$/litro,PETROBRAS,6.3
NE,SP,Cidade 41,GNV,2024-11-10,R$/litro,IPIRANGA,4.96
SE,CE,Cidade 5,ETANOL,2023-01-29,R$/litro,IPIRANGA,3.68
N,RJ,Cidade 24,GNV,2024-07-28,R$/litro,BANDEIRA BRANCA,4.77
CO,SP,Cidade 33,GNV,2023-03-26,R$/litro,PETROBRAS,4.58
CO,PR,Cidade 4,ETANOL,2024-12-22,R$/litro,PETROBRAS,4.8
S,BA,Cidade 20,GASOLINA,2024-06-30,R$/litro,RAIZEN,6.45
NE,PE,Cidade 13,GNV,2024-10-27,R$/litro,RAIZEN,5.02
NE,SP,Cidade 2,DIESEL S10,2024-10-20,R$/litro,RAIZEN,6.52
S,SP,Cidade 40,GNV,2023-08-20,R$/litro,PETROBRAS,4.7
S,BA,Cidade 22,GNV,2023-10-29,R$/litro,IPIRANGA,4.63
S,CE,Cidade 37,ETANOL,2024-05-19,R$/litro,BANDEIRA BRANCA,4.57
CO,RS,Cidade 29,GASOLINA,2023-05-07,R$/litro,PETROBRAS,5.81
N,PE,Cidade 43,GNV,2023-08-13,R$/litro,BANDEIRA BRANCA,4.75
CO,CE,Cidade 49,DIESEL S10,2023-03-12,R$/litro,PETROBRAS,6.06
CO,PE,Cidade 30,GASOLINA,2024-10-13,R$/litro,PETROBRAS,6.38
CO,BA,Cidade 18,DIESEL S10,2023-07-02,R$/litro,BANDEIRA BRANCA,6.23
SE,PR,Cidade 21,GASOLINA,2023-10-29,R$/litro,IPIRANGA,5.68
CO,BA,Cidade 41,ETANOL,2023-11-26,R$/litro,RAIZEN,4.44
SE,PR,Cidade 21,ETANOL,2023-10-01,R$/litro,IPIRANGA,4.23
NE,BA,Cidade 26,ETANOL,2024-07-21,R$/litro,RAIZEN,4.34
NE,BA,Cidade 10,DIESEL S10,2024-10-27,R$/litro,IPIRANGA,6.6
S,RS,Cidade 49,GNV,2024-02-25,R$/litro,IPIRANGA,4.99
SE,PR,Cidade 32,ETANOL,2024-09-01,R$/litro,BANDEIRA BRANCA,4.75
SE,PE,Cidade 17,DIESEL S10,2023-03-19,R$/litro,RAIZEN,5.71
CO,CE,Cidade 29,GNV,2024-12-08,R$/litro,RAIZEN,5.51
S,BA,Cidade 20,DIESEL S10,2023-03-26,R$/litro,BANDEIRA BRANCA,5.99
S,SP,Cidade 8,ETANOL,2023-02-12,R$/litro,IPIRANGA,3.81
CO,BA,Cidade 43,DIESEL S10,2023-01-15,R$/litro,BANDEIRA BRANCA,5.78
SE,MG,Cidade 44,ETANOL,2023-06-25,R$/litro,RAIZEN,3.82
CO,SP,Cidade 41,ETANOL,2024-09-01,R$/litro,BANDEIRA BRANCA,4.05
CO,SP,Cidade 19,DIESEL S10,2023-08-06,R$/litro,IPIRANGA,6.28
NE,BA,Cidade 13,ETANOL,2024-08-04,R$/litro,RAIZEN,4.95
SE,CE,Cidade 3,GASOLINA,2023-11-05,R$/litro,PETROBRAS,5.49
SE,BA,Cidade 36,GNV,2023-03-12,R$/litro,PETROBRAS,4.33
S,RS,Cidade 17,DIESEL S10,2023-12-10,R$/litro,PETROBRAS,6.42
NE,SP,Cidade 44,GASOLINA,2023-06-18,R$/litro,RAIZEN,5.75
SE,PR,Cidade 43,ETANOL,2023-07-30,R$/litro,IPIRANGA,4.31
NE,SP,Cidade 7,ETANOL,2024-01-14,R$/litro,IPIRANGA,4.24
SE,PE,Cidade 45,GNV,2024-07-28,R$/litro,RAIZEN,4.91
NE,PE,Cidade 7,GNV,2024-03-03,R$/litro,IPIRANGA,4.85
SE,CE,Cidade 25,DIESEL S10,2023-06-11,R$/litro,PETROBRAS,5.46
N,MG,Cidade 24,ETANOL,2024-06-09,R$/litro,RAIZEN,4.12
SE,RJ,Cidade 47,GASOLINA,2024-05-26,R$/litro,RAIZEN,6.33
SE,MG,Cidade 33,GASOLINA,2023-06-18,R$/litro,PETROBRAS,6.06
SE,PE,Cidade 43,GASOLINA,2024-09-15,R$/litro,IPIRANGA,6.55
CO,RJ,Cidade 30,GNV,2024-09-08,R$/litro,PETROBRAS,5.2
SE,CE,Cidade 41,GASOLINA,2024-03-17,R$/litro,RAIZEN,5.46
NE,RJ,Cidade 42,DIESEL S10,2023-08-06,R$/litro,PETROBRAS,5.95
NE,SP,Cidade 43,GNV,2023-09-17,R$/litro,PETROBRAS,5.08
NE,RJ,Cidade 21,ETANOL,2023-11-19,R$/litro,IPIRANGA,4.61
N,PE,Cidade 19,DIESEL S10,2023-05-14,R$/litro,IPIRANGA,6.37
CO,BA,Cidade 49,GNV,2023-08-13,R$/litro,BANDEIRA BRANCA,4.66
S,MG,Cidade 38,ETANOL,2023-04-09,R$/litro,PETROBRAS,3.67
CO,PR,Cidade 45,ETANOL,2023-04-23,R$/litro,BANDEIRA BRANCA,4.0
S,PR,Cidade 29,GASOLINA,2024-06-30,R$/litro,IPIRANGA,6.13
CO,BA,Cidade 46,ETANOL,2023-04-02,R$/litro,IPIRANGA,4.38
NE,BA,Cidade 36,GNV,2023-12-10,R$/litro,PETROBRAS,4.89
N,SP,Cidade 37,DIESEL S10,2023-11-12,R$/litro,IPIRANGA,6.21
CO,MG,Cidade 9,GASOLINA,2023-01-29,R$/litro,IPIRANGA,5.65
N,BA,Cidade 28,DIESEL S10,2024-09-01,R$/litro,RAIZEN,6.58
CO,RJ,Cidade 36,DIESEL S10,2024-12-22,R$/litro,BANDEIRA BRANCA,6.75
NE,RS,Cidade 38,GASOLINA,2024-04-14,R$/litro,RAIZEN,5.87
SE,SP,Cidade 47,GNV,2024-05-05,R$/litro,PETROBRAS,4.71
NE,PE,Cidade 17,GASOLINA,2023-06-18,R$/litro,IPIRANGA,6.1
SE,SP,Cidade 15,ETANOL,2024-09-08,R$/litro,RAIZEN,4.08
CO,SP,Cidade 48,ETANOL,2024-07-28,R$/litro,RAIZEN,4.86
S,PR,Cidade 49,DIESEL S10,2023-11-19,R$/litro,RAIZEN,5.73
S,RJ,Cidade 9,GNV,2024-06-02,R$/litro,RAIZEN,4.85
S,MG,Cidade 19,GASOLINA,2024-12-01,R$/litro,RAIZEN,6.51
N,MG,Cidade 47,ETANOL,2024-03-17,R$/litro,BANDEIRA BRANCA,4.32
NE,RJ,Cidade 10,ETANOL,2023-05-21,R$/litro,RAIZEN,3.71
CO,PE,Cidade 39,GNV,2023-08-27,R$/litro,RAIZEN,4.83
NE,PR,Cidade 6,GNV,2023-05-14,R$/litro,IPIRANGA,4.64
S,RJ,Cidade 9,ETANOL,2023-08-27,R$/litro,IPIRANGA,4.07
SE,PR,Cidade 39,DIESEL S10,2024-10-13,R$/litro,RAIZEN,6.37
SE,PR,Cidade 30,GNV,2023-05-14,R$/litro,BANDEIRA BRANCA,4.62
S,BA,Cidade 28,GNV,2024-10-13,R$/litro,BANDEIRA BRANCA,4.98
CO,BA,Cidade 42,DIESEL S10,2023-07-23,R$/litro,RAIZEN,6.7
NE,CE,Cidade 16,DIESEL S10,2023-12-31,R$/litro,BANDEIRA BRANCA,6.19
CO,RS,Cidade 25,GNV,2024-01-21,R$/litro,PETROBRAS,4.78
SE,RS,Cidade 30,GASOLINA,2023-04-02,R$/litro,IPIRANGA,5.55
SE,BA,Cidade 37,ETANOL,2023-05-14,R$/litro,PETROBRAS,4.47
CO,PE,Cidade 17,DIESEL S10,2023-08-13,R$/litro,RAIZEN,5.71
SE,PR,Cidade 32,GASOLINA,2023-02-12,R$/litro,BANDEIRA BRANCA,5.73
SE,SP,Cidade 22,DIESEL S10,2024-07-07,R$/litro,PETROBRAS,6.37
NE,RS,Cidade 27,GNV,2024-02-04,R$/litro,PETROBRAS,4.53
CO,PR,Cidade 43,GASOLINA,2024-09-08,R$/litro,IPIRANGA,5.99
N,RJ,Cidade 20,GNV,2024-09-22,R$/litro,BANDEIRA BRANCA,5.18
SE,CE,Cidade 33,ETANOL,2023-09-10,R$/litro,PETROBRAS,3.93
CO,PE,Cidade 47,GNV,2024-08-18,R$/litro,BANDEIRA BRANCA,5.14
CO,PE,Cidade 38,DIESEL S10,2023-02-12,R$/litro,PETROBRAS,6.37
CO,SP,Cidade 49,GASOLINA,2023-11-12,R$/litro,IPIRANGA,5.94
CO,BA,Cidade 29,DIESEL S10,2024-04-28,R$/litro,RAIZEN,6.0
S,BA,Cidade 14,GASOLINA,2023-12-03,R$/litro,RAIZEN,5.71
CO,PR,Cidade 49,GASOLINA,2024-06-23,R$/litro,BANDEIRA BRANCA,6.05
S,PE,Cidade 32,GNV,2024-09-22,R$/litro,PETROBRAS,5.02
CO,MG,Cidade 12,GNV,2023-11-05,R$/litro,PETROBRAS,4.83
NE,BA,Cidade 16,GASOLINA,2023-07-16,R$/litro,IPIRANGA,5.87
N,PR,Cidade 13,ETANOL,2024-03-03,R$/litro,RAIZEN,4.74
N,PE,Cidade 41,GASOLINA,2024-09-29,R$/litro,IPIRANGA,6.21
N,PE,Cidade 5,ETANOL,2024-12-22,R$/litro,RAIZEN,4.3
N,MG,Cidade 37,GNV,2024-08-18,R$/litro,IPIRANGA,5.36
N,CE,Cidade 28,GASOLINA,2023-06-25,R$/litro,BANDEIRA BRANCA,6.08
N,SP,Cidade 4,DIESEL S10,2023-05-28,R$/litro,PETROBRAS,6.1
SE,RS,Cidade 31,GNV,2024-02-25,R$/litro,RAIZEN,4.84
CO,BA,Cidade 37,GNV,2023-10-22,R$/litro,RAIZEN,4.94
NE,SP,Cidade 36,ETANOL,2024-03-24,R$/litro,PETROBRAS,4.28
S,RS,Cidade 26,DIESEL S10,2024-11-03,R$/litro,RAIZEN,6.03
NE,BA,Cidade 17,ETANOL,2024-02-04,R$/litro,PETROBRAS,4.42
CO,BA,Cidade 9,GASOLINA,2023-09-17,R$/litro,RAIZEN,6.07
CO,SP,Cidade 1,GASOLINA,2024-09-29,R$/litro,RAIZEN,6.57
CO,MG,Cidade 18,DIESEL S10,2023-11-19,R$/litro,PETROBRAS,6.03
NE,RJ,Cidade 31,DIESEL S10,2024-03-17,R$/litro,PETROBRAS,6.38
N,PR,Cidade 2,DIESEL S10,2023-04-09,R$/litro,IPIRANGA,6.06
S,MG,Cidade 49,GNV,2024-01-07,R$/litro,BANDEIRA BRANCA,4.88
N,BA,Cidade 29,DIESEL S10,2023-11-05,R$/litro,PETROBRAS,6.22
N,PR,Cidade 15,ETANOL,2023-03-26,R$/litro,BANDEIRA BRANCA,3.99
S,PE,Cidade 48,ETANOL,2023-06-04,R$/litro,RAIZEN,4.1
S,RJ,Cidade 10,GNV,2024-05-26,R$/litro,BANDEIRA BRANCA,5.18
SE,CE,Cidade 47,GNV,2023-05-07,R$/litro,BANDEIRA BRANCA,4.93
SE,RJ,Cidade 14,GASOLINA,2023-04-02,R$/litro,IPIRANGA,5.5
NE,SP,Cidade 19,GNV,2023-02-12,R$/litro,RAIZEN,4.5
NE,SP,Cidade 21,GASOLINA,2023-01-15,R$/litro,RAIZEN,5.51
SE,RJ,Cidade 49,GNV,2023-11-12,R$/litro,PETROBRAS,4.66
NE,PE,Cidade 13,DIESEL S10,2023-12-24,R$/litro,RAIZEN,5.84
N,RJ,Cidade 48,DIESEL S10,2024-03-31,R$/litro,IPIRANGA,6.34
S,PR,Cidade 18,DIESEL S10,2024-02-25,R$/litro,PETROBRAS,6.42
S,RS,Cidade 14,DIESEL S10,2024-01-28,R$/litro,BANDEIRA BRANCA,6.24
S,SP,Cidade 32,ETANOL,2024-12-29,R$/litro,IPIRANGA,4.6
NE,RS,Cidade 34,GNV,2023-07-02,R$/litro,BANDEIRA BRANCA,4.78
S,SP,Cidade 17,DIESEL S10,2024-06-02,R$/litro,PETROBRAS,6.75
N,RS,Cidade 7,DIESEL S10,2023-02-26,R$/litro,RAIZEN,5.85
S,BA,Cidade 20,ETANOL,2024-09-15,R$/litro,IPIRANGA,4.2
NE,BA,Cidade 27,GASOLINA,2023-09-24,R$/litro,BANDEIRA BRANCA,5.83
S,MG,Cidade 2,DIESEL S10,2023-09-10,R$/litro,BANDEIRA BRANCA,6.61
SE,PE,Cidade 4,ETANOL,2023-04-09,R$/litro,BANDEIRA BRANCA,3.7
N,BA,Cidade 45,DIESEL S10,2024-01-07,R$/litro,BANDEIRA BRANCA,6.42
S,MG,Cidade 2,ETANOL,2023-10-15,R$/litro,BANDEIRA BRANCA,4.46
S,RS,Cidade 20,GNV,2024-12-15,R$/litro,IPIRANGA,4.59
N,SP,Cidade 38,DIESEL S10,2023-05-07,R$/litro,BANDEIRA BRANCA,6.12
CO,CE,Cidade 17,ETANOL,2023-10-29,R$/litro,RAIZEN,4.34
N,PE,Cidade 25,DIESEL S10,2024-10-20,R$/litro,IPIRANGA,6.46
CO,MG,Cidade 5,DIESEL S10,2024-08-11,R$/litro,PETROBRAS,6.3
CO,PR,Cidade 39,DIESEL S10,2024-07-14,R$/litro,RAIZEN,6.29
NE,PR,Cidade 32,DIESEL S10,2024-01-21,R$/litro,IPIRANGA,6.19
N,BA,Cidade 42,GNV,2024-09-29,R$/litro,RAIZEN,5.04
S,SP,Cidade 43,ETANOL,2023-06-11,R$/litro,PETROBRAS,3.93
NE,CE,Cidade 18,ETANOL,2024-08-18,R$/litro,RAIZEN,4.38
NE,CE,Cidade 3,ETANOL,2024-02-25,R$/litro,RAIZEN,4.6
CO,CE,Cidade 17,DIESEL S10,2023-09-10,R$/litro,RAIZEN,5.84
CO,CE,Cidade 8,GNV,2023-06-04,R$/litro,RAIZEN,4.21
NE,CE,Cidade 27,DIESEL S10,2024-01-14,R$/litro,BANDEIRA BRANCA,6.56
N,PR,Cidade 8,GASOLINA,2023-01-01,R$/litro,BANDEIRA BRANCA,5.55
S,SP,Cidade 46,GNV,2024-06-09,R$/litro,IPIRANGA,4.91
CO,RS,Cidade 30,GNV,2023-06-18,R$/litro,BANDEIRA BRANCA,4.63
NE,RJ,Cidade 13,ETANOL,2023-10-08,R$/litro,BANDEIRA BRANCA,4.22
NE,RJ,Cidade 46,GASOLINA,2023-05-21,R$/litro,PETROBRAS,5.6
N,PE,Cidade 38,ETANOL,2023-12-03,R$/litro,IPIRANGA,4.35
N,PE,Cidade 22,GNV,2023-09-24,R$/litro,RAIZEN,4.51
SE,BA,Cidade 8,DIESEL S10,2023-05-14,R$/litro,RAIZEN,5.95
S,PR,Cidade 17,GASOLINA,2024-10-13,R$/litro,PETROBRAS,5.67
SE,RJ,Cidade 29,GASOLINA,2024-07-07,R$/litro,IPIRANGA,6.42
N,RJ,Cidade 38,GNV,2023-10-08,R$/litro,IPIRANGA,4.72
SE,PE,Cidade 13,ETANOL,2023-02-12,R$/litro,RAIZEN,4.11
S,RS,Cidade 37,DIESEL S10,2024-09-08,R$/litro,RAIZEN,6.61
NE,BA,Cidade 14,ETANOL,2024-05-26,R$/litro,PETROBRAS,4.53
N,RS,Cidade 13,GASOLINA,2024-02-11,R$/litro,PETROBRAS,5.99
NE,RJ,Cidade 22,ETANOL,2024-03-17,R$/litro,IPIRANGA,4.42
CO,PE,Cidade 8,DIESEL S10,2023-01-01,R$/litro,PETROBRAS,5.66
CO,PE,Cidade 20,ETANOL,2023-12-10,R$/litro,BANDEIRA BRANCA,3.94
SE,PR,Cidade 18,DIESEL S10,2023-05-14,R$/litro,IPIRANGA,6.0
CO,MG,Cidade 14,ETANOL,2024-04-21,R$/litro,RAIZEN,4.19
N,PR,Cidade 39,ETANOL,2024-11-10,R$/litro,PETROBRAS,4.91
N,CE,Cidade 17,ETANOL,2024-01-21,R$/litro,IPIRANGA,4.36
SE,PR,Cidade 35,ETANOL,2024-03-17,R$/litro,BANDEIRA BRANCA,4.14
N,RS,Cidade 36,ETANOL,2024-05-05,R$/litro,RAIZEN,4.3
N,MG,Cidade 33,DIESEL S10,2024-11-10,R$/litro,IPIRANGA,6.58
NE,BA,Cidade 14,ETANOL,2023-01-29,R$/litro,RAIZEN,3.91
SE,MG,Cidade 41,DIESEL S10,2023-08-13,R$/litro,RAIZEN,6.18
NE,BA,Cidade 12,ETANOL,2023-07-16,R$/litro,PETROBRAS,4.11
CO,SP,Cidade 14,ETANOL,2024-06-09,R$/litro,BANDEIRA BRANCA,4.06
N,RJ,Cidade 43,GNV,2023-11-26,R$/litro,BANDEIRA BRANCA,4.28
SE,PE,Cidade 17,GNV,2024-07-21,R$/litro,RAIZEN,4.95
CO,RS,Cidade 35,ETANOL,2023-12-10,R$/litro,PETROBRAS,4.37
CO,RS,Cidade 3,ETANOL,2024-12-15,R$/litro,IPIRANGA,4.49
SE,BA,Cidade 31,DIESEL S10,2024-07-14,R$/litro,RAIZEN,6.75
CO,RS,Cidade 43,GASOLINA,2023-01-08,R$/litro,BANDEIRA BRANCA,5.59
NE,PE,Cidade 35,ETANOL,2024-12-22,R$/litro,RAIZEN,4.93
NE,RJ,Cidade 29,DIESEL S10,2024-11-24,R$/litro,PETROBRAS,6.85
NE,PE,Cidade 42,DIESEL S10,2023-01-29,R$/litro,RAIZEN,6.19
N,RJ,Cidade 15,GASOLINA,2023-10-15,R$/litro,PETROBRAS,5.57
CO,MG,Cidade 19,GASOLINA,2024-12-08,R$/litro,IPIRANGA,6.28
N,BA,Cidade 4,ETANOL,2024-09-01,R$/litro,RAIZEN,4.79
CO,CE,Cidade 35,GASOLINA,2023-12-10,R$/litro,RAIZEN,6.0
CO,RJ,Cidade 36,DIESEL S10,2024-02-04,R$/litro,IPIRANGA,6.42
SE,BA,Cidade 37,GNV,2023-01-22,R$/litro,IPIRANGA,4.17
S,SP,Cidade 37,ETANOL,2024-02-18,R$/litro,BANDEIRA BRANCA,4.78
N,SP,Cidade 7,ETANOL,2024-04-28,R$/litro,RAIZEN,4.17
NE,PE,Cidade 33,GASOLINA,2023-09-17,R$/litro,PETROBRAS,5.35
SE,PR,Cidade 38,GASOLINA,2023-08-13,R$/litro,RAIZEN,5.73
SE,RS,Cidade 10,DIESEL S10,2024-08-25,R$/litro,RAIZEN,5.87
NE,BA,Cidade 24,ETANOL,2023-11-26,R$/litro,RAIZEN,3.94
N,RS,Cidade 45,DIESEL S10,2023-07-09,R$/litro,RAIZEN,6.72
SE,MG,Cidade 21,DIESEL S10,2023-10-01,R$/litro,PETROBRAS,6.07
SE,RS,Cidade 37,GNV,2023-12-24,R$/litro,BANDEIRA BRANCA,4.49
SE,MG,Cidade 26,GASOLINA,2023-07-09,R$/litro,BANDEIRA BRANCA,5.79
NE,PE,Cidade 33,DIESEL S10,2024-02-11,R$/litro,PETROBRAS,6.06
SE,RS,Cidade 31,GNV,2024-09-22,R$/litro,PETROBRAS,5.32
NE,MG,Cidade 32,ETANOL,2024-06-23,R$/litro,PETROBRAS,4.19
NE,BA,Cidade 39,GASOLINA,2023-06-18,R$/litro,BANDEIRA BRANCA,5.83
NE,PE,Cidade 45,ETANOL,2023-12-10,R$/litro,BANDEIRA BRANCA,3.94
N,MG,Cidade 15,GNV,2024-02-04,R$/litro,IPIRANGA,5.53
NE,CE,Cidade 46,GNV,2024-05-12,R$/litro,RAIZEN,5.1
N,RS,Cidade 31,ETANOL,2024-07-07,R$/litro,PETROBRAS,4.39
N,PR,Cidade 30,GASOLINA,2023-12-17,R$/litro,PETROBRAS,5.86
CO,CE,Cidade 17,ETANOL,2023-08-20,R$/litro,PETROBRAS,3.98
N,RS,Cidade 21,GASOLINA,2024-04-28,R$/litro,PETROBRAS,5.87
NE,RJ,Cidade 32,DIESEL S10,2023-04-02,R$/litro,BANDEIRA BRANCA,5.79
NE,PR,Cidade 18,GNV,2024-05-05,R$/litro,BANDEIRA BRANCA,5.39
S,SP,Cidade 15,GASOLINA,2024-10-20,R$/litro,PETROBRAS,6.09
NE,RS,Cidade 41,DIESEL S10,2024-06-02,R$/litro,RAIZEN,5.86
SE,CE,Cidade 21,GNV,2023-11-12,R$/litro,PETROBRAS,4.51
CO,RS,Cidade 32,DIESEL S10,2024-08-25,R$/litro,RAIZEN,6.71
CO,PR,Cidade 2,GNV,2024-01-21,R$/litro,BANDEIRA BRANCA,4.81
SE,BA,Cidade 4,GASOLINA,2024-01-28,R$/litro,BANDEIRA BRANCA,5.94
N,RJ,Cidade 42,DIESEL S10,2024-09-15,R$/litro,BANDEIRA BRANCA,6.79
SE,MG,Cidade 7,GASOLINA,2023-05-21,R$/litro,PETROBRAS,5.54
N,BA,Cidade 39,GNV,2024-07-21,R$/litro,PETROBRAS,5.2
SE,SP,Cidade 45,ETANOL,2024-05-12,R$/litro,PETROBRAS,4.21
NE,RS,Cidade 24,GASOLINA,2024-01-21,R$/litro,PETROBRAS,6.11
N,RS,Cidade 44,DIESEL S10,2023-02-26,R$/litro,RAIZEN,5.86
N,PE,Cidade 21,DIESEL S10,2024-07-14,R$/litro,RAIZEN,6.38
NE,SP,Cidade 47,ETANOL,2023-06-04,R$/litro,BANDEIRA BRANCA,4.25
CO,PE,Cidade 12,ETANOL,2024-10-20,R$/litro,PETROBRAS,4.72
N,RS,Cidade 21,GASOLINA,2024-08-04,R$/litro,IPIRANGA,6.12
S,PR,Cidade 20,GNV,2023-09-24,R$/litro,RAIZEN,4.64
N,BA,Cidade 39,GASOLINA,2023-11-12,R$/litro,RAIZEN,6.3
N,MG,Cidade 3,GNV,2023-01-15,R$/litro,IPIRANGA,4.66
S,CE,Cidade 41,DIESEL S10,2023-12-31,R$/litro,PETROBRAS,6.15
N,RJ,Cidade 2,DIESEL S10,2023-02-12,R$/litro,IPIRANGA,5.78
CO,SP,Cidade 16,DIESEL S10,2024-12-22,R$/litro,PETROBRAS,6.85
CO,PE,Cidade 30,GNV,2024-04-14,R$/litro,RAIZEN,4.98
N,BA,Cidade 8,GASOLINA,2023-06-18,R$/litro,BANDEIRA BRANCA,5.72
N,CE,Cidade 25,GNV,2024-08-11,R$/litro,PETROBRAS,5.09
S,RS,Cidade 49,GASOLINA,2023-01-15,R$/litro,PETROBRAS,5.7
N,SP,Cidade 41,GNV,2024-02-04,R$/litro,RAIZEN,4.87
S,SP,Cidade 2,ETANOL,2023-03-19,R$/litro,PETROBRAS,4.27
NE,RS,Cidade 29,GNV,2023-02-05,R$/litro,BANDEIRA BRANCA,4.85
S,RJ,Cidade 30,GASOLINA,2023-06-25,R$/litro,BANDEIRA BRANCA,5.9
S,CE,Cidade 4,ETANOL,2023-07-30,R$/litro,IPIRANGA,4.45
SE,SP,Cidade 32,DIESEL S10,2024-06-16,R$/litro,IPIRANGA,6.41
CO,CE,Cidade 26,GNV,2024-10-13,R$/litro,IPIRANGA,5.3
SE,RJ,Cidade 34,GASOLINA,2024-07-21,R$/litro,IPIRANGA,6.39
SE,SP,Cidade 15,GASOLINA,2024-06-23,R$/litro,BANDEIRA BRANCA,6.37
CO,MG,Cidade 13,DIESEL S10,2024-02-18,R$/litro,BANDEIRA BRANCA,6.53
NE,RJ,Cidade 37,GASOLINA,2023-09-24,R$/litro,PETROBRAS,6.01
NE,RS,Cidade 36,GNV,2023-07-02,R$/litro,PETROBRAS,5.16
N,MG,Cidade 8,GASOLINA,2024-11-24,R$/litro,RAIZEN,6.13
S,BA,Cidade 11,GNV,2024-01-14,R$/litro,RAIZEN,4.82
SE,BA,Cidade 29,DIESEL S10,2024-02-18,R$/litro,RAIZEN,6.24
N,SP,Cidade 41,GNV,2023-01-08,R$/litro,IPIRANGA,4.41
SE,SP,Cidade 10,GASOLINA,2023-12-03,R$/litro,IPIRANGA,5.42
NE,RJ,Cidade 11,ETANOL,2024-05-12,R$/litro,PETROBRAS,4.72
CO,RJ,Cidade 40,ETANOL,2023-12-24,R$/litro,IPIRANGA,3.99
CO,SP,Cidade 35,GASOLINA,2024-03-24,R$/litro,RAIZEN,6.07
S,MG,Cidade 45,GASOLINA,2024-08-18,R$/litro,IPIRANGA,5.82
N,BA,Cidade 39,ETANOL,2023-01-15,R$/litro,IPIRANGA,4.07
N,MG,Cidade 47,DIESEL S10,2024-10-20,R$/litro,IPIRANGA,6.33
NE,MG,Cidade 10,DIESEL S10,2024-08-18,R$/litro,BANDEIRA BRANCA,6.19
SE,RS,Cidade 14,GASOLINA,2023-11-05,R$/litro,RAIZEN,5.94
S,BA,Cidade 12,GASOLINA,2024-07-14,R$/litro,BANDEIRA BRANCA,5.96
N,MG,Cidade 3,DIESEL S10,2023-02-12,R$/litro,PETROBRAS,5.8
CO,RJ,Cidade 39,ETANOL,2023-08-13,R$/litro,BANDEIRA BRANCA,4.16
SE,RS,Cidade 33,GNV,2023-03-19,R$/litro,PETROBRAS,4.77
N,SP,Cidade 5,ETANOL,2024-04-07,R$/litro,IPIRANGA,4.14
CO,RS,Cidade 10,ETANOL,2024-09-15,R$/litro,IPIRANGA,4.25
CO,CE,Cidade 10,GASOLINA,2024-03-17,R$/litro,PETROBRAS,6.03
NE,RS,Cidade 20,ETANOL,2024-06-02,R$/litro,BANDEIRA BRANCA,4.53
SE,SP,Cidade 23,DIESEL S10,2023-04-16,R$/litro,BANDEIRA BRANCA,6.37
S,PR,Cidade 15,ETANOL,2024-11-17,R$/litro,RAIZEN,4.29
CO,RJ,Cidade 46,DIESEL S10,2023-05-21,R$/litro,IPIRANGA,5.95
CO,RJ,Cidade 11,GASOLINA,2024-01-21,R$/litro,BANDEIRA BRANCA,6.26
N,RJ,Cidade 28,DIESEL S10,2024-05-12,R$/litro,RAIZEN,6.87
SE,CE,Cidade 22,ETANOL,2024-09-15,R$/litro,IPIRANGA,4.25
SE,CE,Cidade 19,GNV,2024-11-17,R$/litro,BANDEIRA BRANCA,4.97
NE,BA,Cidade 41,ETANOL,2024-03-10,R$/litro,PETROBRAS,4.41
NE,BA,Cidade 48,GASOLINA,2024-02-25,R$/litro,IPIRANGA,5.86
SE,PR,Cidade 1,DIESEL S10,2023-10-29,R$/litro,PETROBRAS,6.0
N,BA,Cidade 23,GASOLINA,2024-02-18,R$/litro,PETROBRAS,6.06
NE,BA,Cidade 6,GNV,2024-05-05,R$/litro,PETROBRAS,5.36
SE,CE,Cidade 22,ETANOL,2024-04-14,R$/litro,RAIZEN,4.02
SE,PR,Cidade 31,GNV,2024-03-10,R$/litro,BANDEIRA BRANCA,5.29
NE,SP,Cidade 21,DIESEL S10,2023-11-19,R$/litro,RAIZEN,6.07
N,RS,Cidade 16,ETANOL,2023-05-21,R$/litro,IPIRANGA,4.12
CO,CE,Cidade 16,DIESEL S10,2023-02-05,R$/litro,IPIRANGA,6.33
NE,RS,Cidade 15,GASOLINA,2023-11-05,R$/litro,PETROBRAS,5.98
S,RJ,Cidade 16,GASOLINA,2023-10-15,R$/litro,RAIZEN,5.8
CO,PE,Cidade 19,GNV,2024-03-17,R$/litro,PETROBRAS,5.1
NE,BA,Cidade 34,GNV,2024-10-20,R$/litro,BANDEIRA BRANCA,5.09
S,BA,Cidade 5,GNV,2024-05-26,R$/litro,IPIRANGA,5.12
NE,RS,Cidade 3,ETANOL,2024-08-11,R$/litro,IPIRANGA,4.41
SE,SP,Cidade 26,ETANOL,2024-02-25,R$/litro,PETROBRAS,4.52
S,RS,Cidade 34,ETANOL,2024-11-10,R$/litro,PETROBRAS,4.2
NE,RS,Cidade 13,DIESEL S10,2024-11-17,R$/litro,PETROBRAS,6.3
CO,CE,Cidade 10,DIESEL S10,2023-04-23,R$/litro,RAIZEN,5.66
N,MG,Cidade 31,GNV,2024-04-14,R$/litro,IPIRANGA,4.94
N,RJ,Cidade 19,GNV,2024-01-07,R$/litro,BANDEIRA BRANCA,4.47
NE,RS,Cidade 37,ETANOL,2024-12-15,R$/litro,RAIZEN,4.41
SE,CE,Cidade 8,DIESEL S10,2024-03-03,R$/litro,BANDEIRA BRANCA,6.03
S,RS,Cidade 6,DIESEL S10,2023-01-08,R$/litro,BANDEIRA BRANCA,6.28
CO,RS,Cidade 28,GNV,2023-06-04,R$/litro,PETROBRAS,4.4
SE,PR,Cidade 20,ETANOL,2023-04-02,R$/litro,PETROBRAS,3.67
CO,PR,Cidade 36,GASOLINA,2023-05-28,R$/litro,BANDEIRA BRANCA,5.8
N,MG,Cidade 25,ETANOL,2023-03-12,R$/litro,IPIRANGA,4.39
S,CE,Cidade 18,DIESEL S10,2024-07-28,R$/litro,BANDEIRA BRANCA,6.42
N,BA,Cidade 8,GNV,2023-12-24,R$/litro,RAIZEN,4.83
CO,SP,Cidade 9,GNV,2024-05-05,R$/litro,RAIZEN,5.29
SE,RS,Cidade 38,GASOLINA,2024-12-29,R$/litro,IPIRANGA,6.52
SE,CE,Cidade 12,DIESEL S10,2024-04-14,R$/litro,IPIRANGA,6.46
N,RS,Cidade 25,GASOLINA,2023-12-17,R$/litro,RAIZEN,5.79
CO,BA,Cidade 41,ETANOL,2023-07-16,R$/litro,PETROBRAS,4.2
SE,BA,Cidade 44,GNV,2024-07-07,R$/litro,IPIRANGA,4.69
N,PR,Cidade 14,GNV,2024-01-07,R$/litro,RAIZEN,4.7
SE,PE,Cidade 6,GASOLINA,2024-07-07,R$/litro,PETROBRAS,6.49
N,RJ,Cidade 38,GASOLINA,2023-01-15,R$/litro,IPIRANGA,5.94
N,BA,Cidade 34,DIESEL S10,2023-04-30,R$/litro,BANDEIRA BRANCA,6.12
SE,BA,Cidade 17,ETANOL,2023-04-02,R$/litro,IPIRANGA,3.5
N,RJ,Cidade 30,ETANOL,2024-05-12,R$/litro,BANDEIRA BRANCA,4.07
CO,PR,Cidade 10,GNV,2024-01-14,R$/litro,BANDEIRA BRANCA,4.69
CO,SP,Cidade 35,GNV,2023-08-20,R$/litro,RAIZEN,4.68
SE,RS,Cidade 36,GNV,2023-08-13,R$/litro,PETROBRAS,4.4
S,MG,Cidade 15,GNV,2024-03-17,R$/litro,PETROBRAS,4.86
S,RJ,Cidade 23,GNV,2024-12-08,R$/litro,BANDEIRA BRANCA,5.62
NE,PE,Cidade 17,DIESEL S10,2024-12-29,R$/litro,PETROBRAS,6.7
SE,RJ,Cidade 2,GNV,2023-12-10,R$/litro,RAIZEN,4.88
CO,MG,Cidade 7,DIESEL S10,2024-05-05,R$/litro,RAIZEN,6.12
N,PE,Cidade 48,GASOLINA,2023-02-26,R$/litro,BANDEIRA BRANCA,5.24
CO,CE,Cidade 23,GNV,2024-11-24,R$/litro,BANDEIRA BRANCA,4.86
SE,SP,Cidade 8,GNV,2023-01-08,R$/litro,IPIRANGA,4.09
SE,MG,Cidade 3,ETANOL,2023-09-03,R$/litro,RAIZEN,4.15
CO,PR,Cidade 18,ETANOL,2024-06-16,R$/litro,RAIZEN,4.51
S,PE,Cidade 49,DIESEL S10,2024-12-08,R$/litro,BANDEIRA BRANCA,6.34
N,CE,Cidade 19,DIESEL S10,2023-05-07,R$/litro,RAIZEN,6.06
CO,BA,Cidade 49,DIESEL S10,2024-04-28,R$/litro,PETROBRAS,6.73
SE,SP,Cidade 24,ETANOL,2023-05-14,R$/litro,BANDEIRA BRANCA,4.52
SE,PE,Cidade 38,GNV,2023-02-05,R$/litro,RAIZEN,4.73
SE,RJ,Cidade 39,GNV,2023-11-05,R$/litro,PETROBRAS,4.75
SE,SP,Cidade 2,GNV,2024-02-25,R$/litro,PETROBRAS,5.09
SE,PR,Cidade 1,DIESEL S10,2023-07-09,R$/litro,PETROBRAS,6.42
CO,BA,Cidade 46,GASOLINA,2024-12-15,R$/litro,RAIZEN,5.78
N,SP,Cidade 46,GNV,2024-03-24,R$/litro,BANDEIRA BRANCA,5.3
CO,RJ,Cidade 7,GASOLINA,2023-11-19,R$/litro,IPIRANGA,5.77
CO,BA,Cidade 32,GASOLINA,2023-12-17,R$/litro,PETROBRAS,5.8
CO,MG,Cidade 46,ETANOL,2023-12-03,R$/litro,BANDEIRA BRANCA,4.13
S,PR,Cidade 47,GASOLINA,2023-03-19,R$/litro,RAIZEN,5.75
S,RS,Cidade 15,DIESEL S10,2024-03-17,R$/litro,RAIZEN,6.05
CO,BA,Cidade 41,ETANOL,2024-07-28,R$/litro,PETROBRAS,4.38
S,RS,Cidade 32,GASOLINA,2023-11-05,R$/litro,BANDEIRA BRANCA,6.03
SE,MG,Cidade 46,GASOLINA,2023-11-05,R$/litro,PETROBRAS,5.95
N,MG,Cidade 8,GASOLINA,2024-10-27,R$/litro,RAIZEN,6.33
CO,PR,Cidade 30,DIESEL S10,2024-03-24,R$/litro,RAIZEN,6.25
CO,BA,Cidade 2,GNV,2023-08-06,R$/litro,RAIZEN,4.88
CO,BA,Cidade 18,ETANOL,2023-01-01,R$/litro,RAIZEN,4.16
SE,BA,Cidade 1,GASOLINA,2024-08-25,R$/litro,IPIRANGA,6.43
N,RJ,Cidade 22,DIESEL S10,2024-03-31,R$/litro,RAIZEN,6.44
CO,CE,Cidade 40,GNV,2024-03-31,R$/litro,IPIRANGA,5.17
N,BA,Cidade 33,GASOLINA,2023-07-23,R$/litro,IPIRANGA,6.01
CO,PR,Cidade 16,GNV,2023-05-14,R$/litro,RAIZEN,5.3
CO,CE,Cidade 21,GASOLINA,2023-12-24,R$/litro,RAIZEN,6.25
NE,CE,Cidade 19,ETANOL,2024-07-07,R$/litro,PETROBRAS,4.41
SE,PR,Cidade 36,DIESEL S10,2023-08-06,R$/litro,BANDEIRA BRANCA,5.88
NE,PE,Cidade 14,GASOLINA,2024-01-21,R$/litro,PETROBRAS,5.9
S,RS,Cidade 5,ETANOL,2024-12-29,R$/litro,IPIRANGA,4.52
SE,PR,Cidade 25,GASOLINA,2023-06-11,R$/litro,IPIRANGA,5.88
SE,MG,Cidade 41,GASOLINA,2023-06-18,R$/litro,IPIRANGA,5.59
N,PR,Cidade 24,GNV,2023-06-18,R$/litro,IPIRANGA,4.96
NE,SP,Cidade 11,GASOLINA,2024-10-27,R$/litro,IPIRANGA,5.89
NE,CE,Cidade 3,GASOLINA,2024-01-21,R$/litro,IPIRANGA,5.56
N,RJ,Cidade 47,GASOLINA,2024-11-03,R$/litro,BANDEIRA BRANCA,6.21
NE,PR,Cidade 38,GASOLINA,2024-11-24,R$/litro,BANDEIRA BRANCA,6.05
N,SP,Cidade 8,DIESEL S10,2023-11-05,R$/litro,IPIRANGA,5.88
SE,RJ,Cidade 4,GNV,2023-02-05,R$/litro,IPIRANGA,4.37
CO,CE,Cidade 7,GASOLINA,2023-08-06,R$/litro,RAIZEN,5.62
NE,PE,Cidade 19,DIESEL S10,2024-02-04,R$/litro,PETROBRAS,6.29
SE,RJ,Cidade 40,ETANOL,2023-10-08,R$/litro,IPIRANGA,4.01
CO,RJ,Cidade 8,GASOLINA,2023-01-01,R$/litro,PETROBRAS,5.47
N,PE,Cidade 41,DIESEL S10,2024-12-22,R$/litro,RAIZEN,6.59
SE,CE,Cidade 1,GASOLINA,2023-08-06,R$/litro,PETROBRAS,6.06
SE,RJ,Cidade 37,DIESEL S10,2024-03-24,R$/litro,BANDEIRA BRANCA,6.7
SE,PR,Cidade 14,DIESEL S10,2024-11-24,R$/litro,IPIRANGA,6.6
S,MG,Cidade 48,DIESEL S10,2024-02-04,R$/litro,RAIZEN,6.34
SE,PR,Cidade 24,GASOLINA,2024-05-19,R$/litro,RAIZEN,6.04
N,RS,Cidade 14,ETANOL,2023-01-22,R$/litro,IPIRANGA,4.04
NE,RJ,Cidade 12,DIESEL S10,2024-05-26,R$/litro,IPIRANGA,6.49
CO,MG,Cidade 41,GNV,2024-09-15,R$/litro,IPIRANGA,5.43
N,BA,Cidade 20,GASOLINA,2024-11-03,R$/litro,BANDEIRA BRANCA,5.77
N,PE,Cidade 18,ETANOL,2023-02-26,R$/litro,RAIZEN,3.9
NE,SP,Cidade 37,GNV,2023-06-11,R$/litro,PETROBRAS,4.74
SE,CE,Cidade 27,ETANOL,2023-01-29,R$/litro,IPIRANGA,3.92
SE,PR,Cidade 33,ETANOL,2024-11-03,R$/litro,IPIRANGA,4.31
N,CE,Cidade 22,GNV,2023-07-16,R$/litro,BANDEIRA BRANCA,4.36
SE,CE,Cidade 4,GNV,2024-01-21,R$/litro,BANDEIRA BRANCA,5.07
SE,RJ,Cidade 1,DIESEL S10,2023-12-10,R$/litro,IPIRANGA,6.04
S,SP,Cidade 2,DIESEL S10,2024-05-19,R$/litro,IPIRANGA,5.94
CO,PE,Cidade 29,DIESEL S10,2024-10-20,R$/litro,PETROBRAS,6.75
NE,RJ,Cidade 26,ETANOL,2023-08-20,R$/litro,RAIZEN,4.24
N,RJ,Cidade 37,GNV,2024-07-28,R$/litro,PETROBRAS,5.02
NE,RS,Cidade 44,GASOLINA,2023-07-30,R$/litro,BANDEIRA BRANCA,5.57
SE,CE,Cidade 9,GASOLINA,2023-05-21,R$/litro,RAIZEN,5.71
S,PE,Cidade 47,DIESEL S10,2023-03-19,R$/litro,PETROBRAS,6.28
SE,BA,Cidade 46,GNV,2023-10-01,R$/litro,BANDEIRA BRANCA,4.36
N,RJ,Cidade 31,GNV,2024-02-11,R$/litro,BANDEIRA BRANCA,4.5
SE,MG,Cidade 26,DIESEL S10,2024-07-21,R$/litro,IPIRANGA,6.29
S,PR,Cidade 9,ETANOL,2024-09-15,R$/litro,PETROBRAS,4.49
CO,RJ,Cidade 9,ETANOL,2024-01-21,R$/litro,IPIRANGA,4.15
NE,BA,Cidade 1,ETANOL,2023-10-22,R$/litro,IPIRANGA,4.34
NE,SP,Cidade 32,ETANOL,2023-05-07,R$/litro,IPIRANGA,4.29
NE,MG,Cidade 22,ETANOL,2024-10-27,R$/litro,BANDEIRA BRANCA,4.61
N,RJ,Cidade 10,GASOLINA,2023-10-15,R$/litro,BANDEIRA BRANCA,6.02
S,PR,Cidade 7,ETANOL,2024-07-14,R$/litro,RAIZEN,4.51
N,CE,Cidade 4,GNV,2024-03-31,R$/litro,BANDEIRA BRANCA,4.94
CO,RJ,Cidade 32,DIESEL S10,2024-11-10,R$/litro,PETROBRAS,6.23
NE,PE,Cidade 34,GASOLINA,2024-12-15,R$/litro,PETROBRAS,6.03
NE,PR,Cidade 31,ETANOL,2024-06-02,R$/litro,BANDEIRA BRANCA,4.06
SE,CE,Cidade 6,ETANOL,2024-04-28,R$/litro,RAIZEN,4.33
S,CE,Cidade 3,ETANOL,2023-04-09,R$/litro,PETROBRAS,4.05
CO,SP,Cidade 6,DIESEL S10,2023-01-08,R$/litro,BANDEIRA BRANCA,5.54
NE,PR,Cidade 37,GNV,2024-02-04,R$/litro,PETROBRAS,4.9
S,BA,Cidade 37,DIESEL S10,2024-06-02,R$/litro,BANDEIRA BRANCA,6.18
NE,SP,Cidade 15,ETANOL,2024-06-30,R$/litro,BANDEIRA BRANCA,4.16
NE,MG,Cidade 3,GASOLINA,2023-07-02,R$/litro,IPIRANGA,5.62
NE,CE,Cidade 16,GASOLINA,2023-12-31,R$/litro,RAIZEN,5.67
N,BA,Cidade 40,GNV,2024-09-22,R$/litro,RAIZEN,5.26
S,MG,Cidade 8,DIESEL S10,2023-03-12,R$/litro,BANDEIRA BRANCA,5.93
N,MG,Cidade 40,DIESEL S10,2023-10-08,R$/litro,RAIZEN,6.37
NE,PE,Cidade 23,DIESEL S10,2024-11-24,R$/litro,IPIRANGA,6.45
CO,MG,Cidade 7,GNV,2023-05-21,R$/litro,PETROBRAS,4.53
SE,RJ,Cidade 46,GNV,2023-08-20,R$/litro,IPIRANGA,5.19
SE,BA,Cidade 26,GASOLINA,2023-12-10,R$/litro,PETROBRAS,5.52
NE,CE,Cidade 33,ETANOL,2024-05-19,R$/litro,RAIZEN,4.7
NE,RJ,Cidade 5,GASOLINA,2023-07-02,R$/litro,IPIRANGA,6.19
N,MG,Cidade 19,ETANOL,2024-08-04,R$/litro,RAIZEN,4.65
NE,RS,Cidade 31,DIESEL S10,2023-06-18,R$/litro,PETROBRAS,5.98
CO,RJ,Cidade 32,GASOLINA,2023-09-24,R$/litro,IPIRANGA,6.21
NE,PR,Cidade 4,GASOLINA,2024-02-25,R$/litro,IPIRANGA,5.92
SE,MG,Cidade 30,ETANOL,2023-01-08,R$/litro,PETROBRAS,3.73
SE,RJ,Cidade 47,DIESEL S10,2024-07-14,R$/litro,BANDEIRA BRANCA,6.34
CO,MG,Cidade 39,DIESEL S10,2024-05-05,R$/litro,RAIZEN,6.23
SE,CE,Cidade 11,GASOLINA,2024-09-01,R$/litro,BANDEIRA BRANCA,5.95
CO,CE,Cidade 45,GASOLINA,2023-07-16,R$/litro,BANDEIRA BRANCA,6.07
S,BA,Cidade 34,GNV,2023-10-15,R$/litro,PETROBRAS,4.58
SE,RS,Cidade 3,DIESEL S10,2024-10-20,R$/litro,BANDEIRA BRANCA,6.52
S,PE,Cidade 7,GNV,2023-02-19,R$/litro,PETROBRAS,4.19
N,RJ,Cidade 46,GNV,2023-12-24,R$/litro,BANDEIRA BRANCA,4.85
NE,PR,Cidade 11,GNV,2023-12-17,R$/litro,RAIZEN,4.55
N,PR,Cidade 5,DIESEL S10,2023-11-19,R$/litro,BANDEIRA BRANCA,5.91
N,PR,Cidade 23,GNV,2023-11-12,R$/litro,IPIRANGA,4.77
NE,RJ,Cidade 26,ETANOL,2024-06-30,R$/litro,PETROBRAS,4.69
N,PR,Cidade 29,GNV,2023-05-21,R$/litro,PETROBRAS,4.74
CO,BA,Cidade 33,ETANOL,2024-10-13,R$/litro,PETROBRAS,4.65
NE,CE,Cidade 49,ETANOL,2024-10-20,R$/litro,BANDEIRA BRANCA,4.5
SE,RJ,Cidade 38,DIESEL S10,2023-05-07,R$/litro,RAIZEN,5.94
NE,BA,Cidade 2,ETANOL,2024-12-15,R$/litro,PETROBRAS,4.78
CO,PE,Cidade 5,GASOLINA,2023-07-09,R$/litro,PETROBRAS,5.64
S,MG,Cidade 1,GNV,2023-02-05,R$/litro,PETROBRAS,4.74
CO,PR,Cidade 20,ETANOL,2023-10-15,R$/litro,IPIRANGA,4.48
NE,SP,Cidade 18,GNV,2024-08-04,R$/litro,RAIZEN,4.85
N,PR,Cidade 46,ETANOL,2024-09-08,R$/litro,BANDEIRA BRANCA,4.32
S,BA,Cidade 18,GNV,2024-04-14,R$/litro,RAIZEN,4.81
CO,RJ,Cidade 2,DIESEL S10,2024-08-18,R$/litro,BANDEIRA BRANCA,6.1
SE,SP,Cidade 44,GNV,2023-07-09,R$/litro,IPIRANGA,4.56
S,PR,Cidade 13,GNV,2024-10-06,R$/litro,IPIRANGA,5.44
NE,RJ,Cidade 45,GASOLINA,2024-04-07,R$/litro,RAIZEN,5.78
NE,RS,Cidade 38,GNV,2023-04-09,R$/litro,PETROBRAS,4.93
NE,SP,Cidade 44,GNV,2023-04-02,R$/litro,BANDEIRA BRANCA,4.48
SE,CE,Cidade 41,DIESEL S10,2023-07-16,R$/litro,BANDEIRA BRANCA,6.62
S,BA,Cidade 8,GNV,2023-02-19,R$/litro,PETROBRAS,4.38
SE,CE,Cidade 31,GNV,2023-07-23,R$/litro,PETROBRAS,4.66
NE,RJ,Cidade 21,DIESEL S10,2024-12-29,R$/litro,RAIZEN,6.37
S,RJ,Cidade 31,ETANOL,2023-06-25,R$/litro,RAIZEN,3.9
NE,BA,Cidade 37,GNV,2024-04-07,R$/litro,PETROBRAS,5.28
NE,BA,Cidade 25,GASOLINA,2024-12-15,R$/litro,RAIZEN,6.4
N,PE,Cidade 16,DIESEL S10,2023-07-02,R$/litro,IPIRANGA,6.33
NE,CE,Cidade 45,GNV,2024-05-26,R$/litro,RAIZEN,4.66
N,PE,Cidade 33,GNV,2023-11-26,R$/litro,IPIRANGA,4.98
NE,RJ,Cidade 44,ETANOL,2023-07-23,R$/litro,IPIRANGA,3.85
N,MG,Cidade 12,GASOLINA,2024-11-24,R$/litro,IPIRANGA,5.93
N,CE,Cidade 42,ETANOL,2024-04-21,R$/litro,PETROBRAS,4.42
S,BA,Cidade 16,GNV,2023-11-19,R$/litro,PETROBRAS,4.87
S,PE,Cidade 23,DIESEL S10,2024-08-18,R$/litro,PETROBRAS,6.48
N,BA,Cidade 43,GASOLINA,2024-10-20,R$/litro,BANDEIRA BRANCA,6.41
S,SP,Cidade 18,GASOLINA,2024-07-28,R$/litro,IPIRANGA,6.37
NE,RS,Cidade 13,ETANOL,2024-09-29,R$/litro,IPIRANGA,4.88
SE,PE,Cidade 45,ETANOL,2023-08-20,R$/litro,BANDEIRA BRANCA,3.82
NE,PR,Cidade 48,GASOLINA,2023-09-10,R$/litro,BANDEIRA BRANCA,6.22
NE,RJ,Cidade 16,ETANOL,2023-06-18,R$/litro,PETROBRAS,4.53
N,RJ,Cidade 16,ETANOL,2024-05-26,R$/litro,IPIRANGA,4.3
NE,PE,Cidade 12,GASOLINA,2024-08-11,R$/litro,IPIRANGA,5.75
S,CE,Cidade 2,GASOLINA,2024-04-28,R$/litro,BANDEIRA BRANCA,5.72
CO,PE,Cidade 28,DIESEL S10,2024-03-10,R$/litro,RAIZEN,6.2
NE,SP,Cidade 13,GNV,2024-07-14,R$/litro,RAIZEN,5.54
CO,BA,Cidade 42,GNV,2023-05-14,R$/litro,PETROBRAS,4.63
N,PE,Cidade 9,DIESEL S10,2023-09-24,R$/litro,IPIRANGA,6.0
NE,PR,Cidade 32,GASOLINA,2024-06-02,R$/litro,PETROBRAS,5.93
CO,BA,Cidade 25,GNV,2023-02-05,R$/litro,RAIZEN,4.2
SE,RS,Cidade 30,GNV,2024-10-27,R$/litro,BANDEIRA BRANCA,5.36
CO,RJ,Cidade 6,ETANOL,2023-04-30,R$/litro,BANDEIRA BRANCA,3.99
CO,MG,Cidade 23,ETANOL,2024-07-28,R$/litro,IPIRANGA,4.98
NE,PR,Cidade 31,GASOLINA,2024-03-24,R$/litro,IPIRANGA,6.19
N,SP,Cidade 17,GNV,2024-09-15,R$/litro,BANDEIRA BRANCA,5.3
NE,SP,Cidade 43,GNV,2024-07-21,R$/litro,IPIRANGA,4.98
S,RS,Cidade 26,GASOLINA,2024-01-14,R$/litro,BANDEIRA BRANCA,5.69
N,PE,Cidade 18,DIESEL S10,2024-07-07,R$/litro,RAIZEN,6.21
S,PR,Cidade 2,ETANOL,2023-09-10,R$/litro,IPIRANGA,3.8
S,BA,Cidade 9,DIESEL S10,2024-03-03,R$/litro,RAIZEN,6.54
NE,BA,Cidade 24,GASOLINA,2024-11-03,R$/litro,PETROBRAS,6.15
CO,SP,Cidade 20,GNV,2023-02-26,R$/litro,IPIRANGA,4.79
S,MG,Cidade 43,ETANOL,2023-09-17,R$/litro,IPIRANGA,4.18
NE,SP,Cidade 39,GNV,2023-01-08,R$/litro,BANDEIRA BRANCA,4.43
SE,PE,Cidade 8,GASOLINA,2024-01-28,R$/litro,RAIZEN,5.68
SE,PE,Cidade 29,DIESEL S10,2024-07-28,R$/litro,IPIRANGA,6.53
SE,MG,Cidade 23,ETANOL,2023-01-29,R$/litro,BANDEIRA BRANCA,3.87
SE,MG,Cidade 5,GNV,2024-02-04,R$/litro,IPIRANGA,5.11
CO,MG,Cidade 33,DIESEL S10,2023-10-29,R$/litro,BANDEIRA BRANCA,6.01
CO,CE,Cidade 27,DIESEL S10,2024-07-28,R$/litro,RAIZEN,6.6
CO,RS,Cidade 5,GASOLINA,2023-06-11,R$/litro,BANDEIRA BRANCA,6.16
SE,PE,Cidade 23,DIESEL S10,2023-04-30,R$/litro,BANDEIRA BRANCA,6.08
SE,RS,Cidade 36,GASOLINA,2023-03-05,R$/litro,IPIRANGA,5.86
S,PR,Cidade 17,ETANOL,2023-10-22,R$/litro,IPIRANGA,4.32
NE,BA,Cidade 18,GASOLINA,2023-12-24,R$/litro,BANDEIRA BRANCA,6.42
S,MG,Cidade 6,GASOLINA,2024-11-03,R$/litro,PETROBRAS,6.34
NE,CE,Cidade 11,DIESEL S10,2023-12-03,R$/litro,BANDEIRA BRANCA,6.4
SE,PR,Cidade 49,GASOLINA,2023-05-07,R$/litro,PETROBRAS,5.71
N,PE,Cidade 31,DIESEL S10,2024-05-26,R$/litro,BANDEIRA BRANCA,6.2
S,CE,Cidade 9,GNV,2023-02-12,R$/litro,RAIZEN,4.24
SE,RJ,Cidade 24,GASOLINA,2023-09-10,R$/litro,RAIZEN,6.16
N,SP,Cidade 10,DIESEL S10,2024-04-21,R$/litro,IPIRANGA,6.1
CO,BA,Cidade 22,ETANOL,2023-07-02,R$/litro,RAIZEN,4.26
SE,MG,Cidade 8,ETANOL,2024-03-10,R$/litro,IPIRANGA,4.42
NE,RS,Cidade 31,DIESEL S10,2023-11-26,R$/litro,IPIRANGA,6.44
CO,RJ,Cidade 28,DIESEL S10,2024-11-24,R$/litro,PETROBRAS,6.44
N,RS,Cidade 32,DIESEL S10,2023-07-30,R$/litro,PETROBRAS,5.9
CO,RS,Cidade 22,GASOLINA,2024-10-27,R$/litro,BANDEIRA BRANCA,6.33
NE,MG,Cidade 15,DIESEL S10,2024-03-31,R$/litro,RAIZEN,6.26
S,PR,Cidade 13,ETANOL,2024-06-30,R$/litro,IPIRANGA,4.12
N,BA,Cidade 11,ETANOL,2023-04-30,R$/litro,BANDEIRA BRANCA,4.5
SE,RS,Cidade 22,GNV,2023-01-15,R$/litro,RAIZEN,4.32
S,SP,Cidade 23,GASOLINA,2024-06-16,R$/litro,RAIZEN,5.86
N,BA,Cidade 34,ETANOL,2023-12-17,R$/litro,PETROBRAS,4.18
N,RJ,Cidade 3,ETANOL,2023-08-13,R$/litro,RAIZEN,4.43
SE,MG,Cidade 14,GASOLINA,2024-10-20,R$/litro,PETROBRAS,5.69
NE,RS,Cidade 42,GNV,2023-08-27,R$/litro,RAIZEN,5.02
S,RJ,Cidade 45,ETANOL,2023-11-12,R$/litro,PETROBRAS,3.97
NE,RS,Cidade 46,DIESEL S10,2024-06-16,R$/litro,RAIZEN,6.48
CO,MG,Cidade 16,ETANOL,2024-12-08,R$/litro,IPIRANGA,4.41
SE,PE,Cidade 7,GNV,2024-10-20,R$/litro,PETROBRAS,5.63
CO,PE,Cidade 10,DIESEL S10,2024-04-21,R$/litro,IPIRANGA,6.39
NE,SP,Cidade 7,ETANOL,2023-03-19,R$/litro,PETROBRAS,3.8
N,BA,Cidade 47,GNV,2023-03-19,R$/litro,PETROBRAS,4.5
NE,PR,Cidade 44,GNV,2024-05-19,R$/litro,BANDEIRA BRANCA,5.01
S,RS,Cidade 40,DIESEL S10,2024-01-07,R$/litro,IPIRANGA,6.3
N,RS,Cidade 36,GASOLINA,2023-04-02,R$/litro,IPIRANGA,5.8
N,PE,Cidade 17,DIESEL S10,2024-05-26,R$/litro,PETROBRAS,6.39
SE,RS,Cidade 24,DIESEL S10,2024-11-17,R$/litro,IPIRANGA,6.21
N,SP,Cidade 42,ETANOL,2023-02-12,R$/litro,IPIRANGA,3.86
N,MG,Cidade 40,GASOLINA,2024-08-25,R$/litro,RAIZEN,6.33
S,MG,Cidade 26,DIESEL S10,2023-09-10,R$/litro,PETROBRAS,5.97
CO,RS,Cidade 42,GNV,2023-10-15,R$/litro,BANDEIRA BRANCA,4.94
N,RJ,Cidade 17,ETANOL,2024-06-09,R$/litro,PETROBRAS,4.41
S,RJ,Cidade 21,ETANOL,2023-06-25,R$/litro,RAIZEN,4.01
SE,CE,Cidade 42,GASOLINA,2023-04-23,R$/litro,PETROBRAS,6.01
N,RJ,Cidade 19,DIESEL S10,2024-12-08,R$/litro,BANDEIRA BRANCA,6.14
S,PR,Cidade 37,GNV,2023-09-10,R$/litro,RAIZEN,4.57
N,PR,Cidade 23,GNV,2023-04-30,R$/litro,BANDEIRA BRANCA,4.92
NE,BA,Cidade 15,ETANOL,2024-05-19,R$/litro,BANDEIRA BRANCA,4.84
NE,CE,Cidade 11,GASOLINA,2023-06-04,R$/litro,BANDEIRA BRANCA,6.32
SE,SP,Cidade 30,ETANOL,2024-07-21,R$/litro,RAIZEN,4.46
N,MG,Cidade 24,GNV,2023-02-19,R$/litro,BANDEIRA BRANCA,4.66
SE,RJ,Cidade 19,GASOLINA,2024-01-14,R$/litro,PETROBRAS,6.17
NE,BA,Cidade 37,GASOLINA,2023-10-22,R$/litro,RAIZEN,6.2
CO,PR,Cidade 1,GNV,2024-12-01,R$/litro,BANDEIRA BRANCA,5.25
CO,CE,Cidade 5,DIESEL S10,2024-01-14,R$/litro,IPIRANGA,6.49
CO,RS,Cidade 48,GASOLINA,2024-11-10,R$/litro,BANDEIRA BRANCA,6.37
CO,RJ,Cidade 33,GASOLINA,2023-07-02,R$/litro,RAIZEN,5.91
NE,CE,Cidade 27,ETANOL,2023-12-10,R$/litro,IPIRANGA,4.0
S,PR,Cidade 1,DIESEL S10,2024-08-18,R$/litro,IPIRANGA,6.39
CO,PE,Cidade 30,GNV,2023-04-23,R$/litro,PETROBRAS,4.48
CO,RS,Cidade 22,GNV,2024-11-10,R$/litro,BANDEIRA BRANCA,4.85
CO,RS,Cidade 30,ETANOL,2024-07-21,R$/litro,RAIZEN,4.03
N,RS,Cidade 3,ETANOL,2024-05-12,R$/litro,IPIRANGA,4.27
SE,PR,Cidade 27,GNV,2023-06-25,R$/litro,BANDEIRA BRANCA,4.6
NE,RJ,Cidade 29,GNV,2024-08-18,R$/litro,PETROBRAS,5.1
NE,CE,Cidade 15,GASOLINA,2024-09-08,R$/litro,BANDEIRA BRANCA,6.33
CO,RJ,Cidade 3,DIESEL S10,2023-07-30,R$/litro,IPIRANGA,6.15
S,RS,Cidade 48,DIESEL S10,2024-03-03,R$/litro,RAIZEN,6.25
S,MG,Cidade 35,GASOLINA,2023-02-12,R$/litro,PETROBRAS,5.41
SE,PR,Cidade 31,GNV,2023-10-15,R$/litro,RAIZEN,4.99
CO,PR,Cidade 38,ETANOL,2023-04-16,R$/litro,RAIZEN,3.98
N,CE,Cidade 33,DIESEL S10,2024-02-11,R$/litro,BANDEIRA BRANCA,6.18
SE,PE,Cidade 7,ETANOL,2024-02-04,R$/litro,IPIRANGA,4.24
NE,RJ,Cidade 23,DIESEL S10,2024-01-21,R$/litro,PETROBRAS,6.09
NE,RJ,Cidade 44,GNV,2024-05-12,R$/litro,PETROBRAS,4.84
NE,CE,Cidade 15,ETANOL,2024-11-10,R$/litro,PETROBRAS,4.41
CO,RS,Cidade 48,ETANOL,2023-05-21,R$/litro,IPIRANGA,3.96
SE,SP,Cidade 4,GNV,2023-06-04,R$/litro,BANDEIRA BRANCA,4.81
S,PE,Cidade 17,GNV,2023-06-04,R$/litro,PETROBRAS,4.75
SE,PR,Cidade 18,GNV,2024-11-10,R$/litro,PETROBRAS,5.54
S,SP,Cidade 31,GNV,2023-03-05,R$/litro,PETROBRAS,4.86
CO,PE,Cidade 9,DIESEL S10,2023-01-22,R$/litro,IPIRANGA,6.41
CO,BA,Cidade 12,GNV,2023-04-23,R$/litro,RAIZEN,4.75
SE,BA,Cidade 33,GNV,2024-07-14,R$/litro,IPIRANGA,5.17
N,PE,Cidade 14,GASOLINA,2024-02-25,R$/litro,IPIRANGA,5.88
S,RS,Cidade 44,DIESEL S10,2024-11-03,R$/litro,PETROBRAS,6.75
SE,RS,Cidade 43,GASOLINA,2023-05-28,R$/litro,BANDEIRA BRANCA,5.58
S,BA,Cidade 15,DIESEL S10,2023-10-15,R$/litro,PETROBRAS,5.81
SE,RJ,Cidade 28,ETANOL,2024-02-11,R$/litro,PETROBRAS,4.67
NE,RJ,Cidade 17,ETANOL,2023-02-19,R$/litro,RAIZEN,3.63
CO,PE,Cidade 17,GNV,2024-11-03,R$/litro,BANDEIRA BRANCA,5.25
NE,RJ,Cidade 33,DIESEL S10,2024-08-11,R$/litro,IPIRANGA,6.24
N,BA,Cidade 15,DIESEL S10,2023-04-16,R$/litro,PETROBRAS,6.28
NE,MG,Cidade 8,GNV,2024-09-08,R$/litro,RAIZEN,5.41
SE,RJ,Cidade 13,GASOLINA,2023-11-26,R$/litro,IPIRANGA,6.05
SE,BA,Cidade 46,DIESEL S10,2023-09-03,R$/litro,IPIRANGA,6.45
S,PE,Cidade 13,GASOLINA,2024-11-24,R$/litro,BANDEIRA BRANCA,6.27
S,RS,Cidade 18,GASOLINA,2024-01-14,R$/litro,BANDEIRA BRANCA,6.52
CO,RJ,Cidade 31,GASOLINA,2023-06-11,R$/litro,IPIRANGA,5.94
CO,RJ,Cidade 5,DIESEL S10,2024-08-11,R$/litro,RAIZEN,6.24
CO,RJ,Cidade 14,DIESEL S10,2024-06-09,R$/litro,RAIZEN,6.42
N,CE,Cidade 9,GNV,2023-05-21,R$/litro,BANDEIRA BRANCA,4.6
NE,MG,Cidade 46,ETANOL,2024-05-12,R$/litro,BANDEIRA BRANCA,4.31
N,MG,Cidade 46,GNV,2024-04-07,R$/litro,IPIRANGA,4.53
NE,SP,Cidade 38,ETANOL,2023-07-16,R$/litro,PETROBRAS,4.18
N,RS,Cidade 13,GASOLINA,2023-11-12,R$/litro,PETROBRAS,5.56
N,CE,Cidade 31,GASOLINA,2024-09-08,R$/litro,PETROBRAS,5.56
N,RS,Cidade 33,GASOLINA,2023-05-07,R$/litro,BANDEIRA BRANCA,5.63
N,PR,Cidade 43,ETANOL,2024-06-09,R$/litro,RAIZEN,4.21
SE,RJ,Cidade 8,ETANOL,2024-09-01,R$/litro,BANDEIRA BRANCA,4.27
N,RJ,Cidade 37,GNV,2024-11-17,R$/litro,PETROBRAS,4.38
S,PR,Cidade 10,GASOLINA,2023-08-27,R$/litro,PETROBRAS,5.62
N,SP,Cidade 28,ETANOL,2023-07-09,R$/litro,PETROBRAS,4.04
NE,RS,Cidade 44,GNV,2024-11-17,R$/litro,RAIZEN,5.0
CO,MG,Cidade 4,GASOLINA,2023-12-03,R$/litro,PETROBRAS,6.02
S,SP,Cidade 8,ETANOL,2024-02-18,R$/litro,RAIZEN,4.64
CO,BA,Cidade 40,GASOLINA,2024-01-07,R$/litro,BANDEIRA BRANCA,6.08
CO,CE,Cidade 1,DIESEL S10,2024-01-14,R$/litro,PETROBRAS,6.52
S,SP,Cidade 34,GNV,2024-03-31,R$/litro,RAIZEN,5.21
NE,PE,Cidade 25,GASOLINA,2023-11-05,R$/litro,RAIZEN,5.64
NE,BA,Cidade 17,ETANOL,2023-10-15,R$/litro,BANDEIRA BRANCA,4.28
N,PR,Cidade 43,ETANOL,2023-10-22,R$/litro,PETROBRAS,4.43
N,SP,Cidade 42,GNV,2024-04-21,R$/litro,PETROBRAS,4.85
CO,PE,Cidade 16,GNV,2024-08-18,R$/litro,PETROBRAS,4.87
S,SP,Cidade 1,GASOLINA,2024-02-11,R$/litro,RAIZEN,6.12
NE,CE,Cidade 7,ETANOL,2024-05-12,R$/litro,BANDEIRA BRANCA,4.01
NE,PR,Cidade 6,GNV,2023-10-29,R$/litro,PETROBRAS,4.52
CO,MG,Cidade 49,GASOLINA,2024-07-21,R$/litro,IPIRANGA,5.98
S,SP,Cidade 30,GNV,2023-10-15,R$/litro,RAIZEN,4.89
NE,BA,Cidade 34,GASOLINA,2023-11-05,R$/litro,BANDEIRA BRANCA,5.95
SE,SP,Cidade 12,DIESEL S10,2023-02-05,R$/litro,BANDEIRA BRANCA,6.19
CO,BA,Cidade 42,GNV,2023-07-09,R$/litro,RAIZEN,4.45
S,PE,Cidade 36,DIESEL S10,2024-06-23,R$/litro,BANDEIRA BRANCA,6.17
S,MG,Cidade 37,GNV,2023-03-05,R$/litro,BANDEIRA BRANCA,4.69
NE,RJ,Cidade 23,DIESEL S10,2023-06-11,R$/litro,BANDEIRA BRANCA,5.85
NE,RJ,Cidade 35,GASOLINA,2024-07-21,R$/litro,IPIRANGA,5.99
CO,RJ,Cidade 27,DIESEL S10,2024-09-29,R$/litro,IPIRANGA,6.05
NE,SP,Cidade 19,DIESEL S10,2023-10-29,R$/litro,IPIRANGA,6.26
NE,RJ,Cidade 30,ETANOL,2023-10-22,R$/litro,BANDEIRA BRANCA,4.57
SE,PR,Cidade 16,GASOLINA,2024-01-07,R$/litro,IPIRANGA,5.7
SE,MG,Cidade 47,DIESEL S10,2024-07-14,R$/litro,BANDEIRA BRANCA,6.69
S,PE,Cidade 36,DIESEL S10,2023-12-10,R$/litro,RAIZEN,6.21
CO,PE,Cidade 37,GNV,2023-05-07,R$/litro,PETROBRAS,4.18
CO,PE,Cidade 36,GASOLINA,2023-11-12,R$/litro,IPIRANGA,5.68
N,BA,Cidade 22,DIESEL S10,2023-07-02,R$/litro,PETROBRAS,5.84
N,MG,Cidade 47,GNV,2024-05-12,R$/litro,RAIZEN,4.9
S,CE,Cidade 11,GNV,2023-04-09,R$/litro,IPIRANGA,4.7
SE,RJ,Cidade 28,GNV,2024-03-17,R$/litro,IPIRANGA,5.39
SE,RS,Cidade 4,GASOLINA,2023-04-02,R$/litro,PETROBRAS,5.33
S,RS,Cidade 15,GASOLINA,2024-12-15,R$/litro,PETROBRAS,6.16
S,PR,Cidade 29,DIESEL S10,2024-04-14,R$/litro,BANDEIRA BRANCA,6.13
SE,BA,Cidade 24,ETANOL,2023-04-09,R$/litro,BANDEIRA BRANCA,3.68
S,PE,Cidade 47,GASOLINA,2024-12-01,R$/litro,IPIRANGA,6.3
SE,CE,Cidade 31,GASOLINA,2024-02-25,R$/litro,BANDEIRA BRANCA,6.0
N,RS,Cidade 21,GASOLINA,2024-03-17,R$/litro,RAIZEN,5.57
CO,PE,Cidade 21,ETANOL,2023-02-12,R$/litro,IPIRANGA,3.94
N,RJ,Cidade 30,DIESEL S10,2023-05-14,R$/litro,IPIRANGA,5.73
NE,CE,Cidade 39,GASOLINA,2024-08-11,R$/litro,RAIZEN,6.17
NE,RJ,Cidade 14,GASOLINA,2023-12-10,R$/litro,BANDEIRA BRANCA,6.25
S,PE,Cidade 29,ETANOL,2024-03-24,R$/litro,IPIRANGA,4.45
SE,RS,Cidade 29,GNV,2024-12-22,R$/litro,IPIRANGA,5.24
NE,CE,Cidade 1,GNV,2023-11-05,R$/litro,BANDEIRA BRANCA,4.66
NE,RJ,Cidade 45,ETANOL,2023-10-01,R$/litro,RAIZEN,4.18
SE,RS,Cidade 28,GASOLINA,2024-08-11,R$/litro,IPIRANGA,6.3
NE,CE,Cidade 12,GASOLINA,2023-02-12,R$/litro,IPIRANGA,5.76
S,SP,Cidade 32,GNV,2023-11-26,R$/litro,RAIZEN,4.79
SE,MG,Cidade 34,ETANOL,2024-09-15,R$/litro,PETROBRAS,4.55
N,SP,Cidade 45,GASOLINA,2023-06-11,R$/litro,PETROBRAS,5.43
NE,MG,Cidade 2,GNV,2023-08-06,R$/litro,RAIZEN,4.52
N,RS,Cidade 21,DIESEL S10,2023-12-10,R$/litro,PETROBRAS,6.41
N,BA,Cidade 9,ETANOL,2023-02-19,R$/litro,RAIZEN,4.16
CO,MG,Cidade 29,ETANOL,2023-02-19,R$/litro,BANDEIRA BRANCA,3.97
CO,RJ,Cidade 25,GASOLINA,2023-07-02,R$/litro,PETROBRAS,6.14
N,RJ,Cidade 24,GNV,2024-10-20,R$/litro,IPIRANGA,5.26
CO,CE,Cidade 49,GNV,2023-06-11,R$/litro,BANDEIRA BRANCA,4.6
NE,CE,Cidade 27,GASOLINA,2024-06-16,R$/litro,PETROBRAS,5.81
CO,RJ,Cidade 21,DIESEL S10,2023-11-05,R$/litro,BANDEIRA BRANCA,6.56
N,RJ,Cidade 4,GASOLINA,2024-07-07,R$/litro,PETROBRAS,6.32
N,SP,Cidade 15,ETANOL,2023-08-27,R$/litro,BANDEIRA BRANCA,4.58
CO,CE,Cidade 44,DIESEL S10,2024-09-29,R$/litro,IPIRANGA,7.05
NE,PR,Cidade 23,GASOLINA,2023-09-24,R$/litro,PETROBRAS,5.53
N,PE,Cidade 45,DIESEL S10,2024-08-04,R$/litro,RAIZEN,6.14
S,MG,Cidade 27,GASOLINA,2024-09-01,R$/litro,PETROBRAS,5.47
CO,PR,Cidade 27,DIESEL S10,2023-11-12,R$/litro,IPIRANGA,6.43
N,SP,Cidade 22,ETANOL,2024-05-05,R$/litro,RAIZEN,4.53
N,PR,Cidade 28,GASOLINA,2023-03-26,R$/litro,RAIZEN,5.7
NE,BA,Cidade 4,GNV,2023-12-31,R$/litro,IPIRANGA,4.54
CO,MG,Cidade 3,ETANOL,2023-10-01,R$/litro,BANDEIRA BRANCA,4.14
SE,PR,Cidade 24,GNV,2024-12-01,R$/litro,IPIRANGA,5.22
SE,PR,Cidade 30,GNV,2024-11-17,R$/litro,IPIRANGA,5.35
NE,RS,Cidade 27,GASOLINA,2024-07-28,R$/litro,IPIRANGA,6.22
N,RJ,Cidade 22,DIESEL S10,2024-11-24,R$/litro,BANDEIRA BRANCA,6.73
CO,SP,Cidade 15,ETANOL,2024-12-15,R$/litro,RAIZEN,4.55
NE,CE,Cidade 35,DIESEL S10,2024-07-14,R$/litro,PETROBRAS,6.73
N,MG,Cidade 30,DIESEL S10,2024-03-10,R$/litro,BANDEIRA BRANCA,6.47
NE,MG,Cidade 3,ETANOL,2023-05-28,R$/litro,IPIRANGA,3.74
CO,PR,Cidade 23,DIESEL S10,2024-08-18,R$/litro,IPIRANGA,6.82
N,MG,Cidade 35,ETANOL,2023-05-21,R$/litro,PETROBRAS,4.34
NE,RS,Cidade 39,GNV,2023-05-14,R$/litro,BANDEIRA BRANCA,4.74
CO,PR,Cidade 15,GNV,2024-10-06,R$/litro,PETROBRAS,5.19
SE,BA,Cidade 46,GASOLINA,2023-03-26,R$/litro,BANDEIRA BRANCA,6.1
CO,PR,Cidade 32,DIESEL S10,2023-04-09,R$/litro,PETROBRAS,5.59
SE,SP,Cidade 22,GNV,2024-01-07,R$/litro,RAIZEN,5.17
S,RS,Cidade 31,GASOLINA,2024-03-03,R$/litro,PETROBRAS,5.89
CO,RS,Cidade 43,DIESEL S10,2023-01-29,R$/litro,IPIRANGA,6.2
N,PR,Cidade 12,GNV,2023-10-01,R$/litro,BANDEIRA BRANCA,4.79
CO,RJ,Cidade 8,GASOLINA,2023-06-11,R$/litro,RAIZEN,5.44
N,RJ,Cidade 22,DIESEL S10,2023-08-06,R$/litro,RAIZEN,5.98
N,PE,Cidade 5,GNV,2023-05-07,R$/litro,PETROBRAS,4.88
S,PR,Cidade 41,ETANOL,2024-05-12,R$/litro,BANDEIRA BRANCA,4.32
SE,PE,Cidade 48,GASOLINA,2023-12-10,R$/litro,IPIRANGA,5.77
SE,MG,Cidade 30,ETANOL,2024-12-01,R$/litro,RAIZEN,4.41
S,CE,Cidade 49,ETANOL,2023-01-01,R$/litro,BANDEIRA BRANCA,4.06
SE,MG,Cidade 4,DIESEL S10,2024-07-21,R$/litro,RAIZEN,6.88
NE,PR,Cidade 31,ETANOL,2024-10-27,R$/litro,RAIZEN,4.0
N,RJ,Cidade 22,ETANOL,2023-12-24,R$/litro,PETROBRAS,4.94
CO,CE,Cidade 14,GNV,2024-05-26,R$/litro,IPIRANGA,5.04
NE,MG,Cidade 16,DIESEL S10,2023-11-19,R$/litro,RAIZEN,6.35
CO,PE,Cidade 27,GNV,2024-03-10,R$/litro,PETROBRAS,4.81
CO,MG,Cidade 32,DIESEL S10,2024-10-27,R$/litro,IPIRANGA,6.54
CO,PE,Cidade 9,GNV,2024-01-21,R$/litro,BANDEIRA BRANCA,4.92
NE,RS,Cidade 31,GASOLINA,2024-02-25,R$/litro,BANDEIRA BRANCA,5.74
S,SP,Cidade 46,GNV,2024-12-22,R$/litro,BANDEIRA BRANCA,4.99
CO,RJ,Cidade 1,GNV,2023-12-31,R$/litro,BANDEIRA BRANCA,5.15
S,PR,Cidade 44,GASOLINA,2023-05-07,R$/litro,BANDEIRA BRANCA,5.33
NE,RJ,Cidade 30,ETANOL,2024-05-12,R$/litro,PETROBRAS,4.49
SE,MG,Cidade 17,ETANOL,2024-05-19,R$/litro,BANDEIRA BRANCA,4.29
N,BA,Cidade 37,ETANOL,2023-06-18,R$/litro,RAIZEN,3.82
N,MG,Cidade 31,GNV,2024-06-16,R$/litro,BANDEIRA BRANCA,5.5
SE,RJ,Cidade 38,DIESEL S10,2023-02-12,R$/litro,RAIZEN,5.7
S,BA,Cidade 4,GASOLINA,2023-08-20,R$/litro,PETROBRAS,5.54
NE,PR,Cidade 3,DIESEL S10,2024-09-15,R$/litro,RAIZEN,6.45
NE,PR,Cidade 32,GNV,2024-03-24,R$/litro,BANDEIRA BRANCA,4.74
CO,CE,Cidade 15,ETANOL,2024-03-17,R$/litro,PETROBRAS,4.32
S,SP,Cidade 12,GNV,2024-03-31,R$/litro,RAIZEN,4.98
CO,RS,Cidade 21,DIESEL S10,2023-04-30,R$/litro,RAIZEN,6.07
NE,RJ,Cidade 36,GNV,2024-12-01,R$/litro,IPIRANGA,5.14
CO,CE,Cidade 9,GNV,2023-08-06,R$/litro,BANDEIRA BRANCA,4.53
S,BA,Cidade 48,GASOLINA,2024-07-28,R$/litro,PETROBRAS,6.31
SE,SP,Cidade 21,GNV,2024-12-22,R$/litro,IPIRANGA,5.16
SE,PR,Cidade 8,GASOLINA,2023-06-25,R$/litro,BANDEIRA BRANCA,5.64
S,SP,Cidade 4,GNV,2024-04-07,R$/litro,RAIZEN,5.31
CO,MG,Cidade 43,GNV,2023-01-29,R$/litro,PETROBRAS,4.5
SE,PR,Cidade 6,ETANOL,2024-04-07,R$/litro,PETROBRAS,4.62
S,BA,Cidade 21,GASOLINA,2023-11-19,R$/litro,RAIZEN,6.22
SE,PE,Cidade 33,ETANOL,2023-02-19,R$/litro,BANDEIRA BRANCA,4.27
CO,BA,Cidade 26,ETANOL,2024-05-05,R$/litro,PETROBRAS,4.54
N,PE,Cidade 13,DIESEL S10,2024-12-08,R$/litro,PETROBRAS,6.58
N,BA,Cidade 6,GASOLINA,2023-02-26,R$/litro,IPIRANGA,5.64
N,SP,Cidade 35,GASOLINA,2024-10-13,R$/litro,PETROBRAS,6.16
N,SP,Cidade 25,ETANOL,2024-09-08,R$/litro,PETROBRAS,3.95
N,PE,Cidade 3,GNV,2024-02-04,R$/litro,IPIRANGA,5.06
SE,SP,Cidade 9,ETANOL,2024-10-20,R$/litro,RAIZEN,4.59
CO,RS,Cidade 28,ETANOL,2023-08-13,R$/litro,BANDEIRA BRANCA,4.32
N,SP,Cidade 9,GASOLINA,2024-06-09,R$/litro,IPIRANGA,6.07
N,MG,Cidade 20,ETANOL,2024-05-26,R$/litro,RAIZEN,4.56
S,BA,Cidade 7,ETANOL,2024-02-25,R$/litro,BANDEIRA BRANCA,3.96
CO,RJ,Cidade 40,ETANOL,2024-09-01,R$/litro,PETROBRAS,4.19
S,RS,Cidade 31,ETANOL,2024-10-06,R$/litro,BANDEIRA BRANCA,3.9
SE,CE,Cidade 39,ETANOL,2024-07-28,R$/litro,PETROBRAS,4.42
CO,SP,Cidade 3,DIESEL S10,2024-03-03,R$/litro,RAIZEN,6.12
S,SP,Cidade 19,ETANOL,2024-12-15,R$/litro,BANDEIRA BRANCA,4.36
SE,MG,Cidade 14,GNV,2024-02-11,R$/litro,BANDEIRA BRANCA,4.97
N,PE,Cidade 31,DIESEL S10,2024-04-07,R$/litro,IPIRANGA,6.24
S,RS,Cidade 41,DIESEL S10,2023-05-14,R$/litro,RAIZEN,5.67
CO,PR,Cidade 12,DIESEL S10,2023-08-20,R$/litro,PETROBRAS,6.76
NE,SP,Cidade 38,GNV,2024-10-20,R$/litro,IPIRANGA,5.12
SE,PR,Cidade 29,ETANOL,2023-12-31,R$/litro,BANDEIRA BRANCA,3.98
CO,SP,Cidade 41,GNV,2024-01-07,R$/litro,PETROBRAS,4.69
NE,PR,Cidade 4,GASOLINA,2024-08-18,R$/litro,PETROBRAS,6.13
S,RJ,Cidade 49,GASOLINA,2023-08-27,R$/litro,RAIZEN,5.78
N,PE,Cidade 22,GNV,2023-07-09,R$/litro,RAIZEN,5.01
NE,MG,Cidade 14,GNV,2023-01-01,R$/litro,IPIRANGA,4.48
SE,RJ,Cidade 9,GASOLINA,2023-06-18,R$/litro,PETROBRAS,6.22
N,MG,Cidade 49,DIESEL S10,2024-01-07,R$/litro,PETROBRAS,6.15
NE,SP,Cidade 44,DIESEL S10,2024-06-16,R$/litro,RAIZEN,6.52
N,RJ,Cidade 7,GASOLINA,2023-08-27,R$/litro,IPIRANGA,6.08
CO,BA,Cidade 22,DIESEL S10,2023-11-19,R$/litro,BANDEIRA BRANCA,6.51
N,MG,Cidade 36,DIESEL S10,2023-06-11,R$/litro,IPIRANGA,6.38
N,MG,Cidade 29,DIESEL S10,2024-08-18,R$/litro,IPIRANGA,6.4
S,PE,Cidade 10,DIESEL S10,2024-01-21,R$/litro,PETROBRAS,6.27
S,SP,Cidade 18,GNV,2023-04-16,R$/litro,RAIZEN,3.98
NE,RS,Cidade 19,GASOLINA,2024-03-24,R$/litro,IPIRANGA,5.98
CO,RJ,Cidade 15,DIESEL S10,2023-09-03,R$/litro,BANDEIRA BRANCA,6.41
NE,RS,Cidade 48,ETANOL,2024-09-22,R$/litro,IPIRANGA,4.73
S,MG,Cidade 10,GNV,2023-07-16,R$/litro,BANDEIRA BRANCA,4.67
N,SP,Cidade 35,ETANOL,2024-09-22,R$/litro,IPIRANGA,4.93
CO,SP,Cidade 45,GNV,2024-05-26,R$/litro,IPIRANGA,4.89
CO,PE,Cidade 39,DIESEL S10,2023-04-09,R$/litro,IPIRANGA,5.81
S,SP,Cidade 40,GASOLINA,2024-07-07,R$/litro,IPIRANGA,6.01
N,PE,Cidade 8,GNV,2024-06-09,R$/litro,IPIRANGA,4.72
NE,CE,Cidade 7,GASOLINA,2023-11-26,R$/litro,BANDEIRA BRANCA,6.07
NE,RS,Cidade 39,ETANOL,2023-04-23,R$/litro,RAIZEN,4.08
S,MG,Cidade 37,ETANOL,2023-12-17,R$/litro,PETROBRAS,4.39
SE,PE,Cidade 37,DIESEL S10,2024-03-17,R$/litro,PETROBRAS,6.22
S,CE,Cidade 21,ETANOL,2023-04-02,R$/litro,PETROBRAS,3.97
NE,SP,Cidade 26,DIESEL S10,2023-09-03,R$/litro,RAIZEN,5.59
CO,CE,Cidade 1,DIESEL S10,2024-05-26,R$/litro,PETROBRAS,6.48
CO,CE,Cidade 15,GASOLINA,2024-02-11,R$/litro,IPIRANGA,6.01
SE,RJ,Cidade 26,GASOLINA,2024-12-29,R$/litro,BANDEIRA BRANCA,6.02
N,SP,Cidade 7,ETANOL,2023-06-04,R$/litro,PETROBRAS,4.02
SE,PR,Cidade 7,GASOLINA,2024-07-21,R$/litro,PETROBRAS,6.08
N,SP,Cidade 3,GNV,2023-11-05,R$/litro,PETROBRAS,5.24
S,BA,Cidade 11,ETANOL,2023-06-11,R$/litro,IPIRANGA,3.79
NE,SP,Cidade 49,ETANOL,2024-11-24,R$/litro,PETROBRAS,4.65
N,PR,Cidade 35,DIESEL S10,2024-03-31,R$/litro,RAIZEN,6.06
NE,RJ,Cidade 47,GNV,2024-01-28,R$/litro,RAIZEN,4.74
CO,SP,Cidade 13,DIESEL S10,2023-07-30,R$/litro,PETROBRAS,6.17
NE,SP,Cidade 30,DIESEL S10,2024-10-06,R$/litro,RAIZEN,6.46
CO,RJ,Cidade 44,GNV,2023-01-22,R$/litro,IPIRANGA,4.52
N,BA,Cidade 18,GNV,2023-03-26,R$/litro,PETROBRAS,4.66
S,SP,Cidade 33,GASOLINA,2023-05-07,R$/litro,IPIRANGA,5.6
N,PE,Cidade 34,GASOLINA,2024-04-21,R$/litro,RAIZEN,6.28
NE,BA,Cidade 41,ETANOL,2023-03-12,R$/litro,PETROBRAS,3.89
NE,MG,Cidade 48,GNV,2024-08-04,R$/litro,BANDEIRA BRANCA,5.03
SE,CE,Cidade 31,GNV,2023-05-21,R$/litro,BANDEIRA BRANCA,4.72
SE,PR,Cidade 29,DIESEL S10,2024-05-12,R$/litro,PETROBRAS,6.43
NE,PR,Cidade 43,DIESEL S10,2024-08-04,R$/litro,PETROBRAS,6.62
SE,RJ,Cidade 34,GASOLINA,2024-10-06,R$/litro,IPIRANGA,6.3
CO,PR,Cidade 18,DIESEL S10,2023-07-30,R$/litro,BANDEIRA BRANCA,6.22
CO,BA,Cidade 31,GASOLINA,2023-02-19,R$/litro,PETROBRAS,5.57
N,CE,Cidade 27,DIESEL S10,2024-07-07,R$/litro,IPIRANGA,6.16
N,RS,Cidade 12,GASOLINA,2023-11-26,R$/litro,RAIZEN,5.56
NE,PR,Cidade 26,GASOLINA,2024-11-24,R$/litro,PETROBRAS,5.85
SE,MG,Cidade 31,GNV,2023-05-14,R$/litro,PETROBRAS,5.07
S,SP,Cidade 45,GNV,2024-02-25,R$/litro,PETROBRAS,4.35
NE,RJ,Cidade 29,DIESEL S10,2023-03-26,R$/litro,PETROBRAS,6.28
CO,PE,Cidade 9,DIESEL S10,2023-12-17,R$/litro,RAIZEN,6.03
S,PR,Cidade 49,GASOLINA,2023-01-01,R$/litro,BANDEIRA BRANCA,5.9
NE,MG,Cidade 29,DIESEL S10,2024-06-30,R$/litro,IPIRANGA,5.87
S,PR,Cidade 15,DIESEL S10,2024-03-17,R$/litro,IPIRANGA,6.26
SE,SP,Cidade 37,DIESEL S10,2023-03-12,R$/litro,PETROBRAS,6.33
SE,SP,Cidade 19,ETANOL,2023-12-31,R$/litro,BANDEIRA BRANCA,4.43
S,BA,Cidade 19,ETANOL,2023-11-05,R$/litro,BANDEIRA BRANCA,4.11
SE,BA,Cidade 42,GNV,2024-05-05,R$/litro,RAIZEN,4.48
SE,CE,Cidade 43,ETANOL,2023-12-31,R$/litro,IPIRANGA,3.92
S,PE,Cidade 26,GNV,2023-12-03,R$/litro,PETROBRAS,5.17
S,MG,Cidade 19,GNV,2024-09-01,R$/litro,BANDEIRA BRANCA,5.0
NE,PE,Cidade 43,GNV,2024-01-14,R$/litro,PETROBRAS,4.84
SE,RS,Cidade 9,DIESEL S10,2024-08-18,R$/litro,PETROBRAS,6.54
S,PE,Cidade 37,GASOLINA,2024-10-06,R$/litro,RAIZEN,5.89
NE,RJ,Cidade 29,GASOLINA,2024-09-15,R$/litro,PETROBRAS,6.3
CO,SP,Cidade 42,DIESEL S10,2024-12-01,R$/litro,PETROBRAS,6.47
N,SP,Cidade 21,ETANOL,2024-05-26,R$/litro,RAIZEN,4.46
CO,CE,Cidade 41,GASOLINA,2024-02-11,R$/litro,PETROBRAS,5.84
S,SP,Cidade 1,GNV,2024-01-21,R$/litro,IPIRANGA,4.48
NE,CE,Cidade 38,GNV,2023-05-28,R$/litro,RAIZEN,4.53
NE,PR,Cidade 4,ETANOL,2024-08-25,R$/litro,PETROBRAS,4.64
CO,RJ,Cidade 32,DIESEL S10,2024-05-19,R$/litro,BANDEIRA BRANCA,6.48
CO,PE,Cidade 10,ETANOL,2024-09-29,R$/litro,PETROBRAS,4.52
CO,RJ,Cidade 48,ETANOL,2024-05-26,R$/litro,RAIZEN,4.61
N,RJ,Cidade 38,DIESEL S10,2023-12-17,R$/litro,PETROBRAS,6.18
NE,BA,Cidade 6,ETANOL,2023-08-06,R$/litro,RAIZEN,4.12
NE,MG,Cidade 44,GNV,2024-12-22,R$/litro,BANDEIRA BRANCA,5.07
CO,MG,Cidade 13,GASOLINA,2024-06-23,R$/litro,BANDEIRA BRANCA,6.36
S,RJ,Cidade 27,DIESEL S10,2024-09-29,R$/litro,IPIRANGA,6.58
S,BA,Cidade 5,GNV,2024-03-03,R$/litro,PETROBRAS,4.77
CO,SP,Cidade 6,GNV,2024-01-07,R$/litro,BANDEIRA BRANCA,4.48
S,RJ,Cidade 12,GASOLINA,2023-01-22,R$/litro,RAIZEN,5.9
S,BA,Cidade 27,GASOLINA,2023-02-19,R$/litro,PETROBRAS,5.46
NE,RS,Cidade 27,DIESEL S10,2024-06-02,R$/litro,PETROBRAS,6.41
S,PR,Cidade 42,GNV,2023-06-11,R$/litro,IPIRANGA,5.24
CO,RJ,Cidade 9,GNV,2023-02-26,R$/litro,RAIZEN,4.75
CO,PR,Cidade 37,GNV,2024-07-21,R$/litro,IPIRANGA,5.45
S,PE,Cidade 1,GASOLINA,2024-03-31,R$/litro,BANDEIRA BRANCA,5.9
NE,RS,Cidade 15,DIESEL S10,2023-03-19,R$/litro,RAIZEN,6.24
CO,MG,Cidade 9,DIESEL S10,2023-12-31,R$/litro,BANDEIRA BRANCA,6.26
N,BA,Cidade 7,DIESEL S10,2023-12-10,R$/litro,BANDEIRA BRANCA,6.32
S,BA,Cidade 29,GNV,2023-01-01,R$/litro,IPIRANGA,5.01
NE,SP,Cidade 45,GASOLINA,2024-03-17,R$/litro,BANDEIRA BRANCA,5.95
N,BA,Cidade 33,ETANOL,2023-10-15,R$/litro,IPIRANGA,4.18
N,RJ,Cidade 42,ETANOL,2024-10-06,R$/litro,PETROBRAS,4.29
SE,BA,Cidade 29,GNV,2023-03-26,R$/litro,IPIRANGA,4.8
S,CE,Cidade 3,GASOLINA,2024-09-08,R$/litro,IPIRANGA,6.05
CO,BA,Cidade 17,ETANOL,2023-01-01,R$/litro,BANDEIRA BRANCA,4.16
S,PE,Cidade 41,GASOLINA,2024-07-14,R$/litro,BANDEIRA BRANCA,5.72
S,MG,Cidade 3,GASOLINA,2024-07-28,R$/litro,PETROBRAS,6.29
S,CE,Cidade 5,GNV,2023-10-22,R$/litro,PETROBRAS,4.62
SE,PE,Cidade 41,GNV,2023-07-23,R$/litro,RAIZEN,4.88
SE,CE,Cidade 4,ETANOL,2023-04-09,R$/litro,RAIZEN,3.99
S,PR,Cidade 48,DIESEL S10,2023-09-03,R$/litro,RAIZEN,6.0
CO,PR,Cidade 38,DIESEL S10,2024-05-05,R$/litro,IPIRANGA,6.27
SE,BA,Cidade 33,GNV,2024-06-16,R$/litro,BANDEIRA BRANCA,4.8
S,CE,Cidade 27,ETANOL,2023-05-14,R$/litro,IPIRANGA,4.24
SE,PE,Cidade 5,GNV,2023-01-08,R$/litro,IPIRANGA,4.24
NE,RS,Cidade 21,ETANOL,2024-02-11,R$/litro,IPIRANGA,4.22
S,SP,Cidade 40,DIESEL S10,2024-02-25,R$/litro,BANDEIRA BRANCA,6.39
N,SP,Cidade 45,ETANOL,2024-12-15,R$/litro,IPIRANGA,4.99
NE,RJ,Cidade 22,DIESEL S10,2024-07-07,R$/litro,RAIZEN,6.43
N,SP,Cidade 42,ETANOL,2024-02-04,R$/litro,BANDEIRA BRANCA,4.22
N,RJ,Cidade 39,GNV,2024-03-10,R$/litro,PETROBRAS,4.98
NE,SP,Cidade 3,DIESEL S10,2024-04-14,R$/litro,RAIZEN,5.83
CO,CE,Cidade 31,ETANOL,2023-11-26,R$/litro,RAIZEN,3.92
NE,SP,Cidade 31,GNV,2024-05-12,R$/litro,BANDEIRA BRANCA,4.88
CO,PR,Cidade 27,DIESEL S10,2023-05-21,R$/litro,PETROBRAS,5.86
CO,MG,Cidade 38,ETANOL,2024-09-01,R$/litro,RAIZEN,4.08
NE,RJ,Cidade 44,GASOLINA,2024-09-22,R$/litro,BANDEIRA BRANCA,6.42
N,PR,Cidade 27,GNV,2023-11-12,R$/litro,IPIRANGA,4.87
S,CE,Cidade 16,GNV,2023-11-26,R$/litro,RAIZEN,4.85
CO,PE,Cidade 49,DIESEL S10,2023-12-31,R$/litro,IPIRANGA,6.08
N,CE,Cidade 48,GNV,2024-08-18,R$/litro,RAIZEN,5.09
CO,BA,Cidade 34,DIESEL S10,2023-05-07,R$/litro,IPIRANGA,6.15
S,PR,Cidade 32,GASOLINA,2023-09-03,R$/litro,PETROBRAS,5.77
N,RJ,Cidade 6,GASOLINA,2024-03-24,R$/litro,BANDEIRA BRANCA,6.14
NE,PE,Cidade 20,GASOLINA,2024-05-19,R$/litro,PETROBRAS,5.88
SE,PR,Cidade 10,GASOLINA,2023-08-06,R$/litro,PETROBRAS,5.83
SE,MG,Cidade 26,DIESEL S10,2023-03-26,R$/litro,BANDEIRA BRANCA,6.27
NE,MG,Cidade 41,GNV,2024-01-07,R$/litro,BANDEIRA BRANCA,5.16
S,BA,Cidade 12,GASOLINA,2024-04-14,R$/litro,RAIZEN,6.38
SE,SP,Cidade 49,DIESEL S10,2024-07-14,R$/litro,RAIZEN,6.51
NE,PE,Cidade 7,GASOLINA,2023-01-01,R$/litro,IPIRANGA,5.61
N,MG,Cidade 5,ETANOL,2023-01-08,R$/litro,RAIZEN,3.79
S,SP,Cidade 48,GNV,2023-10-08,R$/litro,RAIZEN,4.32
CO,MG,Cidade 5,GNV,2024-02-18,R$/litro,RAIZEN,4.56
N,PE,Cidade 37,GNV,2023-01-01,R$/litro,RAIZEN,4.46
NE,MG,Cidade 38,ETANOL,2023-05-07,R$/litro,RAIZEN,3.99
CO,BA,Cidade 17,GNV,2023-10-29,R$/litro,BANDEIRA BRANCA,5.14
NE,PE,Cidade 4,GNV,2023-07-23,R$/litro,RAIZEN,5.02
SE,SP,Cidade 16,ETANOL,2024-06-02,R$/litro,IPIRANGA,4.23
SE,PE,Cidade 4,ETANOL,2023-01-22,R$/litro,RAIZEN,4.12
CO,MG,Cidade 33,GASOLINA,2024-10-13,R$/litro,PETROBRAS,6.1
CO,PR,Cidade 44,GNV,2023-04-30,R$/litro,PETROBRAS,4.78
N,RJ,Cidade 49,GASOLINA,2023-11-19,R$/litro,BANDEIRA BRANCA,6.11
SE,RJ,Cidade 40,ETANOL,2024-12-22,R$/litro,RAIZEN,4.9
S,PE,Cidade 38,ETANOL,2024-04-28,R$/litro,PETROBRAS,4.24
SE,PE,Cidade 44,GASOLINA,2024-12-29,R$/litro,IPIRANGA,6.55
SE,CE,Cidade 38,GNV,2023-01-15,R$/litro,BANDEIRA BRANCA,4.05
S,PR,Cidade 32,DIESEL S10,2024-06-09,R$/litro,RAIZEN,6.73
NE,RS,Cidade 49,GASOLINA,2023-02-19,R$/litro,BANDEIRA BRANCA,5.64
SE,RJ,Cidade 16,GASOLINA,2024-03-24,R$/litro,RAIZEN,6.03
CO,MG,Cidade 21,GASOLINA,2023-08-27,R$/litro,PETROBRAS,5.32
NE,PR,Cidade 45,GNV,2024-07-21,R$/litro,PETROBRAS,4.95
S,MG,Cidade 16,ETANOL,2023-04-02,R$/litro,PETROBRAS,4.33
NE,RS,Cidade 15,DIESEL S10,2024-10-20,R$/litro,RAIZEN,6.42
N,RJ,Cidade 8,GASOLINA,2023-12-17,R$/litro,BANDEIRA BRANCA,6.11
S,RS,Cidade 14,GASOLINA,2024-01-14,R$/litro,IPIRANGA,5.97
SE,RJ,Cidade 30,DIESEL S10,2024-02-18,R$/litro,RAIZEN,6.56
SE,SP,Cidade 44,GASOLINA,2023-01-22,R$/litro,RAIZEN,5.67
CO,RJ,Cidade 7,DIESEL S10,2023-08-13,R$/litro,RAIZEN,5.88
SE,BA,Cidade 34,GNV,2024-06-02,R$/litro,RAIZEN,5.01
N,MG,Cidade 38,ETANOL,2024-12-01,R$/litro,IPIRANGA,4.97
S,SP,Cidade 44,DIESEL S10,2024-12-22,R$/litro,RAIZEN,6.72
N,BA,Cidade 37,GNV,2024-01-28,R$/litro,IPIRANGA,4.85
SE,RJ,Cidade 8,GNV,2023-07-09,R$/litro,RAIZEN,5.25
CO,SP,Cidade 24,GASOLINA,2023-12-17,R$/litro,BANDEIRA BRANCA,6.23
N,RJ,Cidade 47,GASOLINA,2023-12-03,R$/litro,PETROBRAS,6.13
NE,RS,Cidade 45,GNV,2023-10-15,R$/litro,RAIZEN,4.85
S,CE,Cidade 31,GNV,2023-09-17,R$/litro,PETROBRAS,4.93
CO,RJ,Cidade 48,ETANOL,2024-09-29,R$/litro,IPIRANGA,4.7
S,MG,Cidade 33,DIESEL S10,2023-10-08,R$/litro,RAIZEN,5.62
NE,RJ,Cidade 4,DIESEL S10,2023-01-22,R$/litro,IPIRANGA,6.02
S,MG,Cidade 45,DIESEL S10,2024-06-09,R$/litro,PETROBRAS,6.36
S,PR,Cidade 9,GNV,2024-04-28,R$/litro,IPIRANGA,4.84
NE,MG,Cidade 19,ETANOL,2023-10-01,R$/litro,PETROBRAS,4.11
SE,PR,Cidade 12,GNV,2024-04-07,R$/litro,RAIZEN,4.55
SE,CE,Cidade 36,GASOLINA,2024-11-17,R$/litro,PETROBRAS,5.81
S,CE,Cidade 2,GASOLINA,2024-11-10,R$/litro,IPIRANGA,6.56
SE,BA,Cidade 32,GNV,2024-07-28,R$/litro,IPIRANGA,5.17
NE,PR,Cidade 43,GASOLINA,2024-03-03,R$/litro,BANDEIRA BRANCA,5.41
CO,CE,Cidade 39,GNV,2023-01-15,R$/litro,BANDEIRA BRANCA,4.37
SE,PE,Cidade 16,ETANOL,2024-01-07,R$/litro,PETROBRAS,4.48
SE,MG,Cidade 44,ETANOL,2024-08-18,R$/litro,PETROBRAS,4.4
SE,RJ,Cidade 18,GASOLINA,2024-09-08,R$/litro,RAIZEN,6.5
NE,SP,Cidade 34,GNV,2024-07-21,R$/litro,IPIRANGA,5.31
S,CE,Cidade 25,ETANOL,2024-12-22,R$/litro,RAIZEN,4.25
NE,BA,Cidade 4,GASOLINA,2024-01-14,R$/litro,BANDEIRA BRANCA,5.93
SE,MG,Cidade 1,ETANOL,2023-03-19,R$/litro,PETROBRAS,3.86
S,MG,Cidade 9,GASOLINA,2023-12-31,R$/litro,BANDEIRA BRANCA,5.6
NE,MG,Cidade 46,GNV,2023-08-20,R$/litro,PETROBRAS,4.36
NE,PE,Cidade 47,GASOLINA,2024-09-01,R$/litro,PETROBRAS,5.98
NE,BA,Cidade 21,ETANOL,2024-07-21,R$/litro,RAIZEN,4.28
N,CE,Cidade 48,ETANOL,2023-11-05,R$/litro,BANDEIRA BRANCA,4.27
NE,MG,Cidade 3,GASOLINA,2023-10-08,R$/litro,RAIZEN,6.13
CO,RS,Cidade 48,GASOLINA,2023-04-23,R$/litro,PETROBRAS,5.84
NE,SP,Cidade 12,DIESEL S10,2023-01-29,R$/litro,PETROBRAS,6.11
S,CE,Cidade 2,ETANOL,2023-08-13,R$/litro,BANDEIRA BRANCA,4.05
S,BA,Cidade 38,GASOLINA,2023-06-25,R$/litro,RAIZEN,5.92
S,BA,Cidade 19,GASOLINA,2023-07-09,R$/litro,PETROBRAS,5.74
NE,RS,Cidade 15,GNV,2024-12-29,R$/litro,RAIZEN,5.09
S,MG,Cidade 38,DIESEL S10,2024-05-12,R$/litro,IPIRANGA,6.85
CO,CE,Cidade 17,DIESEL S10,2024-02-04,R$/litro,PETROBRAS,5.7
NE,RS,Cidade 37,GNV,2023-05-07,R$/litro,PETROBRAS,4.15
CO,PR,Cidade 10,GASOLINA,2024-09-08,R$/litro,BANDEIRA BRANCA,6.29
N,SP,Cidade 5,DIESEL S10,2024-04-14,R$/litro,RAIZEN,6.28
S,MG,Cidade 16,GNV,2024-01-14,R$/litro,PETROBRAS,4.5
S,PE,Cidade 30,GASOLINA,2023-12-03,R$/litro,PETROBRAS,5.66
N,SP,Cidade 12,DIESEL S10,2024-02-11,R$/litro,IPIRANGA,6.06
S,SP,Cidade 8,GNV,2024-09-08,R$/litro,IPIRANGA,5.31
S,PE,Cidade 37,DIESEL S10,2024-06-09,R$/litro,IPIRANGA,6.71
CO,MG,Cidade 25,GASOLINA,2023-12-17,R$/litro,RAIZEN,6.35
NE,MG,Cidade 22,DIESEL S10,2024-05-05,R$/litro,PETROBRAS,5.97
SE,BA,Cidade 12,GNV,2024-11-10,R$/litro,PETROBRAS,4.81
NE,RJ,Cidade 1,GASOLINA,2023-08-27,R$/litro,RAIZEN,5.47
NE,SP,Cidade 3,DIESEL S10,2024-10-20,R$/litro,BANDEIRA BRANCA,6.85
CO,SP,Cidade 34,DIESEL S10,2024-03-17,R$/litro,PETROBRAS,6.43
N,SP,Cidade 4,ETANOL,2023-05-14,R$/litro,IPIRANGA,4.05
SE,RJ,Cidade 13,GASOLINA,2024-12-08,R$/litro,RAIZEN,6.34
SE,PR,Cidade 45,GASOLINA,2024-05-19,R$/litro,PETROBRAS,6.07
N,MG,Cidade 17,GNV,2023-10-08,R$/litro,BANDEIRA BRANCA,4.49
SE,SP,Cidade 37,GNV,2023-06-04,R$/litro,PETROBRAS,4.78
S,SP,Cidade 17,ETANOL,2024-11-03,R$/litro,RAIZEN,4.5
SE,RS,Cidade 46,GNV,2024-08-25,R$/litro,IPIRANGA,4.78
SE,PE,Cidade 41,GNV,2023-01-29,R$/litro,RAIZEN,4.67
CO,MG,Cidade 24,DIESEL S10,2024-04-07,R$/litro,PETROBRAS,6.24
SE,SP,Cidade 34,DIESEL S10,2023-03-26,R$/litro,PETROBRAS,6.04
SE,RJ,Cidade 21,GNV,2023-07-30,R$/litro,RAIZEN,4.67
CO,RS,Cidade 47,DIESEL S10,2024-02-18,R$/litro,BANDEIRA BRANCA,6.52
SE,RJ,Cidade 18,GNV,2023-07-02,R$/litro,RAIZEN,4.73
CO,CE,Cidade 41,GNV,2024-01-07,R$/litro,BANDEIRA BRANCA,4.63
SE,PE,Cidade 31,GASOLINA,2023-11-12,R$/litro,IPIRANGA,5.98
SE,MG,Cidade 32,DIESEL S10,2024-03-03,R$/litro,PETROBRAS,6.4
SE,CE,Cidade 18,DIESEL S10,2024-08-11,R$/litro,IPIRANGA,6.59
N,MG,Cidade 41,GNV,2023-04-23,R$/litro,BANDEIRA BRANCA,4.87
N,RJ,Cidade 37,ETANOL,2024-08-04,R$/litro,BANDEIRA BRANCA,4.3
NE,CE,Cidade 40,GNV,2023-06-11,R$/litro,RAIZEN,4.82
S,CE,Cidade 40,ETANOL,2023-01-22,R$/litro,IPIRANGA,3.49
SE,MG,Cidade 8,ETANOL,2023-11-19,R$/litro,RAIZEN,4.18
NE,BA,Cidade 43,GASOLINA,2023-08-06,R$/litro,RAIZEN,5.74
S,RJ,Cidade 42,ETANOL,2023-05-14,R$/litro,RAIZEN,4.39
NE,PR,Cidade 12,GNV,2023-11-05,R$/litro,BANDEIRA BRANCA,4.76
N,PR,Cidade 49,DIESEL S10,2024-09-29,R$/litro,RAIZEN,6.66
CO,PR,Cidade 26,DIESEL S10,2024-03-03,R$/litro,PETROBRAS,5.87
NE,BA,Cidade 16,GNV,2024-06-16,R$/litro,PETROBRAS,4.92
SE,PR,Cidade 11,ETANOL,2023-04-16,R$/litro,RAIZEN,3.79
S,BA,Cidade 18,DIESEL S10,2023-02-19,R$/litro,BANDEIRA BRANCA,6.57
CO,PE,Cidade 2,ETANOL,2023-09-03,R$/litro,BANDEIRA BRANCA,3.97
NE,RJ,Cidade 34,GNV,2024-07-21,R$/litro,RAIZEN,5.06
N,RS,Cidade 35,ETANOL,2024-10-06,R$/litro,RAIZEN,4.55
NE,RS,Cidade 33,GNV,2023-03-12,R$/litro,BANDEIRA BRANCA,4.17
SE,BA,Cidade 27,DIESEL S10,2023-12-17,R$/litro,BANDEIRA BRANCA,6.1
CO,RJ,Cidade 18,GNV,2023-10-15,R$/litro,PETROBRAS,4.88
N,MG,Cidade 36,GNV,2024-06-30,R$/litro,IPIRANGA,5.04
CO,CE,Cidade 43,GNV,2023-05-28,R$/litro,IPIRANGA,4.07
CO,SP,Cidade 5,ETANOL,2023-12-17,R$/litro,RAIZEN,4.09
S,PR,Cidade 19,DIESEL S10,2024-09-15,R$/litro,IPIRANGA,6.75
S,PR,Cidade 49,ETANOL,2023-12-03,R$/litro,IPIRANGA,4.37
S,RS,Cidade 43,GASOLINA,2024-07-28,R$/litro,PETROBRAS,6.45
CO,SP,Cidade 49,DIESEL S10,2024-03-31,R$/litro,PETROBRAS,6.09
NE,SP,Cidade 9,ETANOL,2024-03-10,R$/litro,IPIRANGA,4.64
NE,MG,Cidade 23,ETANOL,2023-07-09,R$/litro,BANDEIRA BRANCA,4.07
CO,SP,Cidade 7,GASOLINA,2024-12-29,R$/litro,IPIRANGA,6.7
N,SP,Cidade 43,DIESEL S10,2023-07-02,R$/litro,PETROBRAS,6.08
CO,RJ,Cidade 26,DIESEL S10,2024-11-10,R$/litro,IPIRANGA,6.04
CO,RJ,Cidade 12,GASOLINA,2024-12-22,R$/litro,BANDEIRA BRANCA,6.5
SE,PE,Cidade 5,DIESEL S10,2024-01-07,R$/litro,RAIZEN,6.14
S,PR,Cidade 37,GASOLINA,2024-09-29,R$/litro,RAIZEN,6.12
N,SP,Cidade 40,GASOLINA,2024-06-09,R$/litro,PETROBRAS,5.74
CO,PR,Cidade 44,ETANOL,2024-06-23,R$/litro,BANDEIRA BRANCA,4.82
SE,RJ,Cidade 48,ETANOL,2023-02-19,R$/litro,PETROBRAS,3.82
S,RS,Cidade 40,GNV,2023-04-09,R$/litro,BANDEIRA BRANCA,4.99
NE,SP,Cidade 39,GASOLINA,2023-02-19,R$/litro,BANDEIRA BRANCA,5.54
N,SP,Cidade 40,ETANOL,2023-01-22,R$/litro,RAIZEN,3.69
SE,RJ,Cidade 49,DIESEL S10,2024-09-01,R$/litro,BANDEIRA BRANCA,6.81
N,RS,Cidade 23,GASOLINA,2023-05-07,R$/litro,BANDEIRA BRANCA,5.7
S,RS,Cidade 38,GNV,2023-01-01,R$/litro,RAIZEN,4.48
S,MG,Cidade 41,DIESEL S10,2024-11-17,R$/litro,BANDEIRA BRANCA,6.24
NE,BA,Cidade 6,GNV,2023-07-23,R$/litro,RAIZEN,4.58
NE,PR,Cidade 34,GNV,2024-08-18,R$/litro,RAIZEN,5.18
N,PR,Cidade 17,GASOLINA,2024-12-01,R$/litro,IPIRANGA,5.95
S,BA,Cidade 7,ETANOL,2024-01-14,R$/litro,RAIZEN,4.13
CO,BA,Cidade 9,DIESEL S10,2024-11-10,R$/litro,IPIRANGA,6.45
SE,RS,Cidade 6,GASOLINA,2024-12-08,R$/litro,PETROBRAS,6.29
CO,RJ,Cidade 44,ETANOL,2023-04-16,R$/litro,IPIRANGA,4.37
SE,RS,Cidade 38,DIESEL S10,2023-04-16,R$/litro,PETROBRAS,5.93
N,SP,Cidade 6,GNV,2023-09-24,R$/litro,BANDEIRA BRANCA,4.58
S,CE,Cidade 31,ETANOL,2024-02-11,R$/litro,IPIRANGA,4.98
S,MG,Cidade 33,GNV,2024-07-28,R$/litro,BANDEIRA BRANCA,4.94
SE,PE,Cidade 26,DIESEL S10,2023-05-14,R$/litro,IPIRANGA,5.98
N,CE,Cidade 30,GASOLINA,2023-05-21,R$/litro,IPIRANGA,5.64
SE,RS,Cidade 45,ETANOL,2023-08-13,R$/litro,PETROBRAS,4.05
N,PE,Cidade 26,GNV,2023-07-16,R$/litro,BANDEIRA BRANCA,4.71
N,RS,Cidade 33,GASOLINA,2024-11-17,R$/litro,RAIZEN,6.49
CO,RJ,Cidade 28,GASOLINA,2023-10-15,R$/litro,IPIRANGA,5.98
N,SP,Cidade 20,ETANOL,2024-09-29,R$/litro,RAIZEN,4.78
S,RJ,Cidade 44,GNV,2023-02-05,R$/litro,BANDEIRA BRANCA,4.79
N,CE,Cidade 21,DIESEL S10,2023-03-12,R$/litro,RAIZEN,6.02
CO,RS,Cidade 40,GASOLINA,2024-08-11,R$/litro,IPIRANGA,6.26
S,MG,Cidade 30,ETANOL,2023-07-02,R$/litro,BANDEIRA BRANCA,4.35
SE,RS,Cidade 34,GNV,2023-02-26,R$/litro,BANDEIRA BRANCA,4.28
CO,MG,Cidade 38,GASOLINA,2024-03-10,R$/litro,BANDEIRA BRANCA,6.64
SE,PE,Cidade 37,DIESEL S10,2023-04-16,R$/litro,PETROBRAS,5.87
NE,CE,Cidade 28,ETANOL,2023-02-12,R$/litro,BANDEIRA BRANCA,3.85
S,SP,Cidade 31,GNV,2023-10-22,R$/litro,PETROBRAS,4.48
SE,PR,Cidade 25,GNV,2024-02-04,R$/litro,RAIZEN,4.59
N,MG,Cidade 17,GNV,2024-01-21,R$/litro,RAIZEN,5.11
SE,SP,Cidade 36,GASOLINA,2024-03-03,R$/litro,PETROBRAS,6.58
N,CE,Cidade 44,ETANOL,2023-01-15,R$/litro,PETROBRAS,3.77
N,SP,Cidade 35,DIESEL S10,2023-07-30,R$/litro,BANDEIRA BRANCA,6.19
SE,RJ,Cidade 38,ETANOL,2023-09-10,R$/litro,BANDEIRA BRANCA,4.2
SE,SP,Cidade 41,DIESEL S10,2023-07-30,R$/litro,PETROBRAS,6.35
N,RS,Cidade 19,DIESEL S10,2024-02-11,R$/litro,RAIZEN,6.84
NE,BA,Cidade 4,ETANOL,2023-06-18,R$/litro,PETROBRAS,4.44
SE,MG,Cidade 17,GASOLINA,2024-04-07,R$/litro,RAIZEN,5.98
CO,SP,Cidade 37,GNV,2024-11-17,R$/litro,IPIRANGA,5.29
S,SP,Cidade 40,GNV,2024-04-28,R$/litro,BANDEIRA BRANCA,5.12
SE,CE,Cidade 26,GNV,2023-10-08,R$/litro,RAIZEN,4.76
CO,PE,Cidade 39,ETANOL,2023-11-12,R$/litro,IPIRANGA,3.93
SE,CE,Cidade 4,ETANOL,2024-03-03,R$/litro,RAIZEN,4.11
NE,BA,Cidade 32,ETANOL,2024-06-16,R$/litro,IPIRANGA,4.7
CO,BA,Cidade 34,GASOLINA,2023-08-06,R$/litro,PETROBRAS,6.12
NE,PE,Cidade 25,GASOLINA,2023-01-29,R$/litro,RAIZEN,5.57
NE,BA,Cidade 36,ETANOL,2024-05-26,R$/litro,BANDEIRA BRANCA,4.46
S,RS,Cidade 25,GNV,2024-04-28,R$/litro,IPIRANGA,5.26
SE,MG,Cidade 26,GASOLINA,2023-03-12,R$/litro,PETROBRAS,5.24
NE,RS,Cidade 30,DIESEL S10,2024-03-31,R$/litro,PETROBRAS,6.22
CO,SP,Cidade 39,DIESEL S10,2023-02-19,R$/litro,IPIRANGA,6.45
SE,RJ,Cidade 13,ETANOL,2024-04-14,R$/litro,BANDEIRA BRANCA,4.42
CO,PR,Cidade 15,GNV,2024-06-30,R$/litro,IPIRANGA,4.74
NE,PE,Cidade 21,GASOLINA,2023-01-08,R$/litro,BANDEIRA BRANCA,5.64
NE,SP,Cidade 10,GNV,2024-06-16,R$/litro,IPIRANGA,5.27
SE,SP,Cidade 17,DIESEL S10,2023-03-26,R$/litro,IPIRANGA,5.34
N,SP,Cidade 18,ETANOL,2023-07-09,R$/litro,BANDEIRA BRANCA,4.13
SE,PE,Cidade 16,GNV,2024-06-02,R$/litro,RAIZEN,4.9
S,MG,Cidade 21,ETANOL,2023-09-17,R$/litro,PETROBRAS,3.74
N,MG,Cidade 25,GNV,2024-12-15,R$/litro,PETROBRAS,5.21
SE,SP,Cidade 35,GASOLINA,2024-12-01,R$/litro,PETROBRAS,6.24
NE,CE,Cidade 15,GASOLINA,2024-12-22,R$/litro,BANDEIRA BRANCA,6.29
NE,RS,Cidade 42,DIESEL S10,2023-03-12,R$/litro,PETROBRAS,5.88
SE,PE,Cidade 24,GNV,2023-05-07,R$/litro,PETROBRAS,4.37
S,PR,Cidade 36,GASOLINA,2023-05-14,R$/litro,BANDEIRA BRANCA,5.36
S,RJ,Cidade 6,GNV,2024-03-03,R$/litro,RAIZEN,4.74
N,PE,Cidade 9,GNV,2023-11-12,R$/litro,BANDEIRA BRANCA,5.02
CO,BA,Cidade 23,ETANOL,2024-06-30,R$/litro,PETROBRAS,4.48
CO,BA,Cidade 18,GNV,2023-07-23,R$/litro,RAIZEN,4.68
SE,RJ,Cidade 25,GNV,2023-05-21,R$/litro,PETROBRAS,4.37
SE,PE,Cidade 8,GASOLINA,2024-04-21,R$/litro,RAIZEN,5.96
SE,CE,Cidade 24,GNV,2024-03-24,R$/litro,PETROBRAS,5.11
NE,RS,Cidade 34,DIESEL S10,2024-05-19,R$/litro,BANDEIRA BRANCA,6.51
SE,SP,Cidade 36,GASOLINA,2023-08-13,R$/litro,IPIRANGA,5.7
S,PE,Cidade 13,DIESEL S10,2024-01-21,R$/litro,IPIRANGA,5.62
CO,CE,Cidade 17,DIESEL S10,2024-11-10,R$/litro,BANDEIRA BRANCA,6.38
CO,BA,Cidade 26,GNV,2024-03-24,R$/litro,PETROBRAS,4.81
CO,BA,Cidade 26,GNV,2024-11-10,R$/litro,BANDEIRA BRANCA,4.92
S,RJ,Cidade 39,ETANOL,2023-11-12,R$/litro,RAIZEN,4.1
N,SP,Cidade 20,ETANOL,2023-01-29,R$/litro,RAIZEN,4.13
N,CE,Cidade 33,GASOLINA,2024-07-07,R$/litro,IPIRANGA,6.12
SE,RS,Cidade 44,GASOLINA,2023-12-03,R$/litro,BANDEIRA BRANCA,6.17
NE,MG,Cidade 15,DIESEL S10,2023-01-29,R$/litro,IPIRANGA,5.55
NE,PR,Cidade 41,GNV,2023-04-09,R$/litro,IPIRANGA,4.52
S,SP,Cidade 17,GASOLINA,2023-08-13,R$/litro,IPIRANGA,5.33
N,SP,Cidade 17,DIESEL S10,2023-05-21,R$/litro,IPIRANGA,5.93
N,RJ,Cidade 33,DIESEL S10,2024-05-12,R$/litro,IPIRANGA,6.12
NE,RS,Cidade 31,GASOLINA,2024-03-24,R$/litro,PETROBRAS,6.35
N,MG,Cidade 27,GASOLINA,2023-08-27,R$/litro,IPIRANGA,5.93
N,RJ,Cidade 12,ETANOL,2023-02-26,R$/litro,IPIRANGA,4.21
NE,MG,Cidade 5,DIESEL S10,2023-02-26,R$/litro,IPIRANGA,5.85
S,MG,Cidade 45,ETANOL,2024-11-24,R$/litro,BANDEIRA BRANCA,4.31
N,BA,Cidade 43,GNV,2023-09-10,R$/litro,PETROBRAS,4.48
N,BA,Cidade 44,ETANOL,2023-03-19,R$/litro,BANDEIRA BRANCA,4.04
CO,CE,Cidade 26,GASOLINA,2024-06-02,R$/litro,BANDEIRA BRANCA,6.55
SE,PE,Cidade 44,GASOLINA,2024-09-29,R$/litro,PETROBRAS,6.31
NE,MG,Cidade 24,ETANOL,2023-03-26,R$/litro,RAIZEN,3.89
CO,CE,Cidade 4,ETANOL,2024-11-24,R$/litro,PETROBRAS,4.52
NE,BA,Cidade 10,DIESEL S10,2024-06-16,R$/litro,PETROBRAS,6.4
CO,RJ,Cidade 14,ETANOL,2023-07-02,R$/litro,BANDEIRA BRANCA,4.58
SE,MG,Cidade 19,GASOLINA,2024-07-21,R$/litro,PETROBRAS,6.45
SE,PR,Cidade 47,GASOLINA,2023-11-05,R$/litro,IPIRANGA,5.96
N,PE,Cidade 17,DIESEL S10,2024-04-07,R$/litro,PETROBRAS,6.37
S,MG,Cidade 31,ETANOL,2023-04-02,R$/litro,PETROBRAS,4.06
NE,RJ,Cidade 14,DIESEL S10,2023-06-25,R$/litro,PETROBRAS,6.19
NE,RJ,Cidade 32,GNV,2024-07-21,R$/litro,BANDEIRA BRANCA,4.94
NE,SP,Cidade 28,ETANOL,2024-08-11,R$/litro,PETROBRAS,4.25
CO,PR,Cidade 8,DIESEL S10,2023-01-08,R$/litro,BANDEIRA BRANCA,6.16
SE,BA,Cidade 23,GNV,2023-06-04,R$/litro,PETROBRAS,4.65
N,RS,Cidade 6,GASOLINA,2024-03-17,R$/litro,BANDEIRA BRANCA,6.26
CO,PR,Cidade 44,DIESEL S10,2024-10-27,R$/litro,BANDEIRA BRANCA,6.95
N,PE,Cidade 35,ETANOL,2024-05-05,R$/litro,RAIZEN,4.5
S,PE,Cidade 47,DIESEL S10,2024-06-02,R$/litro,BANDEIRA BRANCA,6.49
SE,RJ,Cidade 43,DIESEL S10,2023-10-08,R$/litro,IPIRANGA,6.97
N,BA,Cidade 11,GASOLINA,2023-02-05,R$/litro,BANDEIRA BRANCA,5.69
NE,CE,Cidade 35,GASOLINA,2024-07-14,R$/litro,PETROBRAS,5.86
SE,PE,Cidade 5,GASOLINA,2024-08-04,R$/litro,RAIZEN,6.09
S,MG,Cidade 48,GASOLINA,2023-11-19,R$/litro,BANDEIRA BRANCA,6.3
CO,RS,Cidade 39,GASOLINA,2024-01-07,R$/litro,RAIZEN,5.63
S,CE,Cidade 34,DIESEL S10,2023-06-18,R$/litro,IPIRANGA,5.87
SE,SP,Cidade 49,GNV,2023-11-26,R$/litro,RAIZEN,5.09
N,BA,Cidade 42,ETANOL,2023-06-25,R$/litro,BANDEIRA BRANCA,4.0
SE,SP,Cidade 43,GNV,2023-11-05,R$/litro,BANDEIRA BRANCA,4.77
CO,CE,Cidade 5,DIESEL S10,2023-04-09,R$/litro,RAIZEN,6.26
CO,SP,Cidade 2,GNV,2024-03-17,R$/litro,RAIZEN,4.74
CO,SP,Cidade 48,DIESEL S10,2023-06-25,R$/litro,BANDEIRA BRANCA,5.7
CO,MG,Cidade 13,GASOLINA,2024-06-16,R$/litro,RAIZEN,5.76
S,RJ,Cidade 21,DIESEL S10,2024-01-14,R$/litro,PETROBRAS,6.41
S,RS,Cidade 3,DIESEL S10,2024-10-20,R$/litro,BANDEIRA BRANCA,6.6
S,MG,Cidade 31,DIESEL S10,2023-06-11,R$/litro,PETROBRAS,5.88
NE,MG,Cidade 41,GNV,2023-07-16,R$/litro,RAIZEN,4.4
CO,BA,Cidade 42,GASOLINA,2023-06-25,R$/litro,IPIRANGA,5.7
N,BA,Cidade 29,DIESEL S10,2024-04-07,R$/litro,PETROBRAS,6.62
N,CE,Cidade 33,GNV,2023-03-19,R$/litro,IPIRANGA,4.36
CO,RS,Cidade 26,GASOLINA,2024-05-19,R$/litro,PETROBRAS,5.92
N,BA,Cidade 22,ETANOL,2024-08-18,R$/litro,IPIRANGA,4.17
S,PR,Cidade 28,GNV,2024-05-05,R$/litro,IPIRANGA,4.88
NE,RJ,Cidade 46,GASOLINA,2023-04-09,R$/litro,IPIRANGA,5.78
NE,PR,Cidade 13,GASOLINA,2023-12-24,R$/litro,PETROBRAS,6.47
SE,PE,Cidade 24,GNV,2024-01-28,R$/litro,RAIZEN,4.93
N,MG,Cidade 30,GASOLINA,2023-10-15,R$/litro,PETROBRAS,5.86
N,RJ,Cidade 28,DIESEL S10,2023-12-03,R$/litro,BANDEIRA BRANCA,6.44
N,MG,Cidade 2,GNV,2024-07-14,R$/litro,PETROBRAS,5.21
NE,MG,Cidade 15,ETANOL,2024-09-01,R$/litro,PETROBRAS,4.34
N,BA,Cidade 32,ETANOL,2023-08-06,R$/litro,IPIRANGA,4.68
CO,PE,Cidade 35,ETANOL,2023-08-27,R$/litro,IPIRANGA,4.12
NE,BA,Cidade 36,ETANOL,2023-05-28,R$/litro,BANDEIRA BRANCA,4.1
NE,RJ,Cidade 49,ETANOL,2023-10-22,R$/litro,RAIZEN,4.32
SE,MG,Cidade 33,DIESEL S10,2024-02-04,R$/litro,IPIRANGA,6.37
N,PR,Cidade 29,GNV,2024-06-02,R$/litro,BANDEIRA BRANCA,5.38
CO,MG,Cidade 17,GNV,2023-07-16,R$/litro,PETROBRAS,4.54
N,BA,Cidade 19,GNV,2023-06-04,R$/litro,BANDEIRA BRANCA,4.84
CO,PR,Cidade 41,GASOLINA,2023-01-22,R$/litro,IPIRANGA,5.66
CO,MG,Cidade 23,ETANOL,2023-03-05,R$/litro,IPIRANGA,4.21
N,PR,Cidade 36,GNV,2023-02-05,R$/litro,IPIRANGA,4.48
NE,RS,Cidade 7,DIESEL S10,2023-05-28,R$/litro,PETROBRAS,5.95
SE,RJ,Cidade 7,ETANOL,2024-05-19,R$/litro,RAIZEN,4.57
SE,MG,Cidade 11,ETANOL,2024-07-21,R$/litro,RAIZEN,4.53
S,RS,Cidade 10,GASOLINA,2024-12-15,R$/litro,RAIZEN,6.08
NE,SP,Cidade 30,ETANOL,2024-02-04,R$/litro,RAIZEN,4.62
N,CE,Cidade 32,ETANOL,2023-11-26,R$/litro,PETROBRAS,4.4
NE,BA,Cidade 28,ETANOL,2024-10-20,R$/litro,BANDEIRA BRANCA,4.51
SE,SP,Cidade 15,DIESEL S10,2023-04-16,R$/litro,RAIZEN,5.88
S,PE,Cidade 29,ETANOL,2024-04-07,R$/litro,RAIZEN,4.43
CO,PE,Cidade 6,GASOLINA,2024-08-18,R$/litro,PETROBRAS,6.34
CO,SP,Cidade 24,GNV,2023-12-31,R$/litro,BANDEIRA BRANCA,4.45
S,RJ,Cidade 8,ETANOL,2023-07-09,R$/litro,RAIZEN,4.18
CO,MG,Cidade 4,ETANOL,2024-03-31,R$/litro,IPIRANGA,4.5
N,BA,Cidade 9,DIESEL S10,2024-12-29,R$/litro,BANDEIRA BRANCA,6.01
CO,PR,Cidade 6,DIESEL S10,2023-06-18,R$/litro,RAIZEN,6.11
CO,RS,Cidade 24,DIESEL S10,2024-02-18,R$/litro,BANDEIRA BRANCA,6.47
N,BA,Cidade 27,GASOLINA,2023-02-05,R$/litro,BANDEIRA BRANCA,5.78
S,SP,Cidade 30,DIESEL S10,2023-06-18,R$/litro,PETROBRAS,6.26
N,PR,Cidade 22,GASOLINA,2024-07-14,R$/litro,BANDEIRA BRANCA,6.06
S,CE,Cidade 9,GNV,2023-12-31,R$/litro,RAIZEN,4.59
S,BA,Cidade 2,ETANOL,2023-05-21,R$/litro,PETROBRAS,3.58
N,RS,Cidade 35,ETANOL,2023-09-03,R$/litro,BANDEIRA BRANCA,4.41
NE,MG,Cidade 49,ETANOL,2023-03-26,R$/litro,IPIRANGA,4.16
NE,CE,Cidade 14,ETANOL,2024-07-21,R$/litro,BANDEIRA BRANCA,4.74
S,SP,Cidade 11,DIESEL S10,2024-11-24,R$/litro,PETROBRAS,6.38
NE,MG,Cidade 16,ETANOL,2023-03-19,R$/litro,IPIRANGA,4.17
SE,RJ,Cidade 11,GASOLINA,2023-06-18,R$/litro,IPIRANGA,5.39
N,PE,Cidade 11,DIESEL S10,2024-09-15,R$/litro,IPIRANGA,6.28
NE,RS,Cidade 25,ETANOL,2024-10-06,R$/litro,RAIZEN,4.55
CO,CE,Cidade 39,GASOLINA,2024-07-14,R$/litro,PETROBRAS,6.3
NE,PR,Cidade 35,GNV,2024-06-09,R$/litro,RAIZEN,5.42
NE,BA,Cidade 48,ETANOL,2024-09-22,R$/litro,PETROBRAS,4.44
SE,BA,Cidade 18,DIESEL S10,2023-10-01,R$/litro,IPIRANGA,5.95
SE,RJ,Cidade 25,GASOLINA,2024-10-13,R$/litro,RAIZEN,5.99
S,BA,Cidade 19,ETANOL,2024-10-13,R$/litro,IPIRANGA,4.35
S,PR,Cidade 3,ETANOL,2023-06-18,R$/litro,IPIRANGA,4.62
S,CE,Cidade 20,GASOLINA,2023-02-19,R$/litro,RAIZEN,5.84
S,BA,Cidade 13,GNV,2024-01-14,R$/litro,PETROBRAS,5.14
N,CE,Cidade 24,ETANOL,2024-07-07,R$/litro,BANDEIRA BRANCA,4.37
SE,CE,Cidade 8,DIESEL S10,2024-09-15,R$/litro,BANDEIRA BRANCA,6.5
S,BA,Cidade 37,DIESEL S10,2023-04-09,R$/litro,BANDEIRA BRANCA,6.17
SE,RS,Cidade 42,ETANOL,2023-10-01,R$/litro,IPIRANGA,4.04
S,RJ,Cidade 48,DIESEL S10,2024-07-14,R$/litro,IPIRANGA,6.36
N,MG,Cidade 5,DIESEL S10,2023-02-12,R$/litro,BANDEIRA BRANCA,5.77
SE,CE,Cidade 6,GASOLINA,2024-06-09,R$/litro,RAIZEN,5.99
S,RJ,Cidade 48,DIESEL S10,2023-07-30,R$/litro,BANDEIRA BRANCA,6.11
SE,RS,Cidade 42,GASOLINA,2023-01-15,R$/litro,PETROBRAS,5.41
CO,PR,Cidade 29,ETANOL,2023-06-25,R$/litro,BANDEIRA BRANCA,4.14
N,RJ,Cidade 16,ETANOL,2024-06-23,R$/litro,RAIZEN,4.49
S,CE,Cidade 26,ETANOL,2024-09-29,R$/litro,BANDEIRA BRANCA,4.47
SE,PR,Cidade 27,GASOLINA,2023-02-26,R$/litro,BANDEIRA BRANCA,5.45
SE,SP,Cidade 42,DIESEL S10,2023-12-03,R$/litro,PETROBRAS,6.25
NE,RJ,Cidade 26,ETANOL,2023-05-28,R$/litro,PETROBRAS,3.91
N,PR,Cidade 2,GASOLINA,2024-05-12,R$/litro,PETROBRAS,6.09
NE,PE,Cidade 35,GASOLINA,2024-07-21,R$/litro,RAIZEN,6.42
CO,CE,Cidade 39,DIESEL S10,2024-12-08,R$/litro,BANDEIRA BRANCA,6.26
S,PE,Cidade 15,DIESEL S10,2023-09-17,R$/litro,PETROBRAS,6.69
S,SP,Cidade 6,DIESEL S10,2023-08-06,R$/litro,PETROBRAS,6.09
NE,PR,Cidade 7,DIESEL S10,2023-08-13,R$/litro,IPIRANGA,6.22
S,SP,Cidade 42,GNV,2024-07-07,R$/litro,IPIRANGA,4.84
CO,SP,Cidade 22,GNV,2023-11-19,R$/litro,PETROBRAS,5.09
SE,PR,Cidade 26,GNV,2023-01-15,R$/litro,RAIZEN,4.48
NE,RS,Cidade 48,GNV,2024-11-24,R$/litro,BANDEIRA BRANCA,5.07
NE,PR,Cidade 3,GNV,2023-03-12,R$/litro,PETROBRAS,4.42
SE,PE,Cidade 11,ETANOL,2024-11-10,R$/litro,PETROBRAS,4.48
NE,SP,Cidade 41,DIESEL S10,2023-04-23,R$/litro,PETROBRAS,6.11
NE,BA,Cidade 27,DIESEL S10,2024-01-28,R$/litro,PETROBRAS,6.32
S,PE,Cidade 2,GASOLINA,2023-08-13,R$/litro,IPIRANGA,5.8
SE,RS,Cidade 35,DIESEL S10,2024-05-19,R$/litro,PETROBRAS,6.21
SE,BA,Cidade 7,DIESEL S10,2023-10-22,R$/litro,IPIRANGA,5.99
SE,RS,Cidade 39,DIESEL S10,2023-09-24,R$/litro,PETROBRAS,6.04
NE,CE,Cidade 40,GNV,2023-12-17,R$/litro,RAIZEN,4.95
SE,SP,Cidade 41,DIESEL S10,2024-12-08,R$/litro,IPIRANGA,6.74
CO,CE,Cidade 23,GNV,2023-06-25,R$/litro,PETROBRAS,4.87
S,PE,Cidade 14,GNV,2023-06-11,R$/litro,PETROBRAS,4.65
N,PE,Cidade 44,GNV,2023-02-12,R$/litro,IPIRANGA,4.64
N,RS,Cidade 28,ETANOL,2024-06-23,R$/litro,RAIZEN,4.37
NE,BA,Cidade 32,GASOLINA,2024-05-12,R$/litro,PETROBRAS,5.64
CO,MG,Cidade 7,ETANOL,2024-03-17,R$/litro,IPIRANGA,4.27
SE,MG,Cidade 31,DIESEL S10,2023-01-15,R$/litro,RAIZEN,5.82
S,CE,Cidade 29,GNV,2024-08-04,R$/litro,IPIRANGA,4.8
S,BA,Cidade 15,GNV,2024-08-11,R$/litro,PETROBRAS,4.92
SE,PR,Cidade 38,DIESEL S10,2024-11-24,R$/litro,IPIRANGA,6.6
S,SP,Cidade 7,DIESEL S10,2024-11-10,R$/litro,PETROBRAS,6.27
S,PE,Cidade 36,GNV,2023-07-09,R$/litro,BANDEIRA BRANCA,4.5
N,PR,Cidade 48,DIESEL S10,2024-06-02,R$/litro,BANDEIRA BRANCA,6.78
S,CE,Cidade 28,GASOLINA,2023-10-22,R$/litro,IPIRANGA,5.48
CO,RJ,Cidade 6,DIESEL S10,2024-03-10,R$/litro,PETROBRAS,6.27
N,BA,Cidade 28,ETANOL,2023-08-27,R$/litro,PETROBRAS,3.84
CO,BA,Cidade 26,DIESEL S10,2024-04-21,R$/litro,RAIZEN,6.17
SE,BA,Cidade 28,DIESEL S10,2024-12-01,R$/litro,BANDEIRA BRANCA,6.52
CO,SP,Cidade 14,ETANOL,2024-04-21,R$/litro,IPIRANGA,4.11
N,RS,Cidade 31,ETANOL,2024-11-03,R$/litro,RAIZEN,4.69
CO,MG,Cidade 13,GASOLINA,2024-11-10,R$/litro,PETROBRAS,6.59
S,BA,Cidade 28,ETANOL,2023-03-26,R$/litro,BANDEIRA BRANCA,4.19
CO,RJ,Cidade 30,GNV,2024-12-08,R$/litro,IPIRANGA,5.43
NE,RS,Cidade 32,DIESEL S10,2024-08-18,R$/litro,PETROBRAS,6.13
SE,BA,Cidade 40,GNV,2023-11-05,R$/litro,BANDEIRA BRANCA,4.73
NE,SP,Cidade 44,GNV,2024-03-17,R$/litro,BANDEIRA BRANCA,5.04
SE,PE,Cidade 39,GNV,2024-03-24,R$/litro,IPIRANGA,5.15
CO,PR,Cidade 39,GASOLINA,2024-07-28,R$/litro,BANDEIRA BRANCA,6.59
S,SP,Cidade 43,ETANOL,2024-08-11,R$/litro,PETROBRAS,4.73
S,SP,Cidade 12,GASOLINA,2023-03-12,R$/litro,IPIRANGA,5.89
NE,PE,Cidade 15,GASOLINA,2023-01-01,R$/litro,RAIZEN,6.26
NE,MG,Cidade 27,GASOLINA,2023-06-25,R$/litro,RAIZEN,5.79
SE,PE,Cidade 23,ETANOL,2024-01-21,R$/litro,IPIRANGA,4.2
CO,RS,Cidade 35,GASOLINA,2024-09-15,R$/litro,BANDEIRA BRANCA,6.24
CO,MG,Cidade 1,GNV,2024-04-21,R$/litro,BANDEIRA BRANCA,4.73
N,MG,Cidade 7,DIESEL S10,2023-04-09,R$/litro,PETROBRAS,6.01
N,PR,Cidade 37,DIESEL S10,2024-06-09,R$/litro,BANDEIRA BRANCA,5.97
NE,SP,Cidade 41,DIESEL S10,2023-12-10,R$/litro,PETROBRAS,6.1
NE,RS,Cidade 15,GNV,2023-09-24,R$/litro,RAIZEN,4.73
NE,MG,Cidade 16,GASOLINA,2024-07-21,R$/litro,IPIRANGA,6.38
SE,RJ,Cidade 28,ETANOL,2023-08-06,R$/litro,IPIRANGA,4.39
SE,MG,Cidade 24,ETANOL,2024-03-24,R$/litro,PETROBRAS,4.09
S,BA,Cidade 9,DIESEL S10,2023-05-14,R$/litro,IPIRANGA,6.55
NE,PR,Cidade 25,DIESEL S10,2023-10-08,R$/litro,PETROBRAS,6.21
SE,SP,Cidade 41,GNV,2024-02-11,R$/litro,BANDEIRA BRANCA,4.95
SE,PE,Cidade 36,DIESEL S10,2024-03-31,R$/litro,PETROBRAS,5.93
CO,CE,Cidade 41,GASOLINA,2024-11-03,R$/litro,IPIRANGA,6.09
S,PR,Cidade 32,DIESEL S10,2023-07-30,R$/litro,PETROBRAS,6.36
NE,CE,Cidade 43,GNV,2024-10-20,R$/litro,PETROBRAS,5.17
NE,RS,Cidade 13,DIESEL S10,2024-08-18,R$/litro,IPIRANGA,6.5
N,PE,Cidade 3,DIESEL S10,2023-09-17,R$/litro,BANDEIRA BRANCA,6.21
N,PR,Cidade 6,GASOLINA,2023-04-09,R$/litro,IPIRANGA,5.33
S,BA,Cidade 49,GASOLINA,2023-07-09,R$/litro,BANDEIRA BRANCA,5.76
CO,RJ,Cidade 32,GASOLINA,2024-04-28,R$/litro,BANDEIRA BRANCA,6.42
S,BA,Cidade 13,GASOLINA,2024-07-28,R$/litro,IPIRANGA,6.42
CO,CE,Cidade 42,ETANOL,2024-03-24,R$/litro,BANDEIRA BRANCA,4.3
NE,CE,Cidade 16,GNV,2024-06-16,R$/litro,IPIRANGA,5.4
SE,RS,Cidade 30,ETANOL,2023-03-12,R$/litro,RAIZEN,3.65
N,RJ,Cidade 13,DIESEL S10,2024-01-07,R$/litro,RAIZEN,6.01
SE,PR,Cidade 5,GNV,2024-09-29,R$/litro,RAIZEN,5.58
N,SP,Cidade 14,GNV,2023-10-08,R$/litro,BANDEIRA BRANCA,4.91
SE,RJ,Cidade 12,DIESEL S10,2024-10-20,R$/litro,PETROBRAS,6.46
S,BA,Cidade 28,GNV,2023-03-26,R$/litro,IPIRANGA,4.57
N,CE,Cidade 2,ETANOL,2024-12-15,R$/litro,RAIZEN,4.38
CO,MG,Cidade 12,ETANOL,2024-07-28,R$/litro,IPIRANGA,4.52
NE,RS,Cidade 28,ETANOL,2024-03-31,R$/litro,BANDEIRA BRANCA,4.39
SE,MG,Cidade 20,GNV,2024-03-24,R$/litro,IPIRANGA,4.93
S,RS,Cidade 32,ETANOL,2024-11-17,R$/litro,IPIRANGA,4.27
CO,SP,Cidade 33,GNV,2023-10-01,R$/litro,IPIRANGA,4.83
N,BA,Cidade 48,GASOLINA,2023-04-30,R$/litro,RAIZEN,5.58
SE,BA,Cidade 41,GASOLINA,2024-11-03,R$/litro,PETROBRAS,6.0
S,MG,Cidade 12,DIESEL S10,2023-03-12,R$/litro,PETROBRAS,6.28
S,MG,Cidade 34,GNV,2024-04-28,R$/litro,BANDEIRA BRANCA,5.51
SE,PE,Cidade 31,DIESEL S10,2023-07-09,R$/litro,PETROBRAS,6.57
CO,RJ,Cidade 30,ETANOL,2024-11-10,R$/litro,PETROBRAS,4.71
N,SP,Cidade 40,GASOLINA,2024-12-15,R$/litro,IPIRANGA,6.22
SE,SP,Cidade 8,ETANOL,2023-12-10,R$/litro,IPIRANGA,4.21
N,CE,Cidade 19,ETANOL,2024-01-21,R$/litro,PETROBRAS,4.37
NE,MG,Cidade 40,ETANOL,2023-11-26,R$/litro,BANDEIRA BRANCA,4.11
SE,SP,Cidade 44,GNV,2023-11-05,R$/litro,PETROBRAS,5.13
NE,CE,Cidade 2,GNV,2024-11-17,R$/litro,IPIRANGA,4.65
SE,RJ,Cidade 24,GNV,2023-07-30,R$/litro,PETROBRAS,4.63
S,MG,Cidade 13,GASOLINA,2024-12-01,R$/litro,IPIRANGA,6.47
CO,SP,Cidade 9,GASOLINA,2024-04-21,R$/litro,PETROBRAS,5.85
N,PR,Cidade 3,ETANOL,2024-12-01,R$/litro,BANDEIRA BRANCA,4.51
SE,PR,Cidade 27,DIESEL S10,2024-03-24,R$/litro,BANDEIRA BRANCA,6.48
CO,PE,Cidade 33,DIESEL S10,2024-08-18,R$/litro,PETROBRAS,6.85
NE,MG,Cidade 27,ETANOL,2023-12-24,R$/litro,PETROBRAS,3.92
CO,MG,Cidade 19,GASOLINA,2023-12-03,R$/litro,BANDEIRA BRANCA,5.58
N,CE,Cidade 38,ETANOL,2023-07-09,R$/litro,IPIRANGA,3.84
S,PE,Cidade 32,GNV,2023-06-04,R$/litro,PETROBRAS,4.26
NE,SP,Cidade 45,GNV,2023-01-22,R$/litro,PETROBRAS,4.15
NE,PR,Cidade 18,GNV,2023-10-08,R$/litro,IPIRANGA,4.53
N,PE,Cidade 12,DIESEL S10,2024-12-22,R$/litro,RAIZEN,6.9
S,BA,Cidade 23,GASOLINA,2024-11-17,R$/litro,RAIZEN,6.18
S,PR,Cidade 25,GNV,2024-05-19,R$/litro,PETROBRAS,4.99
S,SP,Cidade 23,GASOLINA,2023-09-24,R$/litro,IPIRANGA,5.62
S,SP,Cidade 41,ETANOL,2024-01-14,R$/litro,IPIRANGA,4.42
SE,SP,Cidade 3,GNV,2024-07-07,R$/litro,RAIZEN,5.5
SE,RJ,Cidade 26,DIESEL S10,2023-01-01,R$/litro,IPIRANGA,5.68
CO,CE,Cidade 22,GASOLINA,2024-11-03,R$/litro,PETROBRAS,6.68
SE,PR,Cidade 11,DIESEL S10,2024-09-29,R$/litro,BANDEIRA BRANCA,6.6
CO,PE,Cidade 32,GASOLINA,2024-12-08,R$/litro,RAIZEN,6.28
SE,MG,Cidade 40,ETANOL,2023-03-05,R$/litro,IPIRANGA,4.06
N,CE,Cidade 27,GNV,2024-11-24,R$/litro,PETROBRAS,5.26
S,RJ,Cidade 5,ETANOL,2024-03-24,R$/litro,PETROBRAS,4.79
NE,CE,Cidade 4,GNV,2024-02-11,R$/litro,BANDEIRA BRANCA,5.02
S,SP,Cidade 21,DIESEL S10,2023-05-07,R$/litro,BANDEIRA BRANCA,6.16
NE,SP,Cidade 33,DIESEL S10,2023-12-24,R$/litro,RAIZEN,6.14
NE,SP,Cidade 16,DIESEL S10,2023-09-24,R$/litro,PETROBRAS,6.36
NE,PE,Cidade 16,DIESEL S10,2024-12-22,R$/litro,IPIRANGA,6.35
S,MG,Cidade 43,GASOLINA,2023-09-03,R$/litro,IPIRANGA,5.86
NE,RS,Cidade 1,GNV,2023-06-04,R$/litro,PETROBRAS,5.37
CO,RS,Cidade 4,ETANOL,2024-11-24,R$/litro,PETROBRAS,3.94
NE,PE,Cidade 8,DIESEL S10,2023-05-14,R$/litro,IPIRANGA,6.09
S,MG,Cidade 49,DIESEL S10,2024-10-20,R$/litro,IPIRANGA,6.6
SE,SP,Cidade 25,DIESEL S10,2024-12-08,R$/litro,RAIZEN,6.52
S,RS,Cidade 8,ETANOL,2023-08-13,R$/litro,RAIZEN,4.06
SE,MG,Cidade 16,GNV,2024-05-19,R$/litro,IPIRANGA,5.01
SE,PR,Cidade 48,GASOLINA,2024-08-04,R$/litro,IPIRANGA,6.09
CO,PE,Cidade 35,DIESEL S10,2024-01-28,R$/litro,RAIZEN,6.33
SE,SP,Cidade 11,DIESEL S10,2024-05-26,R$/litro,PETROBRAS,6.27
NE,PE,Cidade 12,DIESEL S10,2023-04-02,R$/litro,PETROBRAS,6.49
CO,SP,Cidade 4,GASOLINA,2024-01-14,R$/litro,BANDEIRA BRANCA,5.9
CO,BA,Cidade 38,ETANOL,2024-01-07,R$/litro,PETROBRAS,4.4
SE,RS,Cidade 7,GASOLINA,2024-02-18,R$/litro,PETROBRAS,5.83
SE,MG,Cidade 15,DIESEL S10,2024-11-24,R$/litro,RAIZEN,6.8
S,RS,Cidade 18,DIESEL S10,2024-08-25,R$/litro,RAIZEN,6.66
NE,MG,Cidade 31,DIESEL S10,2024-03-17,R$/litro,PETROBRAS,6.43
CO,PE,Cidade 30,GNV,2023-10-22,R$/litro,BANDEIRA BRANCA,4.53
S,CE,Cidade 40,ETANOL,2023-10-22,R$/litro,PETROBRAS,3.99
SE,PE,Cidade 15,ETANOL,2023-01-15,R$/litro,RAIZEN,4.33
S,RS,Cidade 19,ETANOL,2024-02-04,R$/litro,RAIZEN,4.09
CO,BA,Cidade 20,GASOLINA,2023-07-02,R$/litro,BANDEIRA BRANCA,5.93
SE,RS,Cidade 3,GNV,2024-10-13,R$/litro,RAIZEN,4.89
S,PE,Cidade 37,GNV,2024-07-21,R$/litro,RAIZEN,5.3
SE,BA,Cidade 27,ETANOL,2024-10-27,R$/litro,PETROBRAS,4.37
SE,RS,Cidade 24,GNV,2024-12-29,R$/litro,BANDEIRA BRANCA,4.96
CO,RS,Cidade 49,GASOLINA,2023-10-22,R$/litro,PETROBRAS,5.7
SE,RS,Cidade 9,GASOLINA,2023-11-05,R$/litro,IPIRANGA,5.76
S,BA,Cidade 48,ETANOL,2024-03-17,R$/litro,IPIRANGA,4.42
CO,PR,Cidade 34,ETANOL,2023-11-12,R$/litro,IPIRANGA,4.22
N,RS,Cidade 11,GASOLINA,2023-07-23,R$/litro,RAIZEN,5.52
SE,PE,Cidade 34,DIESEL S10,2024-06-02,R$/litro,PETROBRAS,6.39
NE,PE,Cidade 38,GNV,2023-11-26,R$/litro,IPIRANGA,4.53
CO,RS,Cidade 18,ETANOL,2024-11-17,R$/litro,IPIRANGA,4.72
NE,CE,Cidade 17,ETANOL,2023-06-11,R$/litro,RAIZEN,4.26
NE,RJ,Cidade 41,GASOLINA,2023-11-19,R$/litro,RAIZEN,5.9
NE,CE,Cidade 8,ETANOL,2024-01-21,R$/litro,BANDEIRA BRANCA,4.34
N,MG,Cidade 1,GNV,2024-10-27,R$/litro,PETROBRAS,5.58
SE,BA,Cidade 33,GNV,2024-02-25,R$/litro,BANDEIRA BRANCA,4.86
CO,MG,Cidade 45,GASOLINA,2023-02-19,R$/litro,IPIRANGA,5.41
CO,RS,Cidade 25,GASOLINA,2023-09-03,R$/litro,IPIRANGA,5.98
SE,MG,Cidade 7,GNV,2024-10-13,R$/litro,RAIZEN,4.84
CO,PR,Cidade 27,GASOLINA,2023-07-16,R$/litro,PETROBRAS,5.74
CO,SP,Cidade 13,DIESEL S10,2023-09-03,R$/litro,BANDEIRA BRANCA,5.99
N,PE,Cidade 41,GNV,2023-04-16,R$/litro,IPIRANGA,4.43
S,CE,Cidade 30,GNV,2024-06-09,R$/litro,BANDEIRA BRANCA,4.94
NE,BA,Cidade 17,DIESEL S10,2023-04-09,R$/litro,PETROBRAS,6.22
CO,BA,Cidade 31,ETANOL,2023-09-24,R$/litro,BANDEIRA BRANCA,4.43
SE,PR,Cidade 33,GNV,2024-06-02,R$/litro,IPIRANGA,5.23
CO,RJ,Cidade 34,DIESEL S10,2024-10-20,R$/litro,RAIZEN,6.62
CO,PR,Cidade 18,GNV,2023-06-11,R$/litro,BANDEIRA BRANCA,4.59
N,RJ,Cidade 28,DIESEL S10,2023-08-27,R$/litro,PETROBRAS,5.54
S,PR,Cidade 3,GNV,2023-03-26,R$/litro,IPIRANGA,4.67
NE,MG,Cidade 20,GNV,2023-11-12,R$/litro,BANDEIRA BRANCA,4.23
SE,PR,Cidade 19,GASOLINA,2024-12-29,R$/litro,PETROBRAS,5.82
CO,PE,Cidade 27,ETANOL,2023-08-06,R$/litro,PETROBRAS,4.07
S,RJ,Cidade 47,GNV,2023-07-09,R$/litro,RAIZEN,4.75
SE,BA,Cidade 47,GASOLINA,2023-10-15,R$/litro,PETROBRAS,5.76
N,RS,Cidade 24,DIESEL S10,2024-10-20,R$/litro,BANDEIRA BRANCA,6.91
N,MG,Cidade 32,ETANOL,2024-02-04,R$/litro,BANDEIRA BRANCA,4.4
N,BA,Cidade 6,GASOLINA,2024-03-17,R$/litro,PETROBRAS,5.96
SE,CE,Cidade 24,DIESEL S10,2024-07-21,R$/litro,PETROBRAS,6.79
N,SP,Cidade 34,GNV,2024-06-09,R$/litro,BANDEIRA BRANCA,5.39
N,CE,Cidade 34,GNV,2024-03-10,R$/litro,RAIZEN,5.04
N,PE,Cidade 48,ETANOL,2024-02-11,R$/litro,BANDEIRA BRANCA,4.1
CO,BA,Cidade 23,GASOLINA,2024-01-21,R$/litro,BANDEIRA BRANCA,5.83
S,BA,Cidade 45,GNV,2023-05-07,R$/litro,IPIRANGA,4.26
S,MG,Cidade 48,GNV,2023-10-29,R$/litro,IPIRANGA,4.78
CO,RJ,Cidade 29,DIESEL S10,2024-09-08,R$/litro,RAIZEN,6.23
NE,BA,Cidade 5,DIESEL S10,2023-01-29,R$/litro,RAIZEN,5.84
NE,PE,Cidade 19,DIESEL S10,2024-08-25,R$/litro,IPIRANGA,6.54
S,RJ,Cidade 38,GASOLINA,2024-02-18,R$/litro,IPIRANGA,5.5
N,PR,Cidade 29,GASOLINA,2023-09-10,R$/litro,IPIRANGA,5.53
N,PR,Cidade 46,GASOLINA,2023-03-19,R$/litro,RAIZEN,5.55
SE,PE,Cidade 40,GNV,2024-07-14,R$/litro,IPIRANGA,5.02
NE,MG,Cidade 4,GASOLINA,2023-01-01,R$/litro,IPIRANGA,5.48
CO,RS,Cidade 43,DIESEL S10,2024-02-04,R$/litro,PETROBRAS,6.21
S,RS,Cidade 18,ETANOL,2023-04-30,R$/litro,BANDEIRA BRANCA,3.84
S,PE,Cidade 41,GASOLINA,2024-10-27,R$/litro,RAIZEN,5.88
CO,CE,Cidade 25,GNV,2023-05-14,R$/litro,BANDEIRA BRANCA,4.49
SE,RS,Cidade 23,GASOLINA,2024-08-11,R$/litro,BANDEIRA BRANCA,6.11
S,CE,Cidade 4,GNV,2024-02-25,R$/litro,RAIZEN,4.83
NE,BA,Cidade 6,GNV,2023-01-29,R$/litro,IPIRANGA,4.55
N,RS,Cidade 30,GNV,2024-06-09,R$/litro,RAIZEN,5.11
SE,SP,Cidade 28,GASOLINA,2024-10-06,R$/litro,RAIZEN,6.39
NE,BA,Cidade 28,GNV,2023-06-11,R$/litro,BANDEIRA BRANCA,4.5
SE,PR,Cidade 8,DIESEL S10,2024-12-08,R$/litro,PETROBRAS,6.18
N,CE,Cidade 25,ETANOL,2024-08-04,R$/litro,PETROBRAS,4.78
N,PR,Cidade 3,DIESEL S10,2024-06-23,R$/litro,PETROBRAS,6.51
NE,SP,Cidade 8,ETANOL,2023-09-03,R$/litro,PETROBRAS,3.9
S,BA,Cidade 25,ETANOL,2023-03-26,R$/litro,RAIZEN,4.05
SE,PR,Cidade 31,ETANOL,2023-11-12,R$/litro,PETROBRAS,4.47
CO,RS,Cidade 33,DIESEL S10,2024-08-11,R$/litro,PETROBRAS,6.9
N,RS,Cidade 49,DIESEL S10,2024-03-03,R$/litro,IPIRANGA,6.37
S,PE,Cidade 42,GASOLINA,2024-04-14,R$/litro,BANDEIRA BRANCA,6.31
NE,BA,Cidade 19,GASOLINA,2024-07-28,R$/litro,IPIRANGA,5.85
N,PR,Cidade 39,GNV,2023-09-03,R$/litro,IPIRANGA,4.73
N,RS,Cidade 5,DIESEL S10,2023-01-22,R$/litro,IPIRANGA,5.84
NE,MG,Cidade 43,GNV,2024-10-06,R$/litro,BANDEIRA BRANCA,5.2
S,BA,Cidade 19,ETANOL,2024-03-24,R$/litro,IPIRANGA,4.73
N,CE,Cidade 38,ETANOL,2024-02-18,R$/litro,IPIRANGA,4.36
N,BA,Cidade 48,ETANOL,2024-02-25,R$/litro,BANDEIRA BRANCA,4.07
NE,PR,Cidade 35,DIESEL S10,2024-09-15,R$/litro,IPIRANGA,6.18
SE,SP,Cidade 46,GNV,2024-07-14,R$/litro,IPIRANGA,5.45
NE,CE,Cidade 1,DIESEL S10,2024-05-05,R$/litro,BANDEIRA BRANCA,6.5
N,RJ,Cidade 9,ETANOL,2024-07-28,R$/litro,IPIRANGA,4.56
CO,CE,Cidade 31,GNV,2023-07-30,R$/litro,RAIZEN,4.62
NE,RS,Cidade 27,DIESEL S10,2024-06-02,R$/litro,RAIZEN,6.46
S,CE,Cidade 6,ETANOL,2024-12-15,R$/litro,PETROBRAS,4.34
NE,CE,Cidade 36,GASOLINA,2023-06-18,R$/litro,PETROBRAS,5.86
SE,PE,Cidade 3,DIESEL S10,2024-02-18,R$/litro,BANDEIRA BRANCA,6.0
SE,CE,Cidade 49,DIESEL S10,2024-05-12,R$/litro,IPIRANGA,6.29
N,BA,Cidade 8,GNV,2024-01-14,R$/litro,IPIRANGA,4.7
CO,PE,Cidade 22,GASOLINA,2024-12-08,R$/litro,RAIZEN,5.46
CO,RJ,Cidade 41,GASOLINA,2023-10-22,R$/litro,PETROBRAS,5.8
NE,SP,Cidade 26,GNV,2023-06-04,R$/litro,PETROBRAS,4.42
SE,BA,Cidade 37,DIESEL S10,2023-04-09,R$/litro,IPIRANGA,5.94
CO,PE,Cidade 35,GASOLINA,2024-09-15,R$/litro,BANDEIRA BRANCA,6.2
NE,PE,Cidade 47,GASOLINA,2024-05-19,R$/litro,RAIZEN,6.53
S,BA,Cidade 23,ETANOL,2024-02-25,R$/litro,RAIZEN,4.38
CO,BA,Cidade 48,DIESEL S10,2023-11-12,R$/litro,RAIZEN,6.29
N,BA,Cidade 26,GASOLINA,2023-10-29,R$/litro,BANDEIRA BRANCA,6.01
N,PE,Cidade 44,ETANOL,2024-11-17,R$/litro,BANDEIRA BRANCA,4.78
S,PE,Cidade 36,DIESEL S10,2024-05-12,R$/litro,PETROBRAS,6.49
CO,SP,Cidade 7,GNV,2024-12-08,R$/litro,RAIZEN,5.25
NE,BA,Cidade 32,ETANOL,2024-08-11,R$/litro,RAIZEN,4.64
NE,RS,Cidade 44,ETANOL,2024-07-14,R$/litro,PETROBRAS,3.83
N,PE,Cidade 7,ETANOL,2024-02-11,R$/litro,BANDEIRA BRANCA,4.81
N,BA,Cidade 42,GASOLINA,2023-06-25,R$/litro,IPIRANGA,6.17
SE,CE,Cidade 6,GASOLINA,2024-04-21,R$/litro,BANDEIRA BRANCA,6.11
S,RS,Cidade 43,GNV,2024-06-09,R$/litro,PETROBRAS,4.65
S,PR,Cidade 39,GASOLINA,2024-01-14,R$/litro,RAIZEN,6.27
CO,SP,Cidade 8,GNV,2023-01-15,R$/litro,RAIZEN,4.34
N,CE,Cidade 36,GASOLINA,2024-12-01,R$/litro,RAIZEN,6.4
S,RJ,Cidade 6,DIESEL S10,2024-08-25,R$/litro,PETROBRAS,6.16
N,RS,Cidade 28,GNV,2023-09-10,R$/litro,PETROBRAS,5.3
N,PE,Cidade 46,DIESEL S10,2023-12-24,R$/litro,RAIZEN,5.88
S,CE,Cidade 11,DIESEL S10,2023-03-26,R$/litro,BANDEIRA BRANCA,6.0
NE,RS,Cidade 9,ETANOL,2024-11-17,R$/litro,RAIZEN,4.03
CO,RS,Cidade 21,DIESEL S10,2023-06-18,R$/litro,PETROBRAS,6.05
NE,SP,Cidade 19,DIESEL S10,2023-10-01,R$/litro,BANDEIRA BRANCA,6.06
SE,CE,Cidade 3,ETANOL,2023-11-05,R$/litro,IPIRANGA,4.48
N,SP,Cidade 23,GASOLINA,2023-07-09,R$/litro,PETROBRAS,5.67
NE,SP,Cidade 13,GNV,2024-04-07,R$/litro,IPIRANGA,5.23
NE,RS,Cidade 7,GASOLINA,2024-12-29,R$/litro,PETROBRAS,6.04
N,SP,Cidade 14,GNV,2024-09-15,R$/litro,BANDEIRA BRANCA,5.03
CO,RJ,Cidade 2,GNV,2024-01-21,R$/litro,BANDEIRA BRANCA,4.8
S,PR,Cidade 45,GASOLINA,2023-04-02,R$/litro,PETROBRAS,5.81
NE,PR,Cidade 49,DIESEL S10,2024-09-22,R$/litro,RAIZEN,6.6
SE,MG,Cidade 19,DIESEL S10,2023-07-02,R$/litro,PETROBRAS,6.26
N,PE,Cidade 43,GASOLINA,2024-10-27,R$/litro,IPIRANGA,6.3
NE,BA,Cidade 23,GNV,2023-10-15,R$/litro,PETROBRAS,4.94
S,RJ,Cidade 45,GASOLINA,2024-01-14,R$/litro,RAIZEN,5.74
N,PR,Cidade 9,GASOLINA,2023-11-12,R$/litro,PETROBRAS,6.0
NE,BA,Cidade 14,GNV,2023-11-26,R$/litro,BANDEIRA BRANCA,5.22
NE,PE,Cidade 37,DIESEL S10,2023-04-30,R$/litro,PETROBRAS,5.59
NE,RJ,Cidade 11,GASOLINA,2024-02-11,R$/litro,IPIRANGA,6.11
S,RJ,Cidade 41,GASOLINA,2023-10-22,R$/litro,BANDEIRA BRANCA,6.05
SE,MG,Cidade 21,ETANOL,2024-09-15,R$/litro,BANDEIRA BRANCA,4.86
CO,MG,Cidade 20,GASOLINA,2023-12-17,R$/litro,PETROBRAS,6.12
SE,CE,Cidade 23,GASOLINA,2024-12-08,R$/litro,PETROBRAS,6.3
S,PR,Cidade 40,DIESEL S10,2023-08-06,R$/litro,BANDEIRA BRANCA,6.22
N,BA,Cidade 1,GASOLINA,2023-08-27,R$/litro,BANDEIRA BRANCA,5.64
SE,BA,Cidade 37,ETANOL,2023-01-22,R$/litro,IPIRANGA,3.82
N,CE,Cidade 39,ETANOL,2024-06-23,R$/litro,PETROBRAS,4.08
N,RS,Cidade 41,GNV,2023-02-19,R$/litro,PETROBRAS,4.92
N,RJ,Cidade 49,GNV,2023-07-23,R$/litro,IPIRANGA,4.81
S,RJ,Cidade 39,GNV,2024-10-27,R$/litro,RAIZEN,4.91
SE,MG,Cidade 26,ETANOL,2024-03-24,R$/litro,PETROBRAS,4.4
CO,PR,Cidade 23,DIESEL S10,2024-02-11,R$/litro,RAIZEN,6.58
S,RS,Cidade 20,DIESEL S10,2024-08-11,R$/litro,BANDEIRA BRANCA,6.71
CO,RS,Cidade 41,GNV,2024-07-21,R$/litro,PETROBRAS,4.81
SE,RS,Cidade 20,DIESEL S10,2024-10-13,R$/litro,BANDEIRA BRANCA,5.74
SE,CE,Cidade 29,GNV,2024-04-28,R$/litro,BANDEIRA BRANCA,5.06
N,CE,Cidade 5,DIESEL S10,2023-11-26,R$/litro,IPIRANGA,5.99
CO,RJ,Cidade 16,GNV,2023-04-02,R$/litro,PETROBRAS,4.74
CO,SP,Cidade 14,DIESEL S10,2023-09-24,R$/litro,IPIRANGA,6.39
N,RJ,Cidade 22,DIESEL S10,2024-06-02,R$/litro,IPIRANGA,6.68
S,PE,Cidade 25,DIESEL S10,2023-07-02,R$/litro,IPIRANGA,6.51
CO,RS,Cidade 36,ETANOL,2024-05-05,R$/litro,BANDEIRA BRANCA,4.68
N,PE,Cidade 22,DIESEL S10,2023-04-09,R$/litro,PETROBRAS,6.43
SE,PR,Cidade 8,ETANOL,2023-02-12,R$/litro,IPIRANGA,4.29
SE,BA,Cidade 27,DIESEL S10,2023-09-24,R$/litro,BANDEIRA BRANCA,6.52
CO,MG,Cidade 3,ETANOL,2023-06-18,R$/litro,PETROBRAS,4.05
S,MG,Cidade 42,GNV,2024-09-29,R$/litro,PETROBRAS,4.79
N,RJ,Cidade 38,DIESEL S10,2023-10-01,R$/litro,IPIRANGA,6.78
SE,BA,Cidade 12,DIESEL S10,2023-10-29,R$/litro,BANDEIRA BRANCA,6.2
S,MG,Cidade 13,GASOLINA,2023-10-22,R$/litro,BANDEIRA BRANCA,6.19
S,MG,Cidade 2,GNV,2023-08-20,R$/litro,BANDEIRA BRANCA,4.58
S,SP,Cidade 18,GNV,2024-11-03,R$/litro,BANDEIRA BRANCA,5.39
N,PE,Cidade 2,GASOLINA,2024-06-23,R$/litro,PETROBRAS,5.51
CO,CE,Cidade 46,ETANOL,2023-04-23,R$/litro,IPIRANGA,3.9
CO,RS,Cidade 7,DIESEL S10,2023-06-04,R$/litro,RAIZEN,6.02
N,BA,Cidade 33,GNV,2023-02-26,R$/litro,PETROBRAS,4.67
S,CE,Cidade 28,DIESEL S10,2023-07-02,R$/litro,BANDEIRA BRANCA,6.34
CO,BA,Cidade 12,ETANOL,2024-04-21,R$/litro,RAIZEN,4.08
NE,BA,Cidade 40,ETANOL,2024-11-17,R$/litro,BANDEIRA BRANCA,4.72
NE,RS,Cidade 6,GNV,2023-12-17,R$/litro,IPIRANGA,5.14
N,BA,Cidade 44,GNV,2023-02-26,R$/litro,RAIZEN,5.14
N,BA,Cidade 37,GNV,2023-01-29,R$/litro,PETROBRAS,4.7
CO,PR,Cidade 32,ETANOL,2023-10-29,R$/litro,PETROBRAS,4.07
NE,BA,Cidade 44,ETANOL,2023-07-09,R$/litro,RAIZEN,3.76
N,BA,Cidade 20,GASOLINA,2024-02-25,R$/litro,PETROBRAS,6.46
N,SP,Cidade 14,GNV,2023-03-26,R$/litro,IPIRANGA,4.76
S,CE,Cidade 8,GNV,2023-06-18,R$/litro,BANDEIRA BRANCA,4.66
S,CE,Cidade 46,GASOLINA,2024-02-11,R$/litro,IPIRANGA,5.58
N,RJ,Cidade 20,GASOLINA,2023-07-23,R$/litro,IPIRANGA,5.56
SE,MG,Cidade 41,DIESEL S10,2023-09-24,R$/litro,IPIRANGA,6.31
S,CE,Cidade 17,ETANOL,2023-06-11,R$/litro,RAIZEN,4.14
N,MG,Cidade 47,ETANOL,2023-02-05,R$/litro,BANDEIRA BRANCA,3.45
CO,PE,Cidade 43,ETANOL,2023-09-10,R$/litro,RAIZEN,4.3
NE,PE,Cidade 16,DIESEL S10,2023-08-27,R$/litro,IPIRANGA,5.74
S,PE,Cidade 24,GNV,2024-10-20,R$/litro,IPIRANGA,5.47
NE,SP,Cidade 39,GNV,2024-10-13,R$/litro,PETROBRAS,5.18
N,RS,Cidade 12,ETANOL,2023-11-12,R$/litro,PETROBRAS,4.09
NE,BA,Cidade 2,GNV,2023-07-30,R$/litro,IPIRANGA,4.95
SE,PE,Cidade 15,DIESEL S10,2023-10-29,R$/litro,IPIRANGA,6.28
NE,RJ,Cidade 29,GASOLINA,2024-03-17,R$/litro,BANDEIRA BRANCA,6.35
NE,MG,Cidade 7,GNV,2023-10-08,R$/litro,BANDEIRA BRANCA,4.79
N,RJ,Cidade 17,ETANOL,2024-07-07,R$/litro,PETROBRAS,4.46
CO,PE,Cidade 46,DIESEL S10,2024-12-08,R$/litro,IPIRANGA,6.51
CO,CE,Cidade 4,DIESEL S10,2023-10-22,R$/litro,PETROBRAS,6.25
N,RJ,Cidade 3,GNV,2023-03-26,R$/litro,PETROBRAS,5.01
S,RJ,Cidade 21,GNV,2023-03-26,R$/litro,IPIRANGA,4.45
NE,MG,Cidade 1,GNV,2024-09-29,R$/litro,BANDEIRA BRANCA,5.27
SE,CE,Cidade 2,DIESEL S10,2023-10-29,R$/litro,PETROBRAS,5.97
CO,RS,Cidade 9,ETANOL,2023-08-27,R$/litro,RAIZEN,3.61
CO,MG,Cidade 6,ETANOL,2024-03-31,R$/litro,IPIRANGA,4.39
CO,MG,Cidade 40,GNV,2024-12-01,R$/litro,RAIZEN,5.26
S,BA,Cidade 7,GASOLINA,2023-11-05,R$/litro,BANDEIRA BRANCA,5.87
S,RS,Cidade 26,DIESEL S10,2023-08-20,R$/litro,BANDEIRA BRANCA,5.75
CO,RJ,Cidade 35,DIESEL S10,2024-09-22,R$/litro,BANDEIRA BRANCA,6.58
NE,PE,Cidade 31,GASOLINA,2023-02-26,R$/litro,IPIRANGA,5.72
N,RS,Cidade 33,DIESEL S10,2024-09-08,R$/litro,PETROBRAS,6.27
NE,MG,Cidade 18,ETANOL,2024-01-14,R$/litro,BANDEIRA BRANCA,3.92
NE,PR,Cidade 44,ETANOL,2023-01-15,R$/litro,BANDEIRA BRANCA,3.85
N,PR,Cidade 4,DIESEL S10,2023-06-11,R$/litro,BANDEIRA BRANCA,6.22
CO,RJ,Cidade 6,GASOLINA,2024-05-12,R$/litro,IPIRANGA,6.18
S,SP,Cidade 42,GASOLINA,2024-07-07,R$/litro,IPIRANGA,5.91
CO,SP,Cidade 4,ETANOL,2023-05-21,R$/litro,PETROBRAS,4.07
S,PE,Cidade 10,DIESEL S10,2024-04-28,R$/litro,IPIRANGA,6.58
NE,PR,Cidade 9,GASOLINA,2024-12-22,R$/litro,IPIRANGA,6.0
CO,PE,Cidade 2,ETANOL,2024-05-19,R$/litro,IPIRANGA,4.4
CO,PR,Cidade 6,ETANOL,2024-05-26,R$/litro,BANDEIRA BRANCA,4.72
CO,RS,Cidade 29,DIESEL S10,2023-05-21,R$/litro,RAIZEN,5.72
S,BA,Cidade 33,ETANOL,2024-04-07,R$/litro,PETROBRAS,4.63
CO,PR,Cidade 5,GASOLINA,2024-06-02,R$/litro,RAIZEN,6.5
CO,RS,Cidade 47,DIESEL S10,2023-03-19,R$/litro,RAIZEN,5.92
CO,CE,Cidade 5,GNV,2023-08-13,R$/litro,RAIZEN,4.63
SE,CE,Cidade 34,DIESEL S10,2024-10-06,R$/litro,BANDEIRA BRANCA,6.78
N,PE,Cidade 40,ETANOL,2024-12-29,R$/litro,BANDEIRA BRANCA,4.55
CO,CE,Cidade 26,ETANOL,2023-05-07,R$/litro,IPIRANGA,3.43
N,RS,Cidade 25,GASOLINA,2024-06-16,R$/litro,IPIRANGA,6.09
S,SP,Cidade 6,GASOLINA,2023-12-31,R$/litro,PETROBRAS,6.07
N,RS,Cidade 12,ETANOL,2024-03-03,R$/litro,BANDEIRA BRANCA,4.49
SE,PR,Cidade 42,DIESEL S10,2024-01-07,R$/litro,BANDEIRA BRANCA,6.04
NE,PE,Cidade 18,ETANOL,2024-09-29,R$/litro,RAIZEN,4.44
N,RS,Cidade 2,GNV,2023-11-19,R$/litro,PETROBRAS,5.05
NE,MG,Cidade 36,DIESEL S10,2024-03-03,R$/litro,RAIZEN,6.29
N,RS,Cidade 34,GASOLINA,2024-05-05,R$/litro,BANDEIRA BRANCA,5.69
S,PE,Cidade 4,DIESEL S10,2024-02-11,R$/litro,PETROBRAS,6.6
N,SP,Cidade 3,DIESEL S10,2024-10-06,R$/litro,RAIZEN,6.46
N,MG,Cidade 6,GASOLINA,2023-06-18,R$/litro,RAIZEN,6.03
N,RJ,Cidade 3,ETANOL,2024-11-24,R$/litro,RAIZEN,4.22
S,PE,Cidade 31,GNV,2024-05-12,R$/litro,RAIZEN,4.95
S,RS,Cidade 7,ETANOL,2024-12-01,R$/litro,BANDEIRA BRANCA,4.7
S,SP,Cidade 30,ETANOL,2023-10-01,R$/litro,PETROBRAS,4.14
NE,MG,Cidade 9,GASOLINA,2023-12-17,R$/litro,RAIZEN,5.64
NE,SP,Cidade 48,GASOLINA,2023-01-29,R$/litro,BANDEIRA BRANCA,5.03
S,RS,Cidade 36,ETANOL,2024-11-10,R$/litro,BANDEIRA BRANCA,4.93
NE,CE,Cidade 19,GNV,2024-08-18,R$/litro,IPIRANGA,5.13
S,BA,Cidade 22,GNV,2023-08-06,R$/litro,BANDEIRA BRANCA,5.0
S,PE,Cidade 4,DIESEL S10,2023-02-05,R$/litro,IPIRANGA,6.17
N,PR,Cidade 3,GNV,2024-05-26,R$/litro,IPIRANGA,5.14
CO,CE,Cidade 27,DIESEL S10,2024-05-05,R$/litro,BANDEIRA BRANCA,6.29
S,MG,Cidade 2,DIESEL S10,2024-01-21,R$/litro,IPIRANGA,6.39
CO,CE,Cidade 32,ETANOL,2023-04-23,R$/litro,IPIRANGA,4.37
NE,RJ,Cidade 19,GASOLINA,2024-11-03,R$/litro,RAIZEN,6.27
SE,RS,Cidade 7,ETANOL,2023-11-12,R$/litro,RAIZEN,4.68
S,PR,Cidade 27,GNV,2024-06-16,R$/litro,BANDEIRA BRANCA,4.64
SE,MG,Cidade 28,DIESEL S10,2024-09-22,R$/litro,RAIZEN,6.1
SE,MG,Cidade 37,GNV,2024-02-04,R$/litro,PETROBRAS,5.13
S,RJ,Cidade 10,GASOLINA,2023-03-05,R$/litro,PETROBRAS,5.46
NE,SP,Cidade 27,GASOLINA,2024-10-13,R$/litro,BANDEIRA BRANCA,6.74
N,BA,Cidade 42,ETANOL,2024-05-05,R$/litro,IPIRANGA,4.7
SE,CE,Cidade 14,ETANOL,2024-10-13,R$/litro,PETROBRAS,4.92
CO,RJ,Cidade 41,GNV,2024-03-24,R$/litro,PETROBRAS,5.15
S,RS,Cidade 36,ETANOL,2024-10-27,R$/litro,PETROBRAS,4.31
SE,CE,Cidade 22,DIESEL S10,2024-09-29,R$/litro,PETROBRAS,6.1
N,PE,Cidade 44,DIESEL S10,2023-06-04,R$/litro,BANDEIRA BRANCA,6.42
N,SP,Cidade 48,ETANOL,2023-05-07,R$/litro,RAIZEN,3.65
N,BA,Cidade 12,GNV,2023-04-23,R$/litro,RAIZEN,5.0
SE,RJ,Cidade 49,GASOLINA,2024-08-04,R$/litro,PETROBRAS,6.32
SE,RJ,Cidade 1,GASOLINA,2023-06-25,R$/litro,RAIZEN,5.75
S,RJ,Cidade 7,DIESEL S10,2023-11-26,R$/litro,BANDEIRA BRANCA,6.33
NE,BA,Cidade 3,DIESEL S10,2024-07-28,R$/litro,BANDEIRA BRANCA,6.57
CO,RJ,Cidade 19,ETANOL,2023-11-12,R$/litro,IPIRANGA,4.15
S,MG,Cidade 46,GNV,2023-02-12,R$/litro,RAIZEN,4.9
SE,RJ,Cidade 30,GASOLINA,2023-09-17,R$/litro,IPIRANGA,6.2
CO,MG,Cidade 31,ETANOL,2023-03-05,R$/litro,BANDEIRA BRANCA,4.0
SE,PR,Cidade 5,GASOLINA,2023-10-08,R$/litro,BANDEIRA BRANCA,5.72
SE,RS,Cidade 26,GASOLINA,2024-06-23,R$/litro,PETROBRAS,6.44
NE,MG,Cidade 19,DIESEL S10,2024-01-14,R$/litro,IPIRANGA,5.76
NE,BA,Cidade 24,DIESEL S10,2024-05-05,R$/litro,PETROBRAS,6.48
N,BA,Cidade 13,DIESEL S10,2023-03-19,R$/litro,RAIZEN,6.16
CO,SP,Cidade 10,GNV,2024-06-30,R$/litro,IPIRANGA,4.82
CO,CE,Cidade 47,GASOLINA,2023-11-05,R$/litro,RAIZEN,6.14
S,CE,Cidade 28,DIESEL S10,2023-07-30,R$/litro,BANDEIRA BRANCA,6.09
CO,BA,Cidade 21,GASOLINA,2024-04-21,R$/litro,BANDEIRA BRANCA,5.92
N,BA,Cidade 4,GNV,2023-04-09,R$/litro,PETROBRAS,4.83
SE,PR,Cidade 38,DIESEL S10,2023-12-31,R$/litro,PETROBRAS,5.98
CO,RS,Cidade 24,GNV,2023-11-05,R$/litro,BANDEIRA BRANCA,5.01
SE,MG,Cidade 19,DIESEL S10,2023-04-30,R$/litro,PETROBRAS,5.52
NE,MG,Cidade 33,ETANOL,2024-11-24,R$/litro,IPIRANGA,4.64
N,RJ,Cidade 7,DIESEL S10,2023-09-24,R$/litro,BANDEIRA BRANCA,6.17
S,PE,Cidade 27,GNV,2023-01-29,R$/litro,IPIRANGA,4.39
S,MG,Cidade 43,GASOLINA,2023-11-19,R$/litro,PETROBRAS,6.01
NE,MG,Cidade 23,GNV,2024-12-08,R$/litro,BANDEIRA BRANCA,5.16
CO,CE,Cidade 1,DIESEL S10,2024-05-05,R$/litro,RAIZEN,6.63
S,BA,Cidade 12,GASOLINA,2024-04-07,R$/litro,IPIRANGA,6.18
N,BA,Cidade 3,GNV,2024-10-20,R$/litro,RAIZEN,5.24
NE,RJ,Cidade 25,GASOLINA,2023-02-26,R$/litro,RAIZEN,5.73
SE,MG,Cidade 18,DIESEL S10,2024-02-04,R$/litro,RAIZEN,6.16
N,PR,Cidade 7,GASOLINA,2023-08-20,R$/litro,BANDEIRA BRANCA,5.75
CO,RS,Cidade 34,GASOLINA,2024-05-12,R$/litro,BANDEIRA BRANCA,6.14
NE,RJ,Cidade 9,DIESEL S10,2024-09-15,R$/litro,IPIRANGA,6.45
SE,PE,Cidade 17,DIESEL S10,2023-02-26,R$/litro,BANDEIRA BRANCA,6.23
SE,RS,Cidade 49,DIESEL S10,2023-04-23,R$/litro,BANDEIRA BRANCA,6.03
NE,PR,Cidade 4,ETANOL,2024-12-01,R$/litro,PETROBRAS,4.67
NE,MG,Cidade 13,GNV,2023-12-24,R$/litro,IPIRANGA,4.49
NE,BA,Cidade 16,GASOLINA,2023-08-20,R$/litro,RAIZEN,6.06
S,PE,Cidade 25,GNV,2023-04-16,R$/litro,BANDEIRA BRANCA,4.46
NE,CE,Cidade 13,ETANOL,2023-09-17,R$/litro,RAIZEN,3.89
S,RJ,Cidade 48,DIESEL S10,2023-01-01,R$/litro,RAIZEN,6.31
N,PR,Cidade 1,GNV,2023-06-11,R$/litro,IPIRANGA,4.83
N,CE,Cidade 47,ETANOL,2023-05-14,R$/litro,PETROBRAS,4.27
N,PR,Cidade 27,ETANOL,2023-02-26,R$/litro,BANDEIRA BRANCA,4.07
SE,RJ,Cidade 2,GNV,2024-12-08,R$/litro,RAIZEN,5.15
CO,RJ,Cidade 6,GNV,2024-07-28,R$/litro,IPIRANGA,4.98
SE,RJ,Cidade 6,GASOLINA,2024-11-17,R$/litro,BANDEIRA BRANCA,6.45
CO,SP,Cidade 15,DIESEL S10,2023-06-25,R$/litro,PETROBRAS,6.35
SE,PE,Cidade 17,ETANOL,2023-07-30,R$/litro,IPIRANGA,4.08
NE,CE,Cidade 32,DIESEL S10,2023-07-23,R$/litro,BANDEIRA BRANCA,6.61
SE,BA,Cidade 16,ETANOL,2024-02-11,R$/litro,IPIRANGA,4.24
SE,BA,Cidade 36,GASOLINA,2023-05-14,R$/litro,BANDEIRA BRANCA,5.38
N,PE,Cidade 15,GNV,2023-06-18,R$/litro,BANDEIRA BRANCA,4.23
N,RS,Cidade 13,DIESEL S10,2024-12-15,R$/litro,PETROBRAS,6.16
SE,RS,Cidade 14,ETANOL,2023-09-10,R$/litro,IPIRANGA,4.04
CO,BA,Cidade 17,GASOLINA,2024-07-28,R$/litro,BANDEIRA BRANCA,6.09
S,MG,Cidade 42,GASOLINA,2023-06-18,R$/litro,IPIRANGA,5.93
S,SP,Cidade 13,ETANOL,2024-11-10,R$/litro,PETROBRAS,4.54
S,BA,Cidade 14,DIESEL S10,2024-05-19,R$/litro,PETROBRAS,6.59
NE,PE,Cidade 47,ETANOL,2024-09-22,R$/litro,PETROBRAS,4.52
SE,SP,Cidade 33,DIESEL S10,2024-01-14,R$/litro,PETROBRAS,6.27
NE,RJ,Cidade 10,ETANOL,2024-10-27,R$/litro,IPIRANGA,4.39
S,MG,Cidade 43,GASOLINA,2023-09-24,R$/litro,IPIRANGA,6.21
SE,PE,Cidade 9,DIESEL S10,2023-12-17,R$/litro,BANDEIRA BRANCA,5.85
S,BA,Cidade 8,GASOLINA,2023-02-12,R$/litro,RAIZEN,5.72
N,BA,Cidade 22,GASOLINA,2023-04-30,R$/litro,PETROBRAS,5.67
N,PR,Cidade 34,GASOLINA,2024-07-14,R$/litro,PETROBRAS,6.33
S,MG,Cidade 10,ETANOL,2023-08-27,R$/litro,PETROBRAS,4.12
S,PR,Cidade 37,DIESEL S10,2023-03-12,R$/litro,IPIRANGA,5.97
N,SP,Cidade 8,GNV,2023-07-30,R$/litro,RAIZEN,4.63
N,SP,Cidade 39,GASOLINA,2023-09-17,R$/litro,PETROBRAS,6.2
CO,PE,Cidade 5,GASOLINA,2024-06-09,R$/litro,IPIRANGA,6.1
CO,PR,Cidade 23,GASOLINA,2023-03-05,R$/litro,IPIRANGA,6.15
CO,RJ,Cidade 32,ETANOL,2023-01-15,R$/litro,PETROBRAS,3.98
CO,RS,Cidade 14,GASOLINA,2024-06-16,R$/litro,PETROBRAS,6.12
NE,SP,Cidade 30,ETANOL,2023-04-09,R$/litro,PETROBRAS,3.96
S,PR,Cidade 34,GNV,2023-11-05,R$/litro,PETROBRAS,4.94
S,PE,Cidade 32,ETANOL,2024-05-12,R$/litro,BANDEIRA BRANCA,4.23
S,MG,Cidade 20,DIESEL S10,2024-01-07,R$/litro,BANDEIRA BRANCA,6.29
N,MG,Cidade 38,DIESEL S10,2023-03-26,R$/litro,RAIZEN,5.98
N,RJ,Cidade 36,GASOLINA,2024-06-09,R$/litro,BANDEIRA BRANCA,6.18
CO,RS,Cidade 16,GASOLINA,2023-02-05,R$/litro,BANDEIRA BRANCA,5.72
SE,MG,Cidade 36,ETANOL,2023-06-18,R$/litro,BANDEIRA BRANCA,4.16
NE,RJ,Cidade 46,ETANOL,2023-03-19,R$/litro,PETROBRAS,4.0
S,RS,Cidade 41,GASOLINA,2024-01-07,R$/litro,BANDEIRA BRANCA,6.35
CO,PE,Cidade 36,DIESEL S10,2024-05-19,R$/litro,IPIRANGA,6.49
S,PE,Cidade 38,ETANOL,2024-04-21,R$/litro,RAIZEN,5.01
SE,MG,Cidade 40,ETANOL,2023-04-09,R$/litro,BANDEIRA BRANCA,4.01
NE,CE,Cidade 15,DIESEL S10,2023-09-10,R$/litro,IPIRANGA,6.38
CO,RJ,Cidade 36,GNV,2023-04-16,R$/litro,IPIRANGA,4.42
CO,CE,Cidade 10,GNV,2023-09-03,R$/litro,PETROBRAS,5.09
SE,MG,Cidade 18,GNV,2023-06-18,R$/litro,PETROBRAS,4.49
S,BA,Cidade 46,ETANOL,2024-06-23,R$/litro,PETROBRAS,4.53
SE,RJ,Cidade 14,GASOLINA,2024-06-30,R$/litro,IPIRANGA,6.06
S,PE,Cidade 42,GASOLINA,2024-08-18,R$/litro,BANDEIRA BRANCA,6.28
NE,MG,Cidade 21,ETANOL,2023-05-28,R$/litro,IPIRANGA,3.98
S,PE,Cidade 11,ETANOL,2023-01-08,R$/litro,RAIZEN,3.71
SE,SP,Cidade 5,GASOLINA,2023-01-22,R$/litro,PETROBRAS,5.55
NE,BA,Cidade 27,GASOLINA,2024-09-08,R$/litro,RAIZEN,6.58
SE,RJ,Cidade 23,GASOLINA,2024-10-27,R$/litro,BANDEIRA BRANCA,6.35
S,CE,Cidade 26,DIESEL S10,2023-06-04,R$/litro,IPIRANGA,5.73
SE,RS,Cidade 3,ETANOL,2024-10-06,R$/litro,IPIRANGA,4.79
SE,PR,Cidade 14,GASOLINA,2024-01-21,R$/litro,BANDEIRA BRANCA,5.75
NE,CE,Cidade 1,DIESEL S10,2023-05-14,R$/litro,RAIZEN,6.21
CO,BA,Cidade 15,GNV,2023-08-13,R$/litro,IPIRANGA,4.85
N,SP,Cidade 46,ETANOL,2023-07-09,R$/litro,PETROBRAS,4.24
SE,RJ,Cidade 8,ETANOL,2024-07-14,R$/litro,BANDEIRA BRANCA,4.9
SE,RJ,Cidade 34,ETANOL,2023-05-14,R$/litro,RAIZEN,3.82
S,CE,Cidade 1,ETANOL,2023-05-14,R$/litro,PETROBRAS,4.18
N,CE,Cidade 28,ETANOL,2024-06-09,R$/litro,RAIZEN,4.72
N,RS,Cidade 46,GNV,2023-08-06,R$/litro,BANDEIRA BRANCA,4.55
CO,CE,Cidade 17,GNV,2023-07-02,R$/litro,BANDEIRA BRANCA,4.49
S,RJ,Cidade 10,ETANOL,2024-08-11,R$/litro,PETROBRAS,4.39
SE,PR,Cidade 28,GNV,2024-11-10,R$/litro,IPIRANGA,5.23
SE,RS,Cidade 14,GNV,2024-02-11,R$/litro,BANDEIRA BRANCA,4.54
SE,RJ,Cidade 44,GASOLINA,2024-08-25,R$/litro,BANDEIRA BRANCA,6.32
SE,MG,Cidade 42,ETANOL,2024-09-08,R$/litro,RAIZEN,4.14
CO,RS,Cidade 32,DIESEL S10,2024-03-03,R$/litro,IPIRANGA,6.63
S,MG,Cidade 32,ETANOL,2024-09-01,R$/litro,BANDEIRA BRANCA,4.61
CO,RJ,Cidade 30,ETANOL,2023-01-01,R$/litro,RAIZEN,4.38
NE,MG,Cidade 37,ETANOL,2023-01-22,R$/litro,RAIZEN,4.09
NE,RJ,Cidade 23,DIESEL S10,2024-10-06,R$/litro,BANDEIRA BRANCA,6.44
NE,CE,Cidade 48,ETANOL,2023-04-09,R$/litro,IPIRANGA,3.79
CO,RS,Cidade 17,DIESEL S10,2024-06-16,R$/litro,RAIZEN,6.47
SE,SP,Cidade 1,GASOLINA,2023-11-05,R$/litro,PETROBRAS,5.89
SE,BA,Cidade 35,GNV,2024-07-28,R$/litro,RAIZEN,5.35
NE,CE,Cidade 33,GASOLINA,2024-04-28,R$/litro,RAIZEN,5.83
S,MG,Cidade 49,GASOLINA,2023-02-19,R$/litro,BANDEIRA BRANCA,6.15
NE,PE,Cidade 20,GASOLINA,2023-09-03,R$/litro,IPIRANGA,6.15
N,BA,Cidade 21,ETANOL,2024-06-02,R$/litro,BANDEIRA BRANCA,4.35
NE,PR,Cidade 28,DIESEL S10,2024-11-03,R$/litro,RAIZEN,6.99
S,MG,Cidade 20,GNV,2024-08-11,R$/litro,PETROBRAS,4.87
S,SP,Cidade 39,ETANOL,2024-10-13,R$/litro,PETROBRAS,4.58
N,MG,Cidade 21,GASOLINA,2024-12-01,R$/litro,PETROBRAS,5.95
S,CE,Cidade 39,ETANOL,2024-10-13,R$/litro,IPIRANGA,4.99
NE,PE,Cidade 21,GASOLINA,2024-02-25,R$/litro,RAIZEN,5.59
NE,PE,Cidade 12,ETANOL,2023-09-03,R$/litro,BANDEIRA BRANCA,3.77
N,CE,Cidade 49,DIESEL S10,2024-01-07,R$/litro,BANDEIRA BRANCA,6.1
N,MG,Cidade 26,GASOLINA,2024-08-04,R$/litro,RAIZEN,6.49
NE,MG,Cidade 35,GNV,2023-11-05,R$/litro,IPIRANGA,5.03
S,CE,Cidade 29,GASOLINA,2024-09-01,R$/litro,RAIZEN,6.21
S,BA,Cidade 18,DIESEL S10,2024-05-26,R$/litro,IPIRANGA,6.64
NE,MG,Cidade 48,GNV,2023-05-28,R$/litro,PETROBRAS,4.61
S,MG,Cidade 19,GNV,2024-11-03,R$/litro,RAIZEN,5.25
N,CE,Cidade 49,DIESEL S10,2024-09-08,R$/litro,BANDEIRA BRANCA,6.9
S,SP,Cidade 22,DIESEL S10,2024-03-10,R$/litro,PETROBRAS,6.25
N,SP,Cidade 2,GASOLINA,2023-05-21,R$/litro,PETROBRAS,5.54
N,PR,Cidade 2,GASOLINA,2023-06-11,R$/litro,PETROBRAS,5.87
CO,SP,Cidade 48,ETANOL,2024-09-08,R$/litro,PETROBRAS,4.68
SE,RJ,Cidade 26,DIESEL S10,2023-01-08,R$/litro,PETROBRAS,5.93
N,CE,Cidade 19,DIESEL S10,2023-12-17,R$/litro,PETROBRAS,6.49
SE,RS,Cidade 40,GNV,2024-03-31,R$/litro,PETROBRAS,4.89
S,PR,Cidade 31,ETANOL,2023-06-18,R$/litro,IPIRANGA,4.09
SE,RS,Cidade 33,GNV,2024-09-22,R$/litro,RAIZEN,5.2
SE,SP,Cidade 34,ETANOL,2024-01-14,R$/litro,PETROBRAS,4.33
SE,RJ,Cidade 10,GASOLINA,2023-02-12,R$/litro,IPIRANGA,6.04
SE,PE,Cidade 5,DIESEL S10,2023-08-20,R$/litro,BANDEIRA BRANCA,6.21
CO,SP,Cidade 36,GASOLINA,2023-10-15,R$/litro,PETROBRAS,5.8
SE,BA,Cidade 2,ETANOL,2023-06-11,R$/litro,BANDEIRA BRANCA,4.19
S,MG,Cidade 36,GNV,2024-11-17,R$/litro,RAIZEN,5.41
N,MG,Cidade 7,GNV,2023-09-17,R$/litro,RAIZEN,4.94
CO,CE,Cidade 13,ETANOL,2023-12-31,R$/litro,IPIRANGA,4.43
CO,BA,Cidade 35,GASOLINA,2024-01-28,R$/litro,IPIRANGA,5.6
SE,BA,Cidade 31,GASOLINA,2023-06-11,R$/litro,IPIRANGA,5.13
CO,MG,Cidade 39,GASOLINA,2024-02-18,R$/litro,PETROBRAS,6.31
N,RS,Cidade 30,GNV,2023-09-17,R$/litro,IPIRANGA,4.86
SE,PR,Cidade 3,GNV,2023-01-08,R$/litro,BANDEIRA BRANCA,4.5
NE,SP,Cidade 42,DIESEL S10,2023-10-22,R$/litro,PETROBRAS,6.36
CO,RJ,Cidade 11,DIESEL S10,2024-03-03,R$/litro,RAIZEN,6.79
S,BA,Cidade 7,ETANOL,2023-03-26,R$/litro,RAIZEN,4.33
SE,BA,Cidade 44,GASOLINA,2024-07-21,R$/litro,PETROBRAS,6.38
CO,SP,Cidade 10,GASOLINA,2024-04-28,R$/litro,PETROBRAS,5.84
CO,PE,Cidade 27,DIESEL S10,2023-08-13,R$/litro,RAIZEN,5.93
CO,BA,Cidade 24,GASOLINA,2024-03-10,R$/litro,PETROBRAS,5.42
CO,RJ,Cidade 38,GASOLINA,2023-08-06,R$/litro,BANDEIRA BRANCA,5.97
CO,PE,Cidade 3,GNV,2024-04-21,R$/litro,PETROBRAS,5.23
NE,CE,Cidade 6,DIESEL S10,2023-04-23,R$/litro,PETROBRAS,6.3
SE,RS,Cidade 21,ETANOL,2024-03-24,R$/litro,IPIRANGA,4.5
N,MG,Cidade 24,GASOLINA,2023-02-05,R$/litro,IPIRANGA,5.6
S,MG,Cidade 39,GASOLINA,2023-01-08,R$/litro,PETROBRAS,5.47
NE,BA,Cidade 30,ETANOL,2023-07-02,R$/litro,RAIZEN,3.87
N,SP,Cidade 8,ETANOL,2023-05-07,R$/litro,IPIRANGA,3.98
CO,RS,Cidade 48,DIESEL S10,2023-12-24,R$/litro,RAIZEN,6.0
S,SP,Cidade 23,GASOLINA,2023-04-30,R$/litro,PETROBRAS,6.15
S,SP,Cidade 48,GASOLINA,2023-06-25,R$/litro,PETROBRAS,5.44
N,RS,Cidade 49,GASOLINA,2023-03-12,R$/litro,PETROBRAS,5.62
SE,PR,Cidade 3,ETANOL,2024-10-13,R$/litro,PETROBRAS,4.04
NE,CE,Cidade 25,ETANOL,2024-06-23,R$/litro,BANDEIRA BRANCA,4.49
N,SP,Cidade 21,GASOLINA,2023-06-04,R$/litro,IPIRANGA,5.75
NE,RJ,Cidade 25,DIESEL S10,2023-03-26,R$/litro,IPIRANGA,5.89
S,RS,Cidade 16,ETANOL,2024-09-15,R$/litro,RAIZEN,4.26
CO,BA,Cidade 28,GASOLINA,2024-05-05,R$/litro,PETROBRAS,6.07
S,CE,Cidade 25,DIESEL S10,2024-10-13,R$/litro,RAIZEN,6.39
N,PR,Cidade 10,ETANOL,2023-05-07,R$/litro,RAIZEN,3.99
NE,BA,Cidade 15,ETANOL,2023-09-17,R$/litro,BANDEIRA BRANCA,4.64
SE,SP,Cidade 8,ETANOL,2023-03-26,R$/litro,PETROBRAS,4.02
NE,SP,Cidade 42,GASOLINA,2023-11-05,R$/litro,PETROBRAS,6.03
SE,RJ,Cidade 34,ETANOL,2023-04-30,R$/litro,BANDEIRA BRANCA,3.9
CO,PR,Cidade 19,DIESEL S10,2023-01-01,R$/litro,IPIRANGA,5.7
N,MG,Cidade 20,GASOLINA,2024-01-07,R$/litro,PETROBRAS,5.95
S,RJ,Cidade 4,DIESEL S10,2024-12-15,R$/litro,RAIZEN,7.21
NE,PR,Cidade 15,GASOLINA,2024-04-14,R$/litro,IPIRANGA,5.98
N,PE,Cidade 46,DIESEL S10,2024-07-07,R$/litro,BANDEIRA BRANCA,6.52
S,RS,Cidade 2,GASOLINA,2024-08-18,R$/litro,BANDEIRA BRANCA,5.96
S,CE,Cidade 8,GASOLINA,2024-12-15,R$/litro,RAIZEN,5.6
NE,PR,Cidade 42,ETANOL,2023-04-02,R$/litro,PETROBRAS,3.79
S,PR,Cidade 26,DIESEL S10,2023-07-02,R$/litro,RAIZEN,6.67
N,PE,Cidade 2,DIESEL S10,2024-03-24,R$/litro,PETROBRAS,6.48
SE,RJ,Cidade 24,ETANOL,2024-08-25,R$/litro,BANDEIRA BRANCA,4.89
CO,PE,Cidade 37,GASOLINA,2024-07-21,R$/litro,RAIZEN,6.06
S,CE,Cidade 17,ETANOL,2024-06-16,R$/litro,IPIRANGA,3.82
NE,CE,Cidade 19,GNV,2023-08-13,R$/litro,BANDEIRA BRANCA,4.44
SE,BA,Cidade 31,GASOLINA,2023-09-24,R$/litro,RAIZEN,5.95
S,PE,Cidade 30,DIESEL S10,2023-02-26,R$/litro,IPIRANGA,6.01
N,CE,Cidade 45,ETANOL,2023-08-13,R$/litro,PETROBRAS,4.11
S,PE,Cidade 13,GASOLINA,2023-04-23,R$/litro,RAIZEN,5.57
SE,CE,Cidade 14,DIESEL S10,2024-11-17,R$/litro,IPIRANGA,6.79
NE,PE,Cidade 8,GASOLINA,2023-03-05,R$/litro,PETROBRAS,5.54
SE,RS,Cidade 33,ETANOL,2023-09-24,R$/litro,PETROBRAS,4.23
S,PR,Cidade 27,GASOLINA,2024-10-13,R$/litro,RAIZEN,6.27
NE,RS,Cidade 18,DIESEL S10,2024-12-01,R$/litro,BANDEIRA BRANCA,6.48
NE,PE,Cidade 35,GASOLINA,2023-10-01,R$/litro,IPIRANGA,5.64
N,PE,Cidade 19,GASOLINA,2023-12-03,R$/litro,PETROBRAS,5.82
N,CE,Cidade 10,DIESEL S10,2024-01-14,R$/litro,RAIZEN,6.73
CO,BA,Cidade 27,GNV,2024-08-25,R$/litro,PETROBRAS,5.36
SE,RS,Cidade 22,GASOLINA,2024-07-14,R$/litro,PETROBRAS,6.39
S,RJ,Cidade 20,ETANOL,2024-01-21,R$/litro,RAIZEN,4.07
SE,PR,Cidade 22,GNV,2023-10-01,R$/litro,RAIZEN,4.4
SE,BA,Cidade 45,ETANOL,2023-10-01,R$/litro,PETROBRAS,4.44
S,BA,Cidade 11,ETANOL,2024-04-21,R$/litro,PETROBRAS,4.58
NE,PR,Cidade 14,GNV,2024-09-01,R$/litro,PETROBRAS,5.12
CO,PE,Cidade 28,DIESEL S10,2023-02-26,R$/litro,RAIZEN,5.86
N,RJ,Cidade 3,ETANOL,2024-07-14,R$/litro,RAIZEN,4.07
N,RS,Cidade 8,GNV,2023-12-17,R$/litro,RAIZEN,5.05
N,PR,Cidade 28,DIESEL S10,2023-04-16,R$/litro,PETROBRAS,6.3
SE,PE,Cidade 25,DIESEL S10,2023-03-12,R$/litro,BANDEIRA BRANCA,5.8
CO,PE,Cidade 32,ETANOL,2023-09-03,R$/litro,PETROBRAS,3.94
CO,PE,Cidade 6,GNV,2023-07-02,R$/litro,BANDEIRA BRANCA,4.98
SE,PE,Cidade 42,GNV,2023-03-12,R$/litro,BANDEIRA BRANCA,4.41
NE,CE,Cidade 24,GNV,2023-07-30,R$/litro,IPIRANGA,5.15
CO,BA,Cidade 8,DIESEL S10,2024-09-01,R$/litro,BANDEIRA BRANCA,6.46
NE,RJ,Cidade 16,ETANOL,2024-06-09,R$/litro,RAIZEN,4.31
CO,BA,Cidade 12,GASOLINA,2023-05-28,R$/litro,BANDEIRA BRANCA,5.75
CO,PR,Cidade 23,GASOLINA,2024-05-05,R$/litro,PETROBRAS,5.97
NE,SP,Cidade 23,GNV,2023-11-26,R$/litro,PETROBRAS,5.1
SE,PE,Cidade 22,ETANOL,2024-06-30,R$/litro,BANDEIRA BRANCA,4.65
S,BA,Cidade 23,GASOLINA,2023-06-25,R$/litro,BANDEIRA BRANCA,6.04
S,CE,Cidade 45,GASOLINA,2023-02-12,R$/litro,RAIZEN,5.69
NE,RJ,Cidade 47,GASOLINA,2023-08-13,R$/litro,IPIRANGA,5.7
NE,CE,Cidade 25,DIESEL S10,2024-12-29,R$/litro,IPIRANGA,6.6
NE,RS,Cidade 48,DIESEL S10,2024-02-11,R$/litro,IPIRANGA,6.18
SE,BA,Cidade 41,ETANOL,2023-02-05,R$/litro,IPIRANGA,4.3
S,PR,Cidade 41,DIESEL S10,2024-12-15,R$/litro,RAIZEN,6.84
N,BA,Cidade 12,ETANOL,2024-08-25,R$/litro,BANDEIRA BRANCA,4.45
SE,CE,Cidade 22,GNV,2024-02-04,R$/litro,IPIRANGA,4.65
S,RJ,Cidade 18,GNV,2024-06-23,R$/litro,BANDEIRA BRANCA,5.4
CO,PR,Cidade 5,GASOLINA,2023-05-14,R$/litro,PETROBRAS,5.76
SE,CE,Cidade 4,ETANOL,2024-03-10,R$/litro,BANDEIRA BRANCA,4.28
NE,RJ,Cidade 31,GNV,2024-10-27,R$/litro,RAIZEN,5.53
S,MG,Cidade 21,DIESEL S10,2023-11-19,R$/litro,RAIZEN,6.08
SE,RS,Cidade 41,GNV,2023-01-29,R$/litro,IPIRANGA,4.45
NE,PR,Cidade 33,ETANOL,2024-07-07,R$/litro,IPIRANGA,4.37
NE,CE,Cidade 5,GASOLINA,2024-06-16,R$/litro,IPIRANGA,5.78
SE,PE,Cidade 42,GNV,2024-06-23,R$/litro,BANDEIRA BRANCA,5.1
SE,PE,Cidade 25,GNV,2024-04-21,R$/litro,PETROBRAS,4.77
SE,RS,Cidade 28,DIESEL S10,2023-04-09,R$/litro,RAIZEN,5.85
N,PR,Cidade 48,ETANOL,2023-03-26,R$/litro,BANDEIRA BRANCA,3.8
CO,RJ,Cidade 32,GASOLINA,2024-08-04,R$/litro,RAIZEN,6.01
SE,RS,Cidade 2,DIESEL S10,2024-09-15,R$/litro,RAIZEN,6.29
S,RJ,Cidade 9,DIESEL S10,2023-02-26,R$/litro,RAIZEN,6.02
S,SP,Cidade 21,DIESEL S10,2024-03-03,R$/litro,RAIZEN,6.27
S,PE,Cidade 2,GASOLINA,2023-12-31,R$/litro,RAIZEN,5.96
S,PE,Cidade 9,DIESEL S10,2023-09-10,R$/litro,BANDEIRA BRANCA,6.73
SE,BA,Cidade 39,DIESEL S10,2024-04-14,R$/litro,RAIZEN,6.31
NE,SP,Cidade 7,GNV,2024-10-27,R$/litro,BANDEIRA BRANCA,5.29
S,SP,Cidade 9,DIESEL S10,2024-08-25,R$/litro,RAIZEN,6.66
S,SP,Cidade 25,DIESEL S10,2023-04-23,R$/litro,BANDEIRA BRANCA,5.99
S,PR,Cidade 5,ETANOL,2023-12-03,R$/litro,BANDEIRA BRANCA,4.29
CO,RJ,Cidade 13,DIESEL S10,2024-11-17,R$/litro,PETROBRAS,6.56
N,MG,Cidade 46,DIESEL S10,2023-06-18,R$/litro,BANDEIRA BRANCA,6.11
NE,PE,Cidade 31,GNV,2024-09-15,R$/litro,RAIZEN,4.95
S,CE,Cidade 48,GNV,2023-12-24,R$/litro,IPIRANGA,4.72
CO,PE,Cidade 18,GASOLINA,2024-01-14,R$/litro,BANDEIRA BRANCA,5.97
CO,MG,Cidade 31,GNV,2023-07-02,R$/litro,PETROBRAS,4.18
SE,BA,Cidade 12,GNV,2024-11-03,R$/litro,RAIZEN,5.52
CO,RJ,Cidade 19,DIESEL S10,2024-01-21,R$/litro,RAIZEN,6.81
N,PE,Cidade 9,DIESEL S10,2024-02-25,R$/litro,BANDEIRA BRANCA,6.35
SE,SP,Cidade 41,DIESEL S10,2023-12-03,R$/litro,RAIZEN,6.39
N,PR,Cidade 10,ETANOL,2023-03-05,R$/litro,RAIZEN,4.23
SE,BA,Cidade 11,ETANOL,2024-07-21,R$/litro,RAIZEN,4.11
SE,PE,Cidade 23,GNV,2023-08-27,R$/litro,RAIZEN,4.96
SE,RS,Cidade 22,GNV,2023-06-25,R$/litro,BANDEIRA BRANCA,4.56
NE,RJ,Cidade 16,GASOLINA,2024-07-28,R$/litro,BANDEIRA BRANCA,6.72
N,PE,Cidade 18,GNV,2023-05-21,R$/litro,PETROBRAS,4.59
NE,PR,Cidade 15,ETANOL,2024-05-12,R$/litro,RAIZEN,4.6
SE,RS,Cidade 45,GASOLINA,2023-12-10,R$/litro,IPIRANGA,5.88
SE,MG,Cidade 29,GNV,2024-08-04,R$/litro,PETROBRAS,5.61
CO,MG,Cidade 46,GASOLINA,2023-02-05,R$/litro,BANDEIRA BRANCA,5.51
CO,RS,Cidade 49,GASOLINA,2024-07-21,R$/litro,BANDEIRA BRANCA,6.43
N,MG,Cidade 32,ETANOL,2023-06-18,R$/litro,BANDEIRA BRANCA,4.22
SE,MG,Cidade 41,ETANOL,2024-09-29,R$/litro,IPIRANGA,4.61
CO,MG,Cidade 6,GASOLINA,2023-09-17,R$/litro,IPIRANGA,5.91
N,SP,Cidade 47,GASOLINA,2023-01-01,R$/litro,BANDEIRA BRANCA,5.43
NE,CE,Cidade 24,ETANOL,2023-12-24,R$/litro,PETROBRAS,3.6
SE,RJ,Cidade 35,GASOLINA,2023-02-05,R$/litro,PETROBRAS,5.9
CO,RJ,Cidade 13,GASOLINA,2023-07-16,R$/litro,IPIRANGA,5.67
NE,RJ,Cidade 5,GNV,2024-06-09,R$/litro,RAIZEN,5.3
SE,CE,Cidade 44,DIESEL S10,2024-02-11,R$/litro,IPIRANGA,6.38
S,RS,Cidade 23,GASOLINA,2024-06-02,R$/litro,PETROBRAS,6.4
NE,MG,Cidade 7,GASOLINA,2024-10-06,R$/litro,RAIZEN,6.42
SE,RS,Cidade 33,GNV,2023-12-10,R$/litro,BANDEIRA BRANCA,4.21
S,SP,Cidade 3,ETANOL,2024-02-04,R$/litro,IPIRANGA,4.44
NE,MG,Cidade 23,GASOLINA,2023-02-12,R$/litro,IPIRANGA,5.55
CO,RJ,Cidade 35,DIESEL S10,2023-07-30,R$/litro,IPIRANGA,6.39
SE,PE,Cidade 36,GNV,2024-06-16,R$/litro,IPIRANGA,5.16
NE,SP,Cidade 23,ETANOL,2023-02-12,R$/litro,RAIZEN,4.09
CO,RS,Cidade 19,DIESEL S10,2023-09-17,R$/litro,IPIRANGA,6.08
CO,PE,Cidade 42,ETANOL,2023-04-09,R$/litro,RAIZEN,3.77
CO,PE,Cidade 10,GASOLINA,2024-09-22,R$/litro,PETROBRAS,6.1
SE,BA,Cidade 4,GNV,2024-02-11,R$/litro,RAIZEN,4.44
CO,RJ,Cidade 8,GNV,2024-04-14,R$/litro,PETROBRAS,4.8
CO,MG,Cidade 40,GNV,2024-05-12,R$/litro,IPIRANGA,4.61
S,RJ,Cidade 24,GASOLINA,2023-06-11,R$/litro,BANDEIRA BRANCA,5.39
NE,PR,Cidade 2,DIESEL S10,2023-02-05,R$/litro,IPIRANGA,5.96
NE,MG,Cidade 9,DIESEL S10,2023-10-15,R$/litro,RAIZEN,6.31
NE,PR,Cidade 2,GASOLINA,2023-05-14,R$/litro,IPIRANGA,5.72
S,PR,Cidade 40,GNV,2023-08-20,R$/litro,BANDEIRA BRANCA,4.6
CO,CE,Cidade 23,GASOLINA,2023-08-20,R$/litro,BANDEIRA BRANCA,5.58
CO,MG,Cidade 4,ETANOL,2024-07-28,R$/litro,BANDEIRA BRANCA,4.37
S,CE,Cidade 11,GNV,2023-08-20,R$/litro,IPIRANGA,4.52
CO,RS,Cidade 31,DIESEL S10,2023-04-16,R$/litro,IPIRANGA,5.98
S,PR,Cidade 30,DIESEL S10,2024-12-01,R$/litro,RAIZEN,6.19
N,PR,Cidade 41,ETANOL,2023-02-05,R$/litro,BANDEIRA BRANCA,4.11
NE,PE,Cidade 2,GNV,2023-05-28,R$/litro,RAIZEN,4.5
NE,RS,Cidade 4,GASOLINA,2023-09-10,R$/litro,RAIZEN,5.94
SE,PE,Cidade 2,DIESEL S10,2023-02-12,R$/litro,BANDEIRA BRANCA,6.16
N,MG,Cidade 20,GASOLINA,2024-10-20,R$/litro,BANDEIRA BRANCA,6.31
S,RS,Cidade 36,GASOLINA,2023-09-17,R$/litro,IPIRANGA,6.05
S,RS,Cidade 33,DIESEL S10,2024-07-28,R$/litro,PETROBRAS,5.93
SE,PR,Cidade 11,ETANOL,2023-04-09,R$/litro,IPIRANGA,3.87
CO,BA,Cidade 33,GASOLINA,2024-01-14,R$/litro,RAIZEN,6.24
SE,SP,Cidade 33,GNV,2023-04-02,R$/litro,BANDEIRA BRANCA,4.71
N,PE,Cidade 10,ETANOL,2023-06-18,R$/litro,IPIRANGA,4.52
CO,PE,Cidade 37,GNV,2023-10-22,R$/litro,PETROBRAS,5.21
SE,SP,Cidade 21,GASOLINA,2024-09-22,R$/litro,IPIRANGA,6.28
NE,CE,Cidade 3,GASOLINA,2023-08-13,R$/litro,RAIZEN,5.75
NE,PR,Cidade 20,ETANOL,2024-07-07,R$/litro,PETROBRAS,4.19
S,SP,Cidade 38,DIESEL S10,2023-03-05,R$/litro,IPIRANGA,5.84
N,RS,Cidade 35,ETANOL,2023-07-02,R$/litro,IPIRANGA,3.97
NE,PE,Cidade 14,GASOLINA,2024-03-17,R$/litro,BANDEIRA BRANCA,5.87
NE,MG,Cidade 38,DIESEL S10,2023-12-10,R$/litro,RAIZEN,6.0
NE,CE,Cidade 20,GNV,2023-12-31,R$/litro,RAIZEN,4.95
CO,RS,Cidade 23,GASOLINA,2024-05-12,R$/litro,RAIZEN,6.5
N,RJ,Cidade 5,ETANOL,2023-02-26,R$/litro,PETROBRAS,4.19
S,MG,Cidade 49,ETANOL,2024-05-26,R$/litro,IPIRANGA,4.31
CO,BA,Cidade 42,DIESEL S10,2024-09-22,R$/litro,BANDEIRA BRANCA,6.76
CO,PR,Cidade 10,GASOLINA,2024-07-14,R$/litro,RAIZEN,6.22
CO,CE,Cidade 28,GASOLINA,2023-07-23,R$/litro,RAIZEN,5.78
N,RJ,Cidade 39,GASOLINA,2023-09-10,R$/litro,BANDEIRA BRANCA,5.82
S,CE,Cidade 25,DIESEL S10,2024-12-01,R$/litro,RAIZEN,6.52
N,BA,Cidade 11,GASOLINA,2024-07-28,R$/litro,RAIZEN,6.31
S,RJ,Cidade 48,DIESEL S10,2024-11-10,R$/litro,PETROBRAS,6.59
S,CE,Cidade 14,ETANOL,2024-10-27,R$/litro,PETROBRAS,4.36
NE,MG,Cidade 17,ETANOL,2023-11-12,R$/litro,PETROBRAS,4.01
CO,BA,Cidade 19,GNV,2023-04-02,R$/litro,IPIRANGA,4.66
NE,PR,Cidade 44,GNV,2023-06-11,R$/litro,RAIZEN,4.76
S,SP,Cidade 25,GNV,2023-07-30,R$/litro,BANDEIRA BRANCA,4.62
NE,RJ,Cidade 36,GNV,2024-09-01,R$/litro,IPIRANGA,4.8
S,PR,Cidade 45,GASOLINA,2023-07-23,R$/litro,RAIZEN,6.11
N,MG,Cidade 46,GNV,2023-09-17,R$/litro,BANDEIRA BRANCA,5.01
S,SP,Cidade 42,GASOLINA,2024-09-15,R$/litro,RAIZEN,5.7
NE,SP,Cidade 45,ETANOL,2023-04-30,R$/litro,IPIRANGA,4.35
S,PE,Cidade 47,DIESEL S10,2024-04-28,R$/litro,IPIRANGA,6.31
S,RJ,Cidade 49,DIESEL S10,2024-02-04,R$/litro,RAIZEN,6.33
CO,SP,Cidade 32,DIESEL S10,2024-12-22,R$/litro,IPIRANGA,6.88
S,BA,Cidade 7,DIESEL S10,2023-12-24,R$/litro,PETROBRAS,6.66
SE,SP,Cidade 6,ETANOL,2024-01-14,R$/litro,RAIZEN,4.51
S,PR,Cidade 40,DIESEL S10,2024-09-15,R$/litro,RAIZEN,6.56
NE,BA,Cidade 16,ETANOL,2024-12-29,R$/litro,IPIRANGA,4.25
SE,PR,Cidade 40,ETANOL,2024-06-16,R$/litro,PETROBRAS,3.9
S,RS,Cidade 46,DIESEL S10,2024-05-26,R$/litro,BANDEIRA BRANCA,6.61
SE,PE,Cidade 32,DIESEL S10,2024-09-29,R$/litro,IPIRANGA,6.85
NE,PR,Cidade 38,ETANOL,2024-12-15,R$/litro,RAIZEN,4.38
N,RS,Cidade 14,GASOLINA,2024-06-23,R$/litro,PETROBRAS,6.05
CO,SP,Cidade 22,ETANOL,2023-07-30,R$/litro,IPIRANGA,3.96
S,MG,Cidade 48,ETANOL,2024-04-14,R$/litro,RAIZEN,4.2
CO,RJ,Cidade 41,GASOLINA,2023-06-18,R$/litro,PETROBRAS,6.03
S,SP,Cidade 11,GASOLINA,2023-12-31,R$/litro,IPIRANGA,6.0
N,MG,Cidade 46,GNV,2023-11-19,R$/litro,RAIZEN,4.75
NE,RJ,Cidade 25,ETANOL,2024-12-22,R$/litro,BANDEIRA BRANCA,5.26
N,SP,Cidade 42,DIESEL S10,2024-02-11,R$/litro,IPIRANGA,5.93
N,MG,Cidade 26,GASOLINA,2024-12-01,R$/litro,PETROBRAS,6.41
NE,BA,Cidade 30,GNV,2024-08-11,R$/litro,PETROBRAS,4.8
S,RJ,Cidade 8,GASOLINA,2024-09-15,R$/litro,RAIZEN,6.16
NE,MG,Cidade 17,ETANOL,2023-04-30,R$/litro,RAIZEN,4.05
CO,SP,Cidade 36,GNV,2024-07-21,R$/litro,RAIZEN,5.25
CO,SP,Cidade 42,GASOLINA,2023-07-02,R$/litro,IPIRANGA,5.71
CO,RJ,Cidade 5,DIESEL S10,2024-02-25,R$/litro,PETROBRAS,6.21
SE,RS,Cidade 4,GNV,2023-12-24,R$/litro,PETROBRAS,4.77
NE,PR,Cidade 34,GASOLINA,2023-07-09,R$/litro,PETROBRAS,5.51
SE,PE,Cidade 22,GASOLINA,2024-12-22,R$/litro,IPIRANGA,6.45
N,PR,Cidade 42,GNV,2024-09-29,R$/litro,IPIRANGA,5.18
CO,BA,Cidade 4,ETANOL,2024-02-25,R$/litro,PETROBRAS,4.41
SE,CE,Cidade 18,GNV,2023-01-08,R$/litro,RAIZEN,4.49
N,MG,Cidade 2,GNV,2023-05-14,R$/litro,IPIRANGA,4.58
CO,PE,Cidade 35,GNV,2023-06-11,R$/litro,BANDEIRA BRANCA,4.95
CO,CE,Cidade 43,GNV,2024-12-15,R$/litro,IPIRANGA,5.44
S,BA,Cidade 8,GNV,2023-10-22,R$/litro,PETROBRAS,5.14
SE,PE,Cidade 16,ETANOL,2023-01-29,R$/litro,RAIZEN,4.02
CO,RJ,Cidade 42,GNV,2024-03-03,R$/litro,RAIZEN,5.25
CO,CE,Cidade 3,ETANOL,2024-11-24,R$/litro,BANDEIRA BRANCA,4.46
NE,BA,Cidade 47,DIESEL S10,2024-02-11,R$/litro,RAIZEN,6.24
CO,RJ,Cidade 44,GASOLINA,2023-11-19,R$/litro,IPIRANGA,6.21
SE,SP,Cidade 8,GNV,2023-05-07,R$/litro,RAIZEN,4.83
N,PR,Cidade 7,DIESEL S10,2024-10-06,R$/litro,BANDEIRA BRANCA,6.44
SE,RS,Cidade 34,GNV,2023-03-19,R$/litro,RAIZEN,4.31
CO,MG,Cidade 1,ETANOL,2024-11-17,R$/litro,BANDEIRA BRANCA,4.51
N,RS,Cidade 25,ETANOL,2023-06-11,R$/litro,BANDEIRA BRANCA,3.88
CO,CE,Cidade 4,DIESEL S10,2023-04-09,R$/litro,BANDEIRA BRANCA,6.43
NE,RS,Cidade 27,GNV,2023-09-10,R$/litro,RAIZEN,4.93
SE,SP,Cidade 18,DIESEL S10,2023-01-01,R$/litro,IPIRANGA,5.71
SE,MG,Cidade 35,GNV,2023-01-08,R$/litro,BANDEIRA BRANCA,4.25
S,RJ,Cidade 44,GASOLINA,2023-05-14,R$/litro,BANDEIRA BRANCA,5.53
N,PR,Cidade 24,GNV,2024-05-19,R$/litro,IPIRANGA,4.84
SE,PE,Cidade 32,DIESEL S10,2024-08-18,R$/litro,PETROBRAS,6.43
CO,PE,Cidade 30,GNV,2023-07-02,R$/litro,BANDEIRA BRANCA,4.95
S,PR,Cidade 49,GASOLINA,2024-04-14,R$/litro,PETROBRAS,5.81
NE,PE,Cidade 12,ETANOL,2023-09-10,R$/litro,BANDEIRA BRANCA,4.71
S,RS,Cidade 12,GASOLINA,2023-11-12,R$/litro,PETROBRAS,5.67
NE,PR,Cidade 19,ETANOL,2023-09-03,R$/litro,BANDEIRA BRANCA,3.78
NE,SP,Cidade 37,GNV,2024-10-13,R$/litro,RAIZEN,5.55
SE,BA,Cidade 43,DIESEL S10,2024-01-07,R$/litro,IPIRANGA,6.59
NE,BA,Cidade 14,GNV,2024-01-07,R$/litro,PETROBRAS,4.81
N,SP,Cidade 6,DIESEL S10,2024-09-22,R$/litro,BANDEIRA BRANCA,6.6
CO,BA,Cidade 30,GNV,2024-04-28,R$/litro,PETROBRAS,5.06
S,PR,Cidade 30,GNV,2023-04-16,R$/litro,PETROBRAS,4.63
CO,MG,Cidade 19,DIESEL S10,2023-05-14,R$/litro,BANDEIRA BRANCA,5.7
CO,BA,Cidade 10,GNV,2023-09-03,R$/litro,RAIZEN,4.11
CO,MG,Cidade 42,GASOLINA,2023-03-12,R$/litro,PETROBRAS,5.46
S,MG,Cidade 42,DIESEL S10,2024-05-19,R$/litro,IPIRANGA,6.84
CO,RJ,Cidade 37,DIESEL S10,2023-12-31,R$/litro,RAIZEN,6.71
NE,MG,Cidade 29,GNV,2023-01-29,R$/litro,RAIZEN,4.46
SE,PE,Cidade 13,DIESEL S10,2023-10-22,R$/litro,IPIRANGA,5.94
S,CE,Cidade 20,GASOLINA,2024-09-01,R$/litro,IPIRANGA,6.25
N,PR,Cidade 4,DIESEL S10,2024-10-27,R$/litro,PETROBRAS,6.65
SE,BA,Cidade 13,GNV,2024-12-01,R$/litro,PETROBRAS,5.32
NE,BA,Cidade 23,GASOLINA,2024-11-03,R$/litro,BANDEIRA BRANCA,5.61
N,RS,Cidade 22,GASOLINA,2024-03-17,R$/litro,PETROBRAS,6.81
SE,RS,Cidade 4,DIESEL S10,2024-11-10,R$/litro,BANDEIRA BRANCA,6.83
NE,BA,Cidade 47,DIESEL S10,2024-12-01,R$/litro,PETROBRAS,6.52
S,PE,Cidade 14,DIESEL S10,2024-04-07,R$/litro,BANDEIRA BRANCA,6.16
NE,RS,Cidade 25,GASOLINA,2023-10-29,R$/litro,IPIRANGA,6.14
S,BA,Cidade 23,DIESEL S10,2024-12-08,R$/litro,BANDEIRA BRANCA,6.7
CO,RS,Cidade 24,DIESEL S10,2023-10-29,R$/litro,BANDEIRA BRANCA,6.21
SE,MG,Cidade 42,GNV,2023-04-30,R$/litro,IPIRANGA,4.73
CO,MG,Cidade 37,ETANOL,2023-03-19,R$/litro,RAIZEN,3.95
N,SP,Cidade 43,ETANOL,2024-02-18,R$/litro,IPIRANGA,4.4
CO,RS,Cidade 19,GASOLINA,2023-01-22,R$/litro,BANDEIRA BRANCA,5.8
CO,PR,Cidade 13,DIESEL S10,2023-03-26,R$/litro,BANDEIRA BRANCA,6.07
SE,PR,Cidade 21,DIESEL S10,2023-06-25,R$/litro,BANDEIRA BRANCA,6.14
CO,CE,Cidade 28,ETANOL,2024-01-21,R$/litro,RAIZEN,4.62
NE,SP,Cidade 17,DIESEL S10,2023-12-17,R$/litro,IPIRANGA,5.84
CO,PE,Cidade 23,GNV,2024-01-07,R$/litro,PETROBRAS,4.66
CO,PE,Cidade 8,GASOLINA,2024-01-07,R$/litro,RAIZEN,5.96
NE,RS,Cidade 29,DIESEL S10,2024-12-29,R$/litro,PETROBRAS,6.42
S,MG,Cidade 35,DIESEL S10,2023-06-04,R$/litro,RAIZEN,5.95
SE,MG,Cidade 26,GASOLINA,2023-12-10,R$/litro,BANDEIRA BRANCA,6.25
SE,PR,Cidade 43,GASOLINA,2024-03-24,R$/litro,PETROBRAS,5.99
S,PE,Cidade 49,ETANOL,2023-07-16,R$/litro,BANDEIRA BRANCA,3.63
CO,PR,Cidade 45,GASOLINA,2023-05-14,R$/litro,RAIZEN,5.62
NE,BA,Cidade 5,ETANOL,2023-01-29,R$/litro,PETROBRAS,3.94
NE,PR,Cidade 44,GASOLINA,2023-08-27,R$/litro,RAIZEN,5.84
S,SP,Cidade 17,GNV,2023-07-02,R$/litro,PETROBRAS,4.81
NE,BA,Cidade 23,DIESEL S10,2023-05-21,R$/litro,RAIZEN,6.15
N,SP,Cidade 21,ETANOL,2023-07-16,R$/litro,RAIZEN,4.05
CO,CE,Cidade 14,GNV,2024-05-26,R$/litro,RAIZEN,4.69
N,CE,Cidade 43,GASOLINA,2024-08-25,R$/litro,IPIRANGA,6.07
N,BA,Cidade 32,DIESEL S10,2024-01-14,R$/litro,PETROBRAS,6.11
CO,MG,Cidade 48,DIESEL S10,2023-02-12,R$/litro,IPIRANGA,5.87
NE,PR,Cidade 47,GNV,2024-06-23,R$/litro,BANDEIRA BRANCA,5.19
CO,PR,Cidade 21,GASOLINA,2023-04-16,R$/litro,BANDEIRA BRANCA,5.8
S,PR,Cidade 36,DIESEL S10,2023-02-12,R$/litro,PETROBRAS,6.15
SE,BA,Cidade 25,GNV,2024-02-18,R$/litro,IPIRANGA,4.8
NE,RJ,Cidade 25,GNV,2023-11-05,R$/litro,BANDEIRA BRANCA,5.17
SE,SP,Cidade 37,GASOLINA,2023-08-13,R$/litro,IPIRANGA,5.98
SE,MG,Cidade 34,GNV,2024-12-08,R$/litro,PETROBRAS,5.21
CO,BA,Cidade 45,ETANOL,2023-03-05,R$/litro,BANDEIRA BRANCA,4.11
N,RS,Cidade 38,ETANOL,2023-02-05,R$/litro,IPIRANGA,3.76
S,BA,Cidade 31,GASOLINA,2024-03-03,R$/litro,RAIZEN,5.48
CO,MG,Cidade 46,GASOLINA,2023-10-29,R$/litro,IPIRANGA,5.74
SE,CE,Cidade 6,ETANOL,2024-08-11,R$/litro,RAIZEN,4.65
S,MG,Cidade 38,GASOLINA,2023-01-29,R$/litro,IPIRANGA,5.65
N,PE,Cidade 20,DIESEL S10,2023-11-05,R$/litro,RAIZEN,6.16
S,RS,Cidade 22,DIESEL S10,2023-04-16,R$/litro,IPIRANGA,5.79
N,RS,Cidade 39,ETANOL,2023-01-29,R$/litro,RAIZEN,3.44
CO,BA,Cidade 14,DIESEL S10,2023-12-03,R$/litro,PETROBRAS,6.58
SE,MG,Cidade 44,DIESEL S10,2024-06-23,R$/litro,PETROBRAS,6.36
SE,RJ,Cidade 25,GASOLINA,2023-04-23,R$/litro,RAIZEN,5.6
CO,RS,Cidade 18,ETANOL,2024-09-08,R$/litro,PETROBRAS,4.32
NE,PE,Cidade 17,GNV,2024-01-14,R$/litro,BANDEIRA BRANCA,5.18
NE,RJ,Cidade 21,GASOLINA,2023-12-17,R$/litro,BANDEIRA BRANCA,6.16
NE,RS,Cidade 47,GNV,2024-11-03,R$/litro,IPIRANGA,4.9
NE,PR,Cidade 6,GNV,2023-08-27,R$/litro,IPIRANGA,5.02
N,PR,Cidade 25,ETANOL,2023-05-28,R$/litro,RAIZEN,4.0
NE,RS,Cidade 41,ETANOL,2024-07-28,R$/litro,PETROBRAS,4.3
SE,SP,Cidade 24,GASOLINA,2023-03-19,R$/litro,BANDEIRA BRANCA,5.6
N,SP,Cidade 28,DIESEL S10,2024-09-29,R$/litro,PETROBRAS,6.31
N,RS,Cidade 18,GASOLINA,2024-08-25,R$/litro,IPIRANGA,5.85
SE,PE,Cidade 7,GNV,2024-12-15,R$/litro,PETROBRAS,5.38
S,SP,Cidade 32,ETANOL,2023-12-03,R$/litro,BANDEIRA BRANCA,4.17
N,CE,Cidade 46,GNV,2024-03-31,R$/litro,PETROBRAS,5.09
N,PR,Cidade 26,GNV,2024-10-06,R$/litro,IPIRANGA,5.19
SE,SP,Cidade 22,ETANOL,2023-04-02,R$/litro,BANDEIRA BRANCA,4.12
SE,MG,Cidade 7,DIESEL S10,2023-08-13,R$/litro,IPIRANGA,5.6
NE,RJ,Cidade 47,GASOLINA,2023-12-10,R$/litro,PETROBRAS,5.71
NE,CE,Cidade 43,GASOLINA,2024-03-31,R$/litro,PETROBRAS,6.18
CO,BA,Cidade 45,DIESEL S10,2024-05-12,R$/litro,RAIZEN,6.06
NE,MG,Cidade 18,ETANOL,2024-11-03,R$/litro,PETROBRAS,4.64
CO,MG,Cidade 31,ETANOL,2023-12-24,R$/litro,IPIRANGA,3.89
S,BA,Cidade 22,GASOLINA,2023-05-07,R$/litro,RAIZEN,5.72
NE,SP,Cidade 12,GNV,2023-05-14,R$/litro,IPIRANGA,5.03
SE,MG,Cidade 11,ETANOL,2024-08-11,R$/litro,BANDEIRA BRANCA,4.66
NE,RJ,Cidade 19,ETANOL,2023-12-03,R$/litro,RAIZEN,3.76
SE,BA,Cidade 28,ETANOL,2024-04-07,R$/litro,PETROBRAS,4.56
NE,PR,Cidade 6,ETANOL,2024-02-18,R$/litro,BANDEIRA BRANCA,4.75
S,RS,Cidade 35,DIESEL S10,2024-08-18,R$/litro,BANDEIRA BRANCA,7.17
SE,RJ,Cidade 23,GNV,2023-06-04,R$/litro,PETROBRAS,4.77
SE,MG,Cidade 44,DIESEL S10,2023-04-30,R$/litro,IPIRANGA,5.67
NE,PE,Cidade 14,GASOLINA,2024-06-23,R$/litro,IPIRANGA,6.23
CO,RJ,Cidade 3,GNV,2023-11-12,R$/litro,IPIRANGA,5.2
SE,RJ,Cidade 16,ETANOL,2024-08-18,R$/litro,IPIRANGA,4.42
NE,SP,Cidade 48,GASOLINA,2023-04-02,R$/litro,BANDEIRA BRANCA,5.95
S,PE,Cidade 16,GASOLINA,2023-07-16,R$/litro,RAIZEN,5.58
CO,SP,Cidade 35,GNV,2024-12-01,R$/litro,BANDEIRA BRANCA,5.26
NE,BA,Cidade 42,ETANOL,2024-09-08,R$/litro,IPIRANGA,3.87
CO,CE,Cidade 14,GASOLINA,2023-02-12,R$/litro,RAIZEN,5.4
S,PR,Cidade 32,GNV,2024-08-18,R$/litro,PETROBRAS,5.07
SE,RS,Cidade 11,ETANOL,2023-02-12,R$/litro,IPIRANGA,3.85
NE,RJ,Cidade 18,GNV,2023-03-26,R$/litro,RAIZEN,4.26
N,SP,Cidade 15,GNV,2024-10-20,R$/litro,PETROBRAS,5.01
CO,RJ,Cidade 33,GASOLINA,2023-04-02,R$/litro,BANDEIRA BRANCA,5.77
CO,CE,Cidade 43,DIESEL S10,2023-08-06,R$/litro,IPIRANGA,6.09
CO,RJ,Cidade 13,DIESEL S10,2023-04-09,R$/litro,PETROBRAS,6.01
N,SP,Cidade 15,GASOLINA,2024-03-10,R$/litro,BANDEIRA BRANCA,6.2
S,PE,Cidade 41,ETANOL,2023-02-12,R$/litro,PETROBRAS,3.85
NE,RS,Cidade 23,ETANOL,2023-07-30,R$/litro,IPIRANGA,4.44
SE,MG,Cidade 26,GASOLINA,2023-08-27,R$/litro,PETROBRAS,5.58
NE,PR,Cidade 35,DIESEL S10,2024-04-21,R$/litro,RAIZEN,6.84
S,BA,Cidade 7,ETANOL,2023-12-31,R$/litro,BANDEIRA BRANCA,4.53
SE,CE,Cidade 43,GNV,2023-05-21,R$/litro,PETROBRAS,4.55
S,RS,Cidade 18,GNV,2023-12-03,R$/litro,IPIRANGA,4.75
NE,PR,Cidade 33,DIESEL S10,2023-12-03,R$/litro,IPIRANGA,6.27
S,CE,Cidade 22,GASOLINA,2023-09-17,R$/litro,RAIZEN,6.0
CO,RS,Cidade 37,GASOLINA,2024-01-28,R$/litro,IPIRANGA,6.25
NE,MG,Cidade 30,GASOLINA,2023-08-27,R$/litro,RAIZEN,5.49
CO,CE,Cidade 9,ETANOL,2023-09-03,R$/litro,RAIZEN,4.24
N,RJ,Cidade 10,GNV,2024-07-28,R$/litro,PETROBRAS,4.52
SE,SP,Cidade 43,GASOLINA,2023-07-02,R$/litro,RAIZEN,5.73
S,BA,Cidade 26,DIESEL S10,2023-08-27,R$/litro,RAIZEN,6.49
N,CE,Cidade 14,GASOLINA,2023-04-09,R$/litro,BANDEIRA BRANCA,5.34
NE,SP,Cidade 8,ETANOL,2024-05-26,R$/litro,RAIZEN,3.99
S,PE,Cidade 7,DIESEL S10,2024-06-02,R$/litro,BANDEIRA BRANCA,6.45
NE,PE,Cidade 46,GNV,2024-05-12,R$/litro,IPIRANGA,5.32
CO,CE,Cidade 48,GNV,2023-04-30,R$/litro,RAIZEN,4.7
S,RS,Cidade 20,DIESEL S10,2023-11-26,R$/litro,BANDEIRA BRANCA,5.74
SE,MG,Cidade 10,GASOLINA,2023-07-30,R$/litro,PETROBRAS,5.38
S,BA,Cidade 21,ETANOL,2024-07-14,R$/litro,RAIZEN,4.46
CO,RJ,Cidade 7,GNV,2023-09-03,R$/litro,BANDEIRA BRANCA,4.44
N,PE,Cidade 27,GASOLINA,2023-10-29,R$/litro,RAIZEN,5.92
CO,PR,Cidade 31,DIESEL S10,2023-11-26,R$/litro,BANDEIRA BRANCA,6.26
CO,RS,Cidade 49,DIESEL S10,2024-07-07,R$/litro,IPIRANGA,6.31
SE,BA,Cidade 16,GNV,2024-05-26,R$/litro,BANDEIRA BRANCA,5.44
S,PR,Cidade 10,GASOLINA,2024-08-25,R$/litro,RAIZEN,6.32
SE,BA,Cidade 7,GASOLINA,2023-11-05,R$/litro,IPIRANGA,6.2
SE,PE,Cidade 19,GASOLINA,2024-08-25,R$/litro,PETROBRAS,6.41
CO,CE,Cidade 30,ETANOL,2024-09-29,R$/litro,PETROBRAS,4.47
CO,CE,Cidade 4,DIESEL S10,2024-01-21,R$/litro,IPIRANGA,6.22
SE,BA,Cidade 38,GASOLINA,2024-05-12,R$/litro,BANDEIRA BRANCA,6.0
N,PR,Cidade 23,DIESEL S10,2024-10-27,R$/litro,IPIRANGA,6.71
NE,MG,Cidade 39,GASOLINA,2024-09-08,R$/litro,IPIRANGA,6.03
SE,SP,Cidade 23,DIESEL S10,2023-07-23,R$/litro,IPIRANGA,6.53
CO,RS,Cidade 8,ETANOL,2024-06-09,R$/litro,IPIRANGA,4.22
CO,PE,Cidade 2,GNV,2023-11-19,R$/litro,BANDEIRA BRANCA,4.86
NE,RJ,Cidade 28,ETANOL,2023-04-16,R$/litro,IPIRANGA,3.94
N,BA,Cidade 27,GNV,2023-10-01,R$/litro,IPIRANGA,4.65
S,RJ,Cidade 40,GASOLINA,2024-12-15,R$/litro,RAIZEN,6.83
N,RS,Cidade 43,GASOLINA,2024-12-01,R$/litro,RAIZEN,6.16
NE,RJ,Cidade 8,GASOLINA,2024-07-28,R$/litro,IPIRANGA,6.07
CO,PR,Cidade 16,ETANOL,2024-12-22,R$/litro,PETROBRAS,4.43
SE,PE,Cidade 11,GNV,2024-02-25,R$/litro,RAIZEN,4.91
SE,PE,Cidade 6,GASOLINA,2024-07-07,R$/litro,RAIZEN,6.1
CO,PR,Cidade 1,GNV,2023-04-30,R$/litro,RAIZEN,4.33
S,RJ,Cidade 5,DIESEL S10,2023-08-06,R$/litro,RAIZEN,6.0
S,BA,Cidade 26,ETANOL,2023-05-07,R$/litro,RAIZEN,4.17
N,SP,Cidade 8,ETANOL,2024-11-17,R$/litro,BANDEIRA BRANCA,4.81
SE,MG,Cidade 10,GNV,2024-03-24,R$/litro,PETROBRAS,4.94
NE,BA,Cidade 6,DIESEL S10,2024-11-10,R$/litro,PETROBRAS,6.57
S,PR,Cidade 36,GASOLINA,2023-10-29,R$/litro,BANDEIRA BRANCA,5.8
SE,SP,Cidade 32,GNV,2023-10-22,R$/litro,BANDEIRA BRANCA,4.66
CO,PE,Cidade 48,ETANOL,2024-05-05,R$/litro,IPIRANGA,4.14
SE,RS,Cidade 6,GASOLINA,2024-02-18,R$/litro,RAIZEN,5.61
SE,CE,Cidade 11,GNV,2023-10-01,R$/litro,IPIRANGA,4.59
N,BA,Cidade 23,GNV,2023-08-20,R$/litro,BANDEIRA BRANCA,4.95
CO,BA,Cidade 32,ETANOL,2024-01-07,R$/litro,IPIRANGA,4.15
SE,PR,Cidade 7,DIESEL S10,2023-02-19,R$/litro,BANDEIRA BRANCA,5.86
N,PE,Cidade 11,GASOLINA,2023-05-14,R$/litro,IPIRANGA,5.64
NE,RJ,Cidade 21,GNV,2023-01-29,R$/litro,IPIRANGA,4.84
CO,BA,Cidade 1,ETANOL,2023-04-23,R$/litro,RAIZEN,3.78
SE,SP,Cidade 20,ETANOL,2023-05-21,R$/litro,IPIRANGA,4.1
CO,RS,Cidade 38,DIESEL S10,2023-02-19,R$/litro,PETROBRAS,5.93
N,PE,Cidade 26,ETANOL,2023-02-05,R$/litro,PETROBRAS,3.95
CO,PE,Cidade 22,DIESEL S10,2024-08-25,R$/litro,BANDEIRA BRANCA,6.54
S,MG,Cidade 24,DIESEL S10,2023-05-14,R$/litro,IPIRANGA,6.04
CO,RS,Cidade 47,ETANOL,2024-02-11,R$/litro,PETROBRAS,4.49
N,BA,Cidade 26,GNV,2023-03-12,R$/litro,BANDEIRA BRANCA,4.56
SE,RS,Cidade 27,ETANOL,2024-11-24,R$/litro,BANDEIRA BRANCA,5.0
CO,RJ,Cidade 46,GNV,2023-06-25,R$/litro,IPIRANGA,4.68
N,MG,Cidade 8,ETANOL,2024-06-30,R$/litro,RAIZEN,4.0
S,RS,Cidade 5,DIESEL S10,2024-04-14,R$/litro,BANDEIRA BRANCA,6.51
NE,BA,Cidade 23,DIESEL S10,2024-07-14,R$/litro,PETROBRAS,6.54
S,CE,Cidade 16,GNV,2024-04-07,R$/litro,IPIRANGA,4.95
NE,BA,Cidade 10,GASOLINA,2024-01-07,R$/litro,RAIZEN,5.89
CO,RS,Cidade 6,GASOLINA,2024-07-21,R$/litro,RAIZEN,5.62
CO,PR,Cidade 44,GNV,2024-08-18,R$/litro,IPIRANGA,4.58
S,PE,Cidade 31,GNV,2023-10-01,R$/litro,PETROBRAS,5.17
CO,RS,Cidade 34,DIESEL S10,2024-11-17,R$/litro,BANDEIRA BRANCA,6.41
NE,RS,Cidade 6,ETANOL,2024-12-22,R$/litro,RAIZEN,4.83
N,RJ,Cidade 17,ETANOL,2024-06-09,R$/litro,BANDEIRA BRANCA,4.0
N,PE,Cidade 31,DIESEL S10,2024-11-10,R$/litro,IPIRANGA,6.29
NE,PE,Cidade 26,DIESEL S10,2023-03-19,R$/litro,RAIZEN,6.14
NE,RJ,Cidade 35,ETANOL,2024-01-28,R$/litro,IPIRANGA,4.25
NE,MG,Cidade 33,GASOLINA,2024-04-21,R$/litro,IPIRANGA,6.19
CO,MG,Cidade 21,GASOLINA,2024-11-10,R$/litro,RAIZEN,6.25
S,CE,Cidade 39,ETANOL,2023-03-26,R$/litro,BANDEIRA BRANCA,3.93
S,SP,Cidade 13,DIESEL S10,2024-08-11,R$/litro,BANDEIRA BRANCA,6.29
S,RJ,Cidade 4,ETANOL,2023-02-26,R$/litro,RAIZEN,3.66
SE,MG,Cidade 45,DIESEL S10,2023-09-17,R$/litro,PETROBRAS,6.5
S,BA,Cidade 2,ETANOL,2024-05-19,R$/litro,RAIZEN,4.78
SE,RJ,Cidade 14,ETANOL,2023-07-30,R$/litro,BANDEIRA BRANCA,3.84
SE,BA,Cidade 6,DIESEL S10,2024-09-01,R$/litro,IPIRANGA,6.21
N,PR,Cidade 12,DIESEL S10,2024-11-10,R$/litro,RAIZEN,6.46
SE,PE,Cidade 20,GNV,2023-04-23,R$/litro,IPIRANGA,4.69
NE,SP,Cidade 7,GNV,2023-07-09,R$/litro,PETROBRAS,4.64
N,RJ,Cidade 23,ETANOL,2023-02-19,R$/litro,RAIZEN,4.07
N,SP,Cidade 46,DIESEL S10,2024-06-02,R$/litro,IPIRANGA,6.38
NE,CE,Cidade 7,ETANOL,2024-10-13,R$/litro,RAIZEN,4.5
SE,PR,Cidade 46,GNV,2024-03-17,R$/litro,RAIZEN,5.53
CO,BA,Cidade 21,DIESEL S10,2023-04-02,R$/litro,BANDEIRA BRANCA,5.86
CO,PE,Cidade 30,GNV,2023-05-07,R$/litro,BANDEIRA BRANCA,5.03
N,BA,Cidade 22,ETANOL,2023-01-22,R$/litro,RAIZEN,4.28
SE,RJ,Cidade 16,GASOLINA,2023-12-24,R$/litro,PETROBRAS,6.07
SE,BA,Cidade 6,GASOLINA,2024-06-09,R$/litro,RAIZEN,5.62
S,PR,Cidade 30,DIESEL S10,2023-04-16,R$/litro,BANDEIRA BRANCA,6.01
SE,SP,Cidade 45,GNV,2024-09-15,R$/litro,IPIRANGA,4.97
CO,BA,Cidade 26,DIESEL S10,2023-07-02,R$/litro,RAIZEN,6.08
S,RS,Cidade 30,GNV,2024-01-14,R$/litro,BANDEIRA BRANCA,4.6
S,SP,Cidade 32,ETANOL,2024-05-05,R$/litro,IPIRANGA,4.56
CO,MG,Cidade 20,GNV,2024-01-28,R$/litro,IPIRANGA,5.12
CO,RS,Cidade 6,GNV,2023-12-17,R$/litro,IPIRANGA,5.13
S,MG,Cidade 25,GASOLINA,2023-09-03,R$/litro,BANDEIRA BRANCA,5.74
S,MG,Cidade 43,GNV,2023-11-12,R$/litro,IPIRANGA,4.54
NE,PR,Cidade 16,GASOLINA,2023-06-25,R$/litro,IPIRANGA,5.86
N,RS,Cidade 43,DIESEL S10,2023-07-30,R$/litro,RAIZEN,6.54
CO,RS,Cidade 42,ETANOL,2024-07-07,R$/litro,RAIZEN,4.45
CO,PE,Cidade 12,ETANOL,2024-10-06,R$/litro,BANDEIRA BRANCA,4.63
CO,SP,Cidade 29,GNV,2024-09-15,R$/litro,BANDEIRA BRANCA,5.04
SE,MG,Cidade 37,DIESEL S10,2023-08-27,R$/litro,BANDEIRA BRANCA,6.0
S,SP,Cidade 25,GASOLINA,2023-08-20,R$/litro,BANDEIRA BRANCA,5.99
NE,CE,Cidade 35,GASOLINA,2023-02-12,R$/litro,IPIRANGA,5.61
SE,RJ,Cidade 45,GASOLINA,2023-07-16,R$/litro,IPIRANGA,5.89
S,PE,Cidade 31,ETANOL,2024-03-03,R$/litro,RAIZEN,4.44
SE,RJ,Cidade 42,GASOLINA,2023-07-16,R$/litro,RAIZEN,5.87
CO,MG,Cidade 40,ETANOL,2024-06-23,R$/litro,RAIZEN,4.56
SE,BA,Cidade 40,GNV,2023-02-05,R$/litro,PETROBRAS,4.32
SE,PE,Cidade 42,GNV,2023-10-29,R$/litro,PETROBRAS,4.56
SE,RJ,Cidade 12,GNV,2023-07-23,R$/litro,PETROBRAS,4.68
SE,RJ,Cidade 1,ETANOL,2023-12-24,R$/litro,IPIRANGA,4.24
NE,CE,Cidade 8,DIESEL S10,2023-01-15,R$/litro,BANDEIRA BRANCA,5.78
S,MG,Cidade 13,GNV,2023-10-29,R$/litro,BANDEIRA BRANCA,4.85
CO,RJ,Cidade 34,GASOLINA,2024-07-28,R$/litro,BANDEIRA BRANCA,6.38
S,PR,Cidade 25,GNV,2024-09-15,R$/litro,RAIZEN,5.39
NE,SP,Cidade 23,DIESEL S10,2023-07-02,R$/litro,PETROBRAS,6.43
N,PE,Cidade 1,ETANOL,2023-11-12,R$/litro,BANDEIRA BRANCA,3.87
N,CE,Cidade 34,ETANOL,2024-05-19,R$/litro,BANDEIRA BRANCA,4.09
N,PE,Cidade 18,ETANOL,2023-12-03,R$/litro,BANDEIRA BRANCA,4.15
S,MG,Cidade 38,GASOLINA,2024-02-04,R$/litro,IPIRANGA,6.0
NE,SP,Cidade 6,GASOLINA,2023-09-03,R$/litro,PETROBRAS,5.78
CO,RS,Cidade 15,ETANOL,2024-09-01,R$/litro,BANDEIRA BRANCA,4.35
CO,MG,Cidade 3,GASOLINA,2024-04-07,R$/litro,PETROBRAS,5.97
N,CE,Cidade 14,DIESEL S10,2024-12-01,R$/litro,BANDEIRA BRANCA,6.69
N,PR,Cidade 46,ETANOL,2024-07-21,R$/litro,BANDEIRA BRANCA,4.11
CO,CE,Cidade 25,ETANOL,2023-09-24,R$/litro,BANDEIRA BRANCA,4.74
N,PE,Cidade 22,GASOLINA,2023-08-27,R$/litro,RAIZEN,5.83
CO,PR,Cidade 14,GNV,2023-03-05,R$/litro,BANDEIRA BRANCA,4.82
SE,SP,Cidade 13,DIESEL S10,2024-03-31,R$/litro,BANDEIRA BRANCA,6.19
S,SP,Cidade 33,ETANOL,2024-06-30,R$/litro,BANDEIRA BRANCA,4.57
SE,SP,Cidade 49,DIESEL S10,2023-09-17,R$/litro,IPIRANGA,6.17
SE,BA,Cidade 37,ETANOL,2023-01-15,R$/litro,RAIZEN,4.13
NE,RJ,Cidade 37,GASOLINA,2024-08-25,R$/litro,BANDEIRA BRANCA,6.13
S,CE,Cidade 24,DIESEL S10,2023-06-11,R$/litro,PETROBRAS,6.44
NE,RJ,Cidade 5,GNV,2024-03-03,R$/litro,PETROBRAS,4.54
NE,CE,Cidade 36,DIESEL S10,2023-02-05,R$/litro,IPIRANGA,6.17
N,PR,Cidade 40,DIESEL S10,2023-02-12,R$/litro,IPIRANGA,5.97
CO,SP,Cidade 26,GASOLINA,2024-10-20,R$/litro,BANDEIRA BRANCA,5.98
CO,SP,Cidade 5,DIESEL S10,2024-05-05,R$/litro,BANDEIRA BRANCA,6.86
S,RS,Cidade 35,DIESEL S10,2023-01-01,R$/litro,PETROBRAS,6.36
S,MG,Cidade 46,ETANOL,2023-03-12,R$/litro,IPIRANGA,3.45
N,MG,Cidade 12,GASOLINA,2023-12-24,R$/litro,BANDEIRA BRANCA,5.99
SE,BA,Cidade 8,GNV,2024-05-12,R$/litro,RAIZEN,5.15
NE,RJ,Cidade 37,ETANOL,2023-11-05,R$/litro,PETROBRAS,4.31
NE,RJ,Cidade 17,ETANOL,2024-09-29,R$/litro,RAIZEN,4.89
SE,PR,Cidade 36,DIESEL S10,2024-04-21,R$/litro,BANDEIRA BRANCA,6.68
N,CE,Cidade 35,ETANOL,2024-03-24,R$/litro,IPIRANGA,4.4
S,MG,Cidade 14,DIESEL S10,2023-07-30,R$/litro,IPIRANGA,6.67
SE,CE,Cidade 3,DIESEL S10,2024-05-12,R$/litro,RAIZEN,6.61
N,MG,Cidade 28,ETANOL,2024-09-29,R$/litro,BANDEIRA BRANCA,4.42
SE,MG,Cidade 20,GASOLINA,2023-02-05,R$/litro,RAIZEN,5.5
N,SP,Cidade 42,GASOLINA,2024-06-23,R$/litro,BANDEIRA BRANCA,6.43
SE,RS,Cidade 18,GNV,2024-10-06,R$/litro,BANDEIRA BRANCA,4.92
NE,RS,Cidade 13,DIESEL S10,2023-11-12,R$/litro,IPIRANGA,6.1
CO,PR,Cidade 43,ETANOL,2024-07-14,R$/litro,IPIRANGA,4.38
S,RJ,Cidade 37,ETANOL,2023-09-17,R$/litro,RAIZEN,4.24
N,RJ,Cidade 31,DIESEL S10,2023-05-21,R$/litro,PETROBRAS,5.99
N,RS,Cidade 47,GNV,2024-08-18,R$/litro,PETROBRAS,4.74
CO,SP,Cidade 39,GNV,2023-08-13,R$/litro,PETROBRAS,5.01
SE,RJ,Cidade 43,DIESEL S10,2024-07-07,R$/litro,BANDEIRA BRANCA,6.33
N,PR,Cidade 40,ETANOL,2023-08-20,R$/litro,BANDEIRA BRANCA,4.63
CO,CE,Cidade 20,GNV,2023-10-15,R$/litro,BANDEIRA BRANCA,4.85
N,BA,Cidade 4,GNV,2024-05-12,R$/litro,PETROBRAS,5.29
SE,RJ,Cidade 30,ETANOL,2023-09-03,R$/litro,IPIRANGA,4.29
CO,CE,Cidade 38,GNV,2024-08-11,R$/litro,IPIRANGA,5.39
SE,BA,Cidade 49,GNV,2023-01-29,R$/litro,PETROBRAS,4.67
NE,PR,Cidade 34,GNV,2023-01-08,R$/litro,IPIRANGA,4.57
NE,RJ,Cidade 28,GASOLINA,2023-02-26,R$/litro,IPIRANGA,5.93
NE,BA,Cidade 29,GASOLINA,2023-07-02,R$/litro,BANDEIRA BRANCA,6.4
NE,SP,Cidade 6,ETANOL,2023-02-05,R$/litro,PETROBRAS,3.87
SE,PR,Cidade 1,GNV,2023-10-01,R$/litro,BANDEIRA BRANCA,4.96
NE,RJ,Cidade 3,GASOLINA,2023-01-15,R$/litro,BANDEIRA BRANCA,5.61
CO,CE,Cidade 45,GASOLINA,2024-07-07,R$/litro,PETROBRAS,6.26
NE,SP,Cidade 39,GASOLINA,2023-04-23,R$/litro,IPIRANGA,5.72
S,PR,Cidade 13,GASOLINA,2024-12-15,R$/litro,IPIRANGA,5.75
CO,RJ,Cidade 21,GNV,2024-09-15,R$/litro,BANDEIRA BRANCA,5.05
SE,PR,Cidade 24,DIESEL S10,2024-05-19,R$/litro,BANDEIRA BRANCA,6.63
NE,RS,Cidade 13,DIESEL S10,2024-08-04,R$/litro,BANDEIRA BRANCA,6.27
NE,CE,Cidade 21,ETANOL,2024-07-21,R$/litro,IPIRANGA,4.67
NE,PR,Cidade 18,DIESEL S10,2024-09-08,R$/litro,BANDEIRA BRANCA,6.54
CO,MG,Cidade 35,GNV,2024-02-11,R$/litro,BANDEIRA BRANCA,4.84
NE,SP,Cidade 38,DIESEL S10,2024-03-31,R$/litro,RAIZEN,6.56
CO,BA,Cidade 5,GNV,2023-12-10,R$/litro,PETROBRAS,5.0
SE,RS,Cidade 23,DIESEL S10,2024-03-31,R$/litro,IPIRANGA,6.44
N,SP,Cidade 49,ETANOL,2023-10-08,R$/litro,PETROBRAS,4.42
NE,BA,Cidade 43,DIESEL S10,2023-04-02,R$/litro,BANDEIRA BRANCA,6.04
S,RJ,Cidade 39,GNV,2024-11-10,R$/litro,IPIRANGA,4.74
S,RJ,Cidade 37,GNV,2024-05-26,R$/litro,RAIZEN,4.9
N,SP,Cidade 1,ETANOL,2024-06-02,R$/litro,IPIRANGA,3.95
N,MG,Cidade 48,DIESEL S10,2023-07-23,R$/litro,BANDEIRA BRANCA,6.26
N,RJ,Cidade 37,GNV,2024-07-14,R$/litro,BANDEIRA BRANCA,5.26
SE,SP,Cidade 44,DIESEL S10,2024-01-14,R$/litro,IPIRANGA,6.5
NE,RS,Cidade 45,DIESEL S10,2023-02-26,R$/litro,IPIRANGA,6.08
CO,RJ,Cidade 13,ETANOL,2024-12-01,R$/litro,PETROBRAS,4.81
SE,RJ,Cidade 1,GNV,2024-12-29,R$/litro,PETROBRAS,4.8
NE,RS,Cidade 33,GNV,2024-09-29,R$/litro,BANDEIRA BRANCA,5.08
NE,SP,Cidade 23,GASOLINA,2023-12-10,R$/litro,BANDEIRA BRANCA,5.58
CO,CE,Cidade 2,GASOLINA,2023-06-18,R$/litro,BANDEIRA BRANCA,5.67
S,RS,Cidade 14,GASOLINA,2023-01-08,R$/litro,RAIZEN,6.01
NE,CE,Cidade 49,ETANOL,2024-06-23,R$/litro,PETROBRAS,4.69
N,CE,Cidade 18,GASOLINA,2024-10-13,R$/litro,PETROBRAS,6.39
SE,CE,Cidade 13,GNV,2023-03-12,R$/litro,RAIZEN,4.52
CO,BA,Cidade 33,GNV,2024-05-12,R$/litro,IPIRANGA,4.73
CO,RS,Cidade 33,GASOLINA,2023-01-15,R$/litro,PETROBRAS,5.66
N,PR,Cidade 17,GNV,2024-07-21,R$/litro,PETROBRAS,5.32
N,SP,Cidade 42,GASOLINA,2023-01-15,R$/litro,RAIZEN,5.72
N,PE,Cidade 29,GNV,2024-12-15,R$/litro,BANDEIRA BRANCA,4.79
N,MG,Cidade 8,ETANOL,2023-04-30,R$/litro,IPIRANGA,4.04
CO,SP,Cidade 16,GASOLINA,2023-10-22,R$/litro,BANDEIRA BRANCA,5.4
NE,RJ,Cidade 42,ETANOL,2024-05-19,R$/litro,IPIRANGA,4.58
NE,RJ,Cidade 5,GNV,2024-09-08,R$/litro,RAIZEN,4.92
N,SP,Cidade 1,GNV,2023-09-24,R$/litro,PETROBRAS,4.45
SE,PR,Cidade 33,GASOLINA,2024-12-15,R$/litro,RAIZEN,6.49
CO,SP,Cidade 22,GNV,2023-01-08,R$/litro,IPIRANGA,4.65
N,PE,Cidade 13,ETANOL,2023-12-10,R$/litro,BANDEIRA BRANCA,4.29
N,RS,Cidade 24,ETANOL,2024-12-22,R$/litro,IPIRANGA,5.14
S,PR,Cidade 9,GASOLINA,2023-07-16,R$/litro,PETROBRAS,5.95
S,MG,Cidade 19,GNV,2024-01-28,R$/litro,PETROBRAS,4.71
NE,RJ,Cidade 12,GNV,2023-11-19,R$/litro,IPIRANGA,4.94
N,RJ,Cidade 29,DIESEL S10,2023-10-15,R$/litro,IPIRANGA,6.1
N,PR,Cidade 34,DIESEL S10,2024-07-14,R$/litro,IPIRANGA,6.75
N,PR,Cidade 45,GNV,2024-01-14,R$/litro,RAIZEN,4.93
CO,MG,Cidade 4,GASOLINA,2024-06-02,R$/litro,BANDEIRA BRANCA,6.19
CO,MG,Cidade 17,GASOLINA,2024-01-14,R$/litro,RAIZEN,5.6
N,CE,Cidade 13,GASOLINA,2024-12-29,R$/litro,IPIRANGA,6.31
S,PE,Cidade 29,ETANOL,2023-12-10,R$/litro,RAIZEN,4.21
NE,RS,Cidade 27,ETANOL,2024-08-04,R$/litro,BANDEIRA BRANCA,4.2
NE,RJ,Cidade 43,GASOLINA,2024-03-24,R$/litro,PETROBRAS,5.97
N,MG,Cidade 46,DIESEL S10,2024-08-11,R$/litro,PETROBRAS,6.57
CO,BA,Cidade 38,GASOLINA,2024-10-06,R$/litro,PETROBRAS,6.22
S,BA,Cidade 10,GNV,2023-06-11,R$/litro,BANDEIRA BRANCA,4.3
NE,RJ,Cidade 2,DIESEL S10,2023-08-06,R$/litro,BANDEIRA BRANCA,6.04
SE,SP,Cidade 45,GNV,2023-08-06,R$/litro,IPIRANGA,4.59
N,RS,Cidade 47,GASOLINA,2023-12-24,R$/litro,BANDEIRA BRANCA,5.99
NE,PE,Cidade 13,GNV,2023-12-24,R$/litro,RAIZEN,4.86
NE,RJ,Cidade 3,DIESEL S10,2023-01-01,R$/litro,BANDEIRA BRANCA,5.8
NE,RS,Cidade 34,GNV,2024-10-20,R$/litro,BANDEIRA BRANCA,5.02
S,RJ,Cidade 29,DIESEL S10,2024-09-22,R$/litro,BANDEIRA BRANCA,6.52
NE,RJ,Cidade 44,DIESEL S10,2024-03-17,R$/litro,IPIRANGA,6.56
N,BA,Cidade 29,GASOLINA,2023-08-13,R$/litro,RAIZEN,5.88
S,MG,Cidade 38,DIESEL S10,2024-08-25,R$/litro,PETROBRAS,6.83
SE,MG,Cidade 39,ETANOL,2023-07-16,R$/litro,BANDEIRA BRANCA,4.37
S,CE,Cidade 1,GNV,2023-08-13,R$/litro,IPIRANGA,5.09
SE,RJ,Cidade 8,DIESEL S10,2024-12-29,R$/litro,IPIRANGA,6.94
S,RJ,Cidade 39,GASOLINA,2024-11-10,R$/litro,RAIZEN,6.64
N,CE,Cidade 9,GNV,2024-03-03,R$/litro,BANDEIRA BRANCA,4.62
SE,BA,Cidade 11,GASOLINA,2023-04-30,R$/litro,RAIZEN,5.88
N,SP,Cidade 37,ETANOL,2023-03-26,R$/litro,BANDEIRA BRANCA,4.29
S,RS,Cidade 11,GASOLINA,2024-12-08,R$/litro,RAIZEN,6.63
CO,BA,Cidade 8,GNV,2023-07-09,R$/litro,BANDEIRA BRANCA,4.49
N,MG,Cidade 1,GASOLINA,2024-05-12,R$/litro,RAIZEN,6.24
S,BA,Cidade 24,GNV,2023-09-17,R$/litro,IPIRANGA,4.77
NE,PR,Cidade 32,GASOLINA,2023-12-31,R$/litro,BANDEIRA BRANCA,6.41
SE,MG,Cidade 36,DIESEL S10,2024-12-22,R$/litro,IPIRANGA,6.24
SE,PE,Cidade 45,GASOLINA,2024-03-10,R$/litro,RAIZEN,5.82
CO,RS,Cidade 32,ETANOL,2023-11-12,R$/litro,IPIRANGA,3.75
CO,CE,Cidade 38,DIESEL S10,2023-10-29,R$/litro,IPIRANGA,6.22
SE,SP,Cidade 11,DIESEL S10,2023-06-18,R$/litro,IPIRANGA,6.63
S,MG,Cidade 17,GNV,2024-02-11,R$/litro,IPIRANGA,4.88
SE,PR,Cidade 15,GNV,2024-02-18,R$/litro,BANDEIRA BRANCA,4.92
S,CE,Cidade 4,DIESEL S10,2023-03-05,R$/litro,BANDEIRA BRANCA,6.1
S,RJ,Cidade 48,ETANOL,2023-10-22,R$/litro,RAIZEN,4.15
S,CE,Cidade 12,ETANOL,2024-04-14,R$/litro,PETROBRAS,4.44
NE,RJ,Cidade 22,GNV,2023-02-05,R$/litro,PETROBRAS,4.63
SE,RS,Cidade 18,DIESEL S10,2024-12-15,R$/litro,PETROBRAS,6.37
CO,MG,Cidade 3,GNV,2024-09-22,R$/litro,RAIZEN,5.08
N,RS,Cidade 45,ETANOL,2024-04-07,R$/litro,BANDEIRA BRANCA,4.53
N,CE,Cidade 11,ETANOL,2023-01-08,R$/litro,IPIRANGA,4.14
SE,PR,Cidade 5,GNV,2024-01-14,R$/litro,IPIRANGA,5.19
N,PE,Cidade 17,DIESEL S10,2024-10-20,R$/litro,RAIZEN,6.61
CO,MG,Cidade 8,GASOLINA,2023-01-15,R$/litro,BANDEIRA BRANCA,5.7
SE,CE,Cidade 49,DIESEL S10,2024-08-04,R$/litro,IPIRANGA,6.64
N,RS,Cidade 10,GASOLINA,2024-09-08,R$/litro,IPIRANGA,6.04
S,PR,Cidade 15,GNV,2023-02-19,R$/litro,RAIZEN,4.39
N,PR,Cidade 14,GASOLINA,2023-06-18,R$/litro,BANDEIRA BRANCA,5.73
NE,PR,Cidade 2,GNV,2024-06-09,R$/litro,RAIZEN,4.68
CO,BA,Cidade 1,GNV,2024-10-27,R$/litro,RAIZEN,5.24
SE,RS,Cidade 26,GASOLINA,2024-07-14,R$/litro,RAIZEN,6.4
S,PR,Cidade 12,DIESEL S10,2024-01-21,R$/litro,PETROBRAS,6.09
S,CE,Cidade 5,GASOLINA,2024-03-17,R$/litro,BANDEIRA BRANCA,6.13
S,RS,Cidade 15,ETANOL,2024-01-21,R$/litro,PETROBRAS,4.11
S,BA,Cidade 14,ETANOL,2024-02-25,R$/litro,IPIRANGA,4.05
S,RJ,Cidade 21,DIESEL S10,2024-07-14,R$/litro,IPIRANGA,6.95
SE,MG,Cidade 49,GNV,2023-02-05,R$/litro,RAIZEN,4.28
N,PE,Cidade 16,ETANOL,2023-05-28,R$/litro,PETROBRAS,3.72
NE,PR,Cidade 35,ETANOL,2023-02-12,R$/litro,PETROBRAS,3.99
CO,RJ,Cidade 38,GASOLINA,2024-08-04,R$/litro,BANDEIRA BRANCA,6.22
N,BA,Cidade 3,GNV,2024-06-16,R$/litro,IPIRANGA,5.18
SE,PE,Cidade 25,ETANOL,2023-02-05,R$/litro,RAIZEN,4.43
SE,SP,Cidade 22,ETANOL,2023-03-19,R$/litro,RAIZEN,3.78
NE,SP,Cidade 25,GASOLINA,2023-07-09,R$/litro,RAIZEN,5.64
NE,RS,Cidade 9,ETANOL,2023-06-25,R$/litro,RAIZEN,4.47
S,PR,Cidade 23,DIESEL S10,2024-01-14,R$/litro,RAIZEN,6.5
N,MG,Cidade 7,GNV,2023-12-31,R$/litro,BANDEIRA BRANCA,5.05
NE,PE,Cidade 47,ETANOL,2023-09-17,R$/litro,BANDEIRA BRANCA,4.0
N,PE,Cidade 29,DIESEL S10,2023-04-30,R$/litro,IPIRANGA,6.3
SE,BA,Cidade 2,GNV,2024-04-21,R$/litro,PETROBRAS,5.16
CO,RS,Cidade 25,ETANOL,2024-07-28,R$/litro,BANDEIRA BRANCA,4.5
S,SP,Cidade 46,ETANOL,2024-04-14,R$/litro,IPIRANGA,4.2
NE,PE,Cidade 37,GASOLINA,2024-08-11,R$/litro,IPIRANGA,6.19
NE,CE,Cidade 14,GNV,2024-10-27,R$/litro,PETROBRAS,5.55
CO,RS,Cidade 44,GASOLINA,2024-09-08,R$/litro,RAIZEN,5.92
S,BA,Cidade 10,GASOLINA,2024-04-21,R$/litro,RAIZEN,5.86
S,PE,Cidade 13,GASOLINA,2023-02-05,R$/litro,BANDEIRA BRANCA,5.48
S,PR,Cidade 8,DIESEL S10,2023-09-03,R$/litro,RAIZEN,6.03
S,RJ,Cidade 46,ETANOL,2023-11-05,R$/litro,RAIZEN,4.19
SE,PR,Cidade 36,DIESEL S10,2024-06-02,R$/litro,RAIZEN,6.64
SE,CE,Cidade 26,DIESEL S10,2024-09-08,R$/litro,BANDEIRA BRANCA,6.61
S,PE,Cidade 33,GASOLINA,2024-04-14,R$/litro,BANDEIRA BRANCA,6.06
NE,RS,Cidade 13,ETANOL,2023-09-24,R$/litro,BANDEIRA BRANCA,4.22
S,BA,Cidade 4,GASOLINA,2024-07-28,R$/litro,IPIRANGA,6.31
S,MG,Cidade 42,GASOLINA,2024-05-26,R$/litro,IPIRANGA,5.67
N,PR,Cidade 48,ETANOL,2024-08-04,R$/litro,PETROBRAS,4.73
S,RJ,Cidade 2,ETANOL,2024-03-03,R$/litro,BANDEIRA BRANCA,4.1
CO,MG,Cidade 3,GASOLINA,2024-04-14,R$/litro,RAIZEN,5.94
N,MG,Cidade 28,ETANOL,2023-09-10,R$/litro,BANDEIRA BRANCA,4.23
SE,MG,Cidade 3,ETANOL,2023-10-15,R$/litro,BANDEIRA BRANCA,4.16
S,MG,Cidade 36,GNV,2023-07-23,R$/litro,IPIRANGA,4.82
SE,SP,Cidade 47,DIESEL S10,2023-07-02,R$/litro,PETROBRAS,6.11
S,PR,Cidade 14,ETANOL,2024-04-21,R$/litro,PETROBRAS,4.28
S,RS,Cidade 15,ETANOL,2023-10-08,R$/litro,BANDEIRA BRANCA,4.55
SE,CE,Cidade 43,GASOLINA,2023-04-09,R$/litro,IPIRANGA,5.87
SE,RJ,Cidade 18,ETANOL,2023-01-22,R$/litro,IPIRANGA,4.0
NE,PR,Cidade 12,DIESEL S10,2024-09-22,R$/litro,BANDEIRA BRANCA,6.68
N,RJ,Cidade 5,GASOLINA,2023-11-12,R$/litro,IPIRANGA,5.73
S,BA,Cidade 42,GNV,2024-02-25,R$/litro,BANDEIRA BRANCA,5.45
CO,RS,Cidade 46,DIESEL S10,2024-10-27,R$/litro,RAIZEN,6.27
S,RS,Cidade 4,GNV,2023-03-19,R$/litro,BANDEIRA BRANCA,4.6
CO,PR,Cidade 40,ETANOL,2024-11-17,R$/litro,PETROBRAS,4.49
S,PE,Cidade 8,GNV,2024-05-26,R$/litro,IPIRANGA,4.91
NE,MG,Cidade 7,ETANOL,2024-04-14,R$/litro,PETROBRAS,4.24
N,PE,Cidade 19,GNV,2023-11-12,R$/litro,PETROBRAS,4.61
SE,RJ,Cidade 22,DIESEL S10,2024-06-02,R$/litro,BANDEIRA BRANCA,6.69
CO,MG,Cidade 42,DIESEL S10,2023-05-28,R$/litro,RAIZEN,5.74
S,MG,Cidade 35,GASOLINA,2023-08-06,R$/litro,IPIRANGA,6.05
NE,CE,Cidade 8,GNV,2024-12-01,R$/litro,IPIRANGA,5.33
N,SP,Cidade 29,GASOLINA,2023-07-16,R$/litro,PETROBRAS,5.69
N,RS,Cidade 43,GASOLINA,2024-06-09,R$/litro,PETROBRAS,6.24
SE,RS,Cidade 33,ETANOL,2024-11-10,R$/litro,BANDEIRA BRANCA,4.51
CO,PE,Cidade 12,GNV,2024-03-10,R$/litro,PETROBRAS,4.64
N,RS,Cidade 7,GNV,2023-08-06,R$/litro,IPIRANGA,4.44
CO,CE,Cidade 23,GNV,2024-09-15,R$/litro,PETROBRAS,5.26
NE,PR,Cidade 24,DIESEL S10,2024-08-25,R$/litro,BANDEIRA BRANCA,6.63
N,PR,Cidade 18,GNV,2024-02-04,R$/litro,PETROBRAS,4.94
NE,PE,Cidade 6,ETANOL,2023-03-26,R$/litro,IPIRANGA,3.88
CO,RJ,Cidade 6,ETANOL,2023-11-19,R$/litro,BANDEIRA BRANCA,4.16
CO,RS,Cidade 26,GASOLINA,2023-11-12,R$/litro,RAIZEN,5.82
CO,BA,Cidade 47,GNV,2023-05-14,R$/litro,IPIRANGA,4.19
NE,RJ,Cidade 30,ETANOL,2023-10-22,R$/litro,RAIZEN,4.2
N,SP,Cidade 22,GASOLINA,2023-04-23,R$/litro,IPIRANGA,5.84
S,RJ,Cidade 46,ETANOL,2024-05-19,R$/litro,IPIRANGA,4.4
NE,PE,Cidade 34,DIESEL S10,2023-11-12,R$/litro,RAIZEN,6.64
N,PR,Cidade 36,ETANOL,2024-06-16,R$/litro,IPIRANGA,4.16
SE,MG,Cidade 29,ETANOL,2023-11-26,R$/litro,BANDEIRA BRANCA,4.05
N,PR,Cidade 38,ETANOL,2024-06-02,R$/litro,IPIRANGA,4.43
SE,PR,Cidade 25,DIESEL S10,2024-06-16,R$/litro,BANDEIRA BRANCA,6.47
NE,PE,Cidade 31,DIESEL S10,2023-04-23,R$/litro,PETROBRAS,5.53
NE,CE,Cidade 31,DIESEL S10,2023-11-19,R$/litro,RAIZEN,6.36
NE,CE,Cidade 37,GASOLINA,2024-06-30,R$/litro,RAIZEN,6.19
NE,RJ,Cidade 45,ETANOL,2024-03-10,R$/litro,RAIZEN,3.79
NE,PE,Cidade 15,DIESEL S10,2023-06-11,R$/litro,IPIRANGA,6.03
NE,RS,Cidade 35,GASOLINA,2024-09-01,R$/litro,RAIZEN,5.98
NE,RS,Cidade 2,GASOLINA,2023-05-21,R$/litro,PETROBRAS,5.62
NE,PR,Cidade 27,ETANOL,2024-12-29,R$/litro,RAIZEN,4.26
N,BA,Cidade 45,DIESEL S10,2024-06-02,R$/litro,BANDEIRA BRANCA,6.5
NE,RS,Cidade 32,DIESEL S10,2023-08-20,R$/litro,IPIRANGA,6.56
N,CE,Cidade 14,GASOLINA,2023-05-21,R$/litro,PETROBRAS,5.8
CO,RJ,Cidade 30,DIESEL S10,2024-10-20,R$/litro,RAIZEN,5.99
CO,SP,Cidade 18,GASOLINA,2024-01-14,R$/litro,BANDEIRA BRANCA,6.03
SE,SP,Cidade 22,DIESEL S10,2024-08-11,R$/litro,IPIRANGA,6.42
N,PE,Cidade 12,DIESEL S10,2024-09-01,R$/litro,PETROBRAS,6.21
S,RS,Cidade 31,GASOLINA,2023-02-19,R$/litro,IPIRANGA,5.74
SE,RS,Cidade 10,ETANOL,2024-05-12,R$/litro,BANDEIRA BRANCA,4.6
N,PR,Cidade 22,GNV,2023-09-03,R$/litro,IPIRANGA,4.57
SE,RS,Cidade 47,ETANOL,2024-10-27,R$/litro,RAIZEN,4.13
CO,BA,Cidade 38,DIESEL S10,2023-06-04,R$/litro,IPIRANGA,5.54
N,SP,Cidade 21,DIESEL S10,2023-01-22,R$/litro,RAIZEN,5.75
CO,RJ,Cidade 48,GASOLINA,2024-04-28,R$/litro,IPIRANGA,6.02
N,CE,Cidade 1,GNV,2024-02-04,R$/litro,IPIRANGA,4.75
CO,RS,Cidade 48,ETANOL,2024-02-11,R$/litro,RAIZEN,4.12
SE,RJ,Cidade 18,GNV,2023-07-09,R$/litro,RAIZEN,4.82
CO,MG,Cidade 41,ETANOL,2023-12-24,R$/litro,IPIRANGA,4.36
SE,MG,Cidade 47,DIESEL S10,2024-12-08,R$/litro,IPIRANGA,6.63
S,MG,Cidade 30,ETANOL,2024-07-14,R$/litro,PETROBRAS,4.64
SE,MG,Cidade 30,GNV,2024-12-22,R$/litro,RAIZEN,5.03
NE,PR,Cidade 37,GASOLINA,2023-08-27,R$/litro,IPIRANGA,5.55
N,SP,Cidade 12,GNV,2024-09-29,R$/litro,RAIZEN,4.98
S,MG,Cidade 9,GASOLINA,2023-10-08,R$/litro,IPIRANGA,5.72
CO,RS,Cidade 17,GNV,2024-11-17,R$/litro,BANDEIRA BRANCA,4.64
N,BA,Cidade 24,GASOLINA,2024-09-22,R$/litro,RAIZEN,6.07
N,CE,Cidade 37,GASOLINA,2023-04-30,R$/litro,IPIRANGA,5.99
CO,CE,Cidade 13,GASOLINA,2024-12-15,R$/litro,IPIRANGA,6.48
NE,MG,Cidade 28,DIESEL S10,2024-03-17,R$/litro,RAIZEN,6.45
S,BA,Cidade 1,ETANOL,2024-07-21,R$/litro,PETROBRAS,4.48
CO,SP,Cidade 2,DIESEL S10,2024-02-25,R$/litro,PETROBRAS,6.66
NE,BA,Cidade 48,GNV,2023-06-04,R$/litro,PETROBRAS,4.38
N,RJ,Cidade 42,GASOLINA,2024-12-22,R$/litro,IPIRANGA,6.05
S,SP,Cidade 43,DIESEL S10,2023-03-19,R$/litro,IPIRANGA,6.25
S,PR,Cidade 17,DIESEL S10,2024-08-11,R$/litro,IPIRANGA,6.47
SE,RJ,Cidade 26,ETANOL,2023-05-28,R$/litro,PETROBRAS,3.87
S,RS,Cidade 34,GNV,2024-07-28,R$/litro,IPIRANGA,5.19
SE,SP,Cidade 13,DIESEL S10,2023-11-05,R$/litro,IPIRANGA,6.09
N,PR,Cidade 37,GASOLINA,2023-06-18,R$/litro,IPIRANGA,5.55
SE,PE,Cidade 34,DIESEL S10,2023-06-18,R$/litro,RAIZEN,5.84
N,BA,Cidade 20,ETANOL,2023-08-20,R$/litro,IPIRANGA,4.2
CO,PE,Cidade 22,GASOLINA,2024-10-20,R$/litro,BANDEIRA BRANCA,6.28
N,RS,Cidade 16,GNV,2024-07-14,R$/litro,BANDEIRA BRANCA,5.42
NE,RJ,Cidade 40,GASOLINA,2024-05-05,R$/litro,RAIZEN,6.0
SE,RJ,Cidade 49,GASOLINA,2024-04-07,R$/litro,RAIZEN,5.97
CO,RJ,Cidade 49,GASOLINA,2023-10-29,R$/litro,PETROBRAS,6.25
SE,RJ,Cidade 38,GNV,2024-10-20,R$/litro,RAIZEN,5.38
N,MG,Cidade 18,DIESEL S10,2023-07-16,R$/litro,IPIRANGA,6.12
N,RJ,Cidade 39,GNV,2024-11-24,R$/litro,IPIRANGA,4.77
SE,BA,Cidade 12,ETANOL,2023-10-01,R$/litro,BANDEIRA BRANCA,3.96
N,RJ,Cidade 44,GASOLINA,2023-09-03,R$/litro,PETROBRAS,5.57
SE,BA,Cidade 14,ETANOL,2023-12-10,R$/litro,IPIRANGA,4.24
S,MG,Cidade 20,GASOLINA,2024-06-30,R$/litro,BANDEIRA BRANCA,6.0
CO,PR,Cidade 5,DIESEL S10,2024-06-02,R$/litro,BANDEIRA BRANCA,6.8
CO,BA,Cidade 4,ETANOL,2024-07-14,R$/litro,RAIZEN,4.04
S,CE,Cidade 20,GNV,2023-03-05,R$/litro,RAIZEN,4.27
CO,RS,Cidade 27,ETANOL,2023-04-23,R$/litro,BANDEIRA BRANCA,4.07
CO,MG,Cidade 1,ETANOL,2024-09-15,R$/litro,PETROBRAS,4.63
N,BA,Cidade 42,GNV,2024-12-15,R$/litro,IPIRANGA,4.54
SE,PR,Cidade 6,DIESEL S10,2023-04-02,R$/litro,PETROBRAS,5.55
S,RS,Cidade 49,GASOLINA,2024-10-20,R$/litro,IPIRANGA,6.17
N,BA,Cidade 14,ETANOL,2023-07-09,R$/litro,BANDEIRA BRANCA,4.42
CO,RS,Cidade 19,ETANOL,2024-12-15,R$/litro,RAIZEN,5.06
CO,MG,Cidade 8,DIESEL S10,2024-12-29,R$/litro,BANDEIRA BRANCA,6.49
NE,MG,Cidade 41,DIESEL S10,2024-04-07,R$/litro,RAIZEN,6.3
S,CE,Cidade 36,DIESEL S10,2023-05-14,R$/litro,BANDEIRA BRANCA,5.82
CO,PR,Cidade 4,GNV,2024-07-28,R$/litro,PETROBRAS,5.21
S,SP,Cidade 6,DIESEL S10,2023-03-12,R$/litro,IPIRANGA,6.35
S,CE,Cidade 30,ETANOL,2023-09-03,R$/litro,IPIRANGA,4.45
CO,PR,Cidade 43,GASOLINA,2024-04-14,R$/litro,BANDEIRA BRANCA,6.04
NE,SP,Cidade 6,DIESEL S10,2023-02-19,R$/litro,RAIZEN,5.74
S,PR,Cidade 11,ETANOL,2023-10-15,R$/litro,PETROBRAS,4.18
SE,BA,Cidade 27,ETANOL,2024-08-04,R$/litro,PETROBRAS,4.8
NE,CE,Cidade 6,GNV,2023-03-05,R$/litro,IPIRANGA,4.46
CO,RS,Cidade 15,GNV,2023-09-24,R$/litro,PETROBRAS,4.3
NE,BA,Cidade 1,ETANOL,2023-01-01,R$/litro,RAIZEN,3.81
N,MG,Cidade 25,DIESEL S10,2024-04-28,R$/litro,BANDEIRA BRANCA,6.29
S,MG,Cidade 36,GNV,2023-02-26,R$/litro,BANDEIRA BRANCA,4.1
N,BA,Cidade 21,GASOLINA,2023-07-23,R$/litro,PETROBRAS,5.85
N,PE,Cidade 13,ETANOL,2024-01-14,R$/litro,IPIRANGA,4.39
N,CE,Cidade 21,DIESEL S10,2023-06-04,R$/litro,RAIZEN,6.51
N,PE,Cidade 25,ETANOL,2023-06-18,R$/litro,IPIRANGA,3.73
NE,BA,Cidade 9,GNV,2024-09-01,R$/litro,IPIRANGA,5.27
S,BA,Cidade 6,ETANOL,2024-07-21,R$/litro,PETROBRAS,4.69
N,MG,Cidade 9,GASOLINA,2023-02-26,R$/litro,PETROBRAS,5.78
CO,PE,Cidade 49,ETANOL,2024-09-22,R$/litro,IPIRANGA,4.25
CO,MG,Cidade 36,ETANOL,2023-12-10,R$/litro,PETROBRAS,3.96
S,MG,Cidade 7,GNV,2023-04-16,R$/litro,PETROBRAS,4.62
N,PE,Cidade 15,GASOLINA,2024-10-27,R$/litro,RAIZEN,6.26
SE,BA,Cidade 21,GASOLINA,2023-09-03,R$/litro,BANDEIRA BRANCA,5.7
NE,MG,Cidade 9,GASOLINA,2023-08-27,R$/litro,RAIZEN,6.15
NE,PE,Cidade 42,DIESEL S10,2023-04-16,R$/litro,PETROBRAS,5.9
S,CE,Cidade 47,GNV,2024-10-13,R$/litro,BANDEIRA BRANCA,4.65
CO,MG,Cidade 12,DIESEL S10,2023-07-30,R$/litro,RAIZEN,6.05
CO,BA,Cidade 1,GNV,2024-03-10,R$/litro,IPIRANGA,5.04
SE,RS,Cidade 14,GNV,2023-06-25,R$/litro,IPIRANGA,4.75
S,PR,Cidade 29,DIESEL S10,2024-10-20,R$/litro,BANDEIRA BRANCA,6.61
S,CE,Cidade 40,DIESEL S10,2024-07-28,R$/litro,IPIRANGA,6.82
CO,BA,Cidade 17,GASOLINA,2023-12-31,R$/litro,PETROBRAS,5.67
NE,PE,Cidade 14,GNV,2023-09-10,R$/litro,IPIRANGA,4.64
N,BA,Cidade 13,GNV,2024-04-21,R$/litro,IPIRANGA,5.34
CO,CE,Cidade 1,GNV,2023-12-31,R$/litro,IPIRANGA,4.36
N,RS,Cidade 1,GNV,2024-11-17,R$/litro,IPIRANGA,5.14
SE,RS,Cidade 21,ETANOL,2024-05-05,R$/litro,RAIZEN,4.68
SE,RS,Cidade 31,GASOLINA,2023-01-15,R$/litro,IPIRANGA,5.92
S,CE,Cidade 1,GNV,2024-08-25,R$/litro,RAIZEN,5.24
S,BA,Cidade 10,ETANOL,2023-05-21,R$/litro,IPIRANGA,4.21
N,RJ,Cidade 45,GNV,2023-08-06,R$/litro,BANDEIRA BRANCA,4.45
SE,SP,Cidade 49,DIESEL S10,2023-11-12,R$/litro,BANDEIRA BRANCA,6.55
S,BA,Cidade 32,ETANOL,2023-05-28,R$/litro,IPIRANGA,3.74
S,PE,Cidade 26,ETANOL,2024-11-17,R$/litro,PETROBRAS,4.27
SE,RS,Cidade 29,DIESEL S10,2024-12-15,R$/litro,RAIZEN,6.68
SE,BA,Cidade 19,ETANOL,2023-04-23,R$/litro,IPIRANGA,3.88
SE,PE,Cidade 10,ETANOL,2023-08-20,R$/litro,BANDEIRA BRANCA,4.17
NE,BA,Cidade 19,GASOLINA,2023-09-24,R$/litro,IPIRANGA,5.96
NE,CE,Cidade 35,DIESEL S10,2024-05-05,R$/litro,IPIRANGA,6.81
NE,PR,Cidade 33,GASOLINA,2024-03-10,R$/litro,IPIRANGA,6.12
NE,PR,Cidade 34,GASOLINA,2024-05-12,R$/litro,BANDEIRA BRANCA,5.92
N,PE,Cidade 30,GASOLINA,2023-01-22,R$/litro,PETROBRAS,5.79
CO,PR,Cidade 3,DIESEL S10,2024-01-07,R$/litro,BANDEIRA BRANCA,6.05
NE,SP,Cidade 31,GASOLINA,2023-06-04,R$/litro,PETROBRAS,5.98
N,RS,Cidade 44,ETANOL,2023-06-11,R$/litro,BANDEIRA BRANCA,4.07
N,RJ,Cidade 32,GASOLINA,2024-07-21,R$/litro,RAIZEN,6.24
N,BA,Cidade 29,DIESEL S10,2023-04-09,R$/litro,RAIZEN,5.55
SE,RJ,Cidade 11,GASOLINA,2023-01-22,R$/litro,PETROBRAS,5.06
CO,BA,Cidade 39,GASOLINA,2023-12-24,R$/litro,RAIZEN,5.57
SE,MG,Cidade 23,ETANOL,2024-06-23,R$/litro,RAIZEN,4.85
NE,SP,Cidade 13,DIESEL S10,2024-01-07,R$/litro,IPIRANGA,5.97
N,SP,Cidade 25,GASOLINA,2023-04-23,R$/litro,IPIRANGA,5.89
NE,BA,Cidade 6,ETANOL,2024-07-21,R$/litro,RAIZEN,4.28
S,SP,Cidade 46,GNV,2023-10-08,R$/litro,IPIRANGA,4.71
CO,PE,Cidade 35,DIESEL S10,2024-06-02,R$/litro,BANDEIRA BRANCA,6.39
SE,PE,Cidade 17,GNV,2023-05-28,R$/litro,PETROBRAS,5.05
S,PR,Cidade 39,ETANOL,2024-10-27,R$/litro,IPIRANGA,4.68
CO,RJ,Cidade 3,GNV,2023-07-23,R$/litro,BANDEIRA BRANCA,4.79
N,PE,Cidade 19,GASOLINA,2024-12-08,R$/litro,BANDEIRA BRANCA,6.6
SE,PR,Cidade 32,DIESEL S10,2023-10-01,R$/litro,IPIRANGA,6.0
N,RS,Cidade 2,ETANOL,2024-06-16,R$/litro,RAIZEN,4.68
CO,SP,Cidade 35,GASOLINA,2023-12-31,R$/litro,PETROBRAS,6.17
SE,BA,Cidade 41,GNV,2023-02-26,R$/litro,PETROBRAS,4.78
NE,PE,Cidade 30,DIESEL S10,2023-03-12,R$/litro,BANDEIRA BRANCA,5.93
NE,SP,Cidade 11,GASOLINA,2023-10-22,R$/litro,RAIZEN,5.77
SE,SP,Cidade 37,GASOLINA,2023-05-21,R$/litro,PETROBRAS,5.52
S,RS,Cidade 17,DIESEL S10,2024-03-17,R$/litro,BANDEIRA BRANCA,6.12
SE,BA,Cidade 37,DIESEL S10,2023-04-09,R$/litro,IPIRANGA,5.76
SE,RS,Cidade 31,GASOLINA,2024-03-03,R$/litro,RAIZEN,6.1
NE,RS,Cidade 5,GNV,2023-05-28,R$/litro,BANDEIRA BRANCA,4.58
NE,MG,Cidade 5,DIESEL S10,2023-05-14,R$/litro,BANDEIRA BRANCA,6.14
S,SP,Cidade 1,ETANOL,2023-09-24,R$/litro,PETROBRAS,4.28
S,SP,Cidade 4,GASOLINA,2024-03-03,R$/litro,IPIRANGA,5.74
SE,SP,Cidade 15,ETANOL,2023-10-15,R$/litro,IPIRANGA,3.9
N,PR,Cidade 2,ETANOL,2023-09-10,R$/litro,BANDEIRA BRANCA,4.08
S,PE,Cidade 46,GASOLINA,2023-09-03,R$/litro,BANDEIRA BRANCA,5.64
CO,RS,Cidade 45,ETANOL,2023-09-03,R$/litro,RAIZEN,3.91
NE,SP,Cidade 9,GASOLINA,2023-10-22,R$/litro,PETROBRAS,6.31
CO,RS,Cidade 16,GASOLINA,2024-09-01,R$/litro,BANDEIRA BRANCA,5.8
N,CE,Cidade 37,GASOLINA,2024-02-25,R$/litro,RAIZEN,6.51
S,RJ,Cidade 33,ETANOL,2023-11-05,R$/litro,IPIRANGA,4.27
N,RS,Cidade 29,ETANOL,2024-06-30,R$/litro,IPIRANGA,4.67
S,BA,Cidade 49,ETANOL,2024-01-21,R$/litro,IPIRANGA,4.49
SE,MG,Cidade 31,DIESEL S10,2024-11-24,R$/litro,IPIRANGA,6.72
S,RS,Cidade 33,DIESEL S10,2024-02-18,R$/litro,BANDEIRA BRANCA,6.71
S,RS,Cidade 25,GASOLINA,2023-06-04,R$/litro,BANDEIRA BRANCA,5.48
SE,RS,Cidade 26,GNV,2024-02-18,R$/litro,PETROBRAS,4.86
SE,PR,Cidade 15,DIESEL S10,2024-07-21,R$/litro,BANDEIRA BRANCA,6.23
CO,BA,Cidade 26,ETANOL,2023-06-04,R$/litro,IPIRANGA,3.62
NE,SP,Cidade 45,GASOLINA,2023-05-28,R$/litro,BANDEIRA BRANCA,5.58
NE,SP,Cidade 19,GNV,2024-03-10,R$/litro,BANDEIRA BRANCA,5.38
CO,RS,Cidade 7,DIESEL S10,2024-10-06,R$/litro,RAIZEN,6.47
S,CE,Cidade 30,ETANOL,2023-09-03,R$/litro,RAIZEN,4.63
NE,SP,Cidade 39,GASOLINA,2024-01-07,R$/litro,RAIZEN,6.48
CO,SP,Cidade 47,GASOLINA,2024-04-21,R$/litro,BANDEIRA BRANCA,6.81
N,PR,Cidade 27,ETANOL,2024-04-28,R$/litro,IPIRANGA,4.84
S,RS,Cidade 39,GASOLINA,2023-04-16,R$/litro,RAIZEN,6.29
S,RJ,Cidade 13,GASOLINA,2023-10-15,R$/litro,BANDEIRA BRANCA,5.96
SE,RJ,Cidade 21,ETANOL,2024-12-29,R$/litro,BANDEIRA BRANCA,4.66
SE,PR,Cidade 21,GASOLINA,2024-10-13,R$/litro,PETROBRAS,6.3
SE,BA,Cidade 17,ETANOL,2024-07-21,R$/litro,IPIRANGA,4.44
N,PR,Cidade 36,GNV,2023-01-15,R$/litro,RAIZEN,4.55
N,MG,Cidade 44,GNV,2023-10-29,R$/litro,RAIZEN,4.98
NE,BA,Cidade 17,GASOLINA,2023-02-05,R$/litro,RAIZEN,5.52
N,PE,Cidade 7,DIESEL S10,2023-08-06,R$/litro,BANDEIRA BRANCA,5.76
SE,MG,Cidade 41,GNV,2024-09-22,R$/litro,RAIZEN,5.2
S,RS,Cidade 42,DIESEL S10,2023-10-08,R$/litro,RAIZEN,6.0
S,RJ,Cidade 46,ETANOL,2023-04-30,R$/litro,BANDEIRA BRANCA,3.87
CO,PR,Cidade 13,ETANOL,2024-06-09,R$/litro,PETROBRAS,4.37
N,SP,Cidade 36,GASOLINA,2024-07-07,R$/litro,RAIZEN,6.04
CO,RJ,Cidade 36,ETANOL,2024-04-21,R$/litro,IPIRANGA,4.63
S,PR,Cidade 39,GNV,2024-08-11,R$/litro,BANDEIRA BRANCA,5.02
CO,SP,Cidade 40,DIESEL S10,2024-05-26,R$/litro,RAIZEN,6.68
SE,CE,Cidade 47,ETANOL,2024-04-07,R$/litro,RAIZEN,4.39
S,RS,Cidade 24,GASOLINA,2024-10-13,R$/litro,BANDEIRA BRANCA,6.2
NE,RS,Cidade 4,GNV,2023-08-27,R$/litro,PETROBRAS,4.77
SE,BA,Cidade 10,GASOLINA,2023-11-26,R$/litro,RAIZEN,5.59
CO,PR,Cidade 44,DIESEL S10,2024-02-18,R$/litro,BANDEIRA BRANCA,6.38
CO,RS,Cidade 42,ETANOL,2024-05-05,R$/litro,BANDEIRA BRANCA,4.58
NE,CE,Cidade 1,ETANOL,2023-12-17,R$/litro,PETROBRAS,4.48
S,CE,Cidade 19,GASOLINA,2023-11-19,R$/litro,BANDEIRA BRANCA,5.57
SE,RJ,Cidade 13,ETANOL,2023-04-30,R$/litro,PETROBRAS,3.63
N,PR,Cidade 16,DIESEL S10,2024-04-14,R$/litro,IPIRANGA,6.22
NE,MG,Cidade 32,ETANOL,2023-03-26,R$/litro,BANDEIRA BRANCA,4.33
N,CE,Cidade 25,GASOLINA,2023-12-10,R$/litro,RAIZEN,5.98
N,MG,Cidade 24,ETANOL,2023-10-22,R$/litro,RAIZEN,3.99
SE,MG,Cidade 22,GASOLINA,2024-07-21,R$/litro,RAIZEN,5.78
SE,PR,Cidade 32,ETANOL,2023-12-17,R$/litro,BANDEIRA BRANCA,4.06
N,PE,Cidade 34,GNV,2023-01-01,R$/litro,PETROBRAS,4.31
SE,RJ,Cidade 3,GNV,2024-01-07,R$/litro,IPIRANGA,5.09
CO,BA,Cidade 7,GNV,2023-06-04,R$/litro,IPIRANGA,4.9
SE,MG,Cidade 17,GASOLINA,2023-10-01,R$/litro,BANDEIRA BRANCA,5.6
N,BA,Cidade 22,ETANOL,2023-08-06,R$/litro,RAIZEN,4.3
CO,BA,Cidade 49,GASOLINA,2023-04-30,R$/litro,RAIZEN,5.88
NE,CE,Cidade 44,ETANOL,2024-11-24,R$/litro,BANDEIRA BRANCA,4.27
SE,CE,Cidade 32,DIESEL S10,2023-07-02,R$/litro,BANDEIRA BRANCA,6.05
CO,PR,Cidade 2,GNV,2024-01-07,R$/litro,IPIRANGA,4.94
SE,PR,Cidade 5,ETANOL,2024-08-25,R$/litro,IPIRANGA,4.52
NE,CE,Cidade 23,GASOLINA,2023-09-24,R$/litro,PETROBRAS,5.43
CO,RJ,Cidade 29,ETANOL,2024-11-17,R$/litro,PETROBRAS,4.59
N,PR,Cidade 33,ETANOL,2023-10-22,R$/litro,IPIRANGA,4.34
SE,PE,Cidade 7,DIESEL S10,2024-11-24,R$/litro,RAIZEN,6.96
CO,RJ,Cidade 44,GASOLINA,2023-11-26,R$/litro,BANDEIRA BRANCA,5.75
SE,CE,Cidade 25,DIESEL S10,2023-01-08,R$/litro,IPIRANGA,5.77
N,PR,Cidade 30,ETANOL,2024-09-29,R$/litro,RAIZEN,4.46
N,MG,Cidade 2,DIESEL S10,2024-09-22,R$/litro,BANDEIRA BRANCA,6.58
S,RS,Cidade 41,GNV,2024-12-08,R$/litro,IPIRANGA,5.2
NE,RS,Cidade 27,GASOLINA,2023-04-02,R$/litro,PETROBRAS,5.84
SE,CE,Cidade 11,GNV,2024-09-08,R$/litro,BANDEIRA BRANCA,4.81
CO,CE,Cidade 16,GASOLINA,2023-09-03,R$/litro,RAIZEN,5.93
S,PE,Cidade 18,GNV,2024-09-08,R$/litro,PETROBRAS,4.91
S,PR,Cidade 2,ETANOL,2024-12-08,R$/litro,IPIRANGA,4.54
NE,SP,Cidade 47,DIESEL S10,2023-05-21,R$/litro,IPIRANGA,6.46
N,CE,Cidade 40,GNV,2023-09-24,R$/litro,PETROBRAS,4.41
NE,RJ,Cidade 44,DIESEL S10,2023-07-16,R$/litro,IPIRANGA,6.02
NE,RJ,Cidade 18,ETANOL,2023-08-06,R$/litro,BANDEIRA BRANCA,3.79
NE,SP,Cidade 28,GNV,2024-03-10,R$/litro,RAIZEN,4.95
CO,CE,Cidade 23,ETANOL,2023-10-29,R$/litro,BANDEIRA BRANCA,4.45
S,RS,Cidade 24,DIESEL S10,2024-04-21,R$/litro,BANDEIRA BRANCA,6.4
CO,RJ,Cidade 29,DIESEL S10,2024-05-05,R$/litro,IPIRANGA,6.34
N,SP,Cidade 23,ETANOL,2023-05-28,R$/litro,PETROBRAS,4.37
CO,RS,Cidade 38,GASOLINA,2023-01-29,R$/litro,PETROBRAS,5.71
CO,PR,Cidade 3,ETANOL,2024-06-30,R$/litro,BANDEIRA BRANCA,4.63
N,CE,Cidade 10,GNV,2023-05-14,R$/litro,IPIRANGA,4.81
S,BA,Cidade 44,DIESEL S10,2023-05-21,R$/litro,RAIZEN,5.32
N,BA,Cidade 44,DIESEL S10,2024-03-17,R$/litro,IPIRANGA,6.3
N,PE,Cidade 41,ETANOL,2023-07-09,R$/litro,BANDEIRA BRANCA,3.81
S,CE,Cidade 19,DIESEL S10,2023-05-14,R$/litro,RAIZEN,5.82
N,MG,Cidade 23,ETANOL,2023-08-13,R$/litro,BANDEIRA BRANCA,4.48
S,CE,Cidade 2,GASOLINA,2024-01-14,R$/litro,IPIRANGA,5.87
NE,BA,Cidade 14,GASOLINA,2024-09-08,R$/litro,BANDEIRA BRANCA,6.66
N,CE,Cidade 36,ETANOL,2024-12-22,R$/litro,RAIZEN,4.24
SE,SP,Cidade 17,DIESEL S10,2024-06-16,R$/litro,PETROBRAS,6.14
S,SP,Cidade 24,ETANOL,2024-10-20,R$/litro,PETROBRAS,4.72
N,CE,Cidade 7,GASOLINA,2024-01-21,R$/litro,IPIRANGA,5.88
NE,PR,Cidade 25,ETANOL,2023-10-22,R$/litro,PETROBRAS,4.26
CO,RJ,Cidade 36,ETANOL,2024-08-25,R$/litro,BANDEIRA BRANCA,4.45
SE,CE,Cidade 29,DIESEL S10,2023-08-06,R$/litro,PETROBRAS,6.07
N,SP,Cidade 28,ETANOL,2024-08-18,R$/litro,RAIZEN,4.39
CO,PR,Cidade 45,ETANOL,2024-12-29,R$/litro,RAIZEN,4.64
CO,RJ,Cidade 12,GASOLINA,2023-10-08,R$/litro,RAIZEN,6.03
SE,SP,Cidade 15,DIESEL S10,2024-04-07,R$/litro,RAIZEN,6.75
CO,PE,Cidade 31,GNV,2024-07-28,R$/litro,BANDEIRA BRANCA,5.0
S,PE,Cidade 24,DIESEL S10,2024-07-28,R$/litro,BANDEIRA BRANCA,6.35
S,SP,Cidade 48,ETANOL,2023-05-28,R$/litro,BANDEIRA BRANCA,3.91
S,SP,Cidade 3,ETANOL,2024-12-08,R$/litro,IPIRANGA,4.95
N,BA,Cidade 6,ETANOL,2023-12-31,R$/litro,RAIZEN,4.42
N,SP,Cidade 17,GASOLINA,2023-01-29,R$/litro,PETROBRAS,5.15
NE,PR,Cidade 23,GASOLINA,2023-03-26,R$/litro,BANDEIRA BRANCA,5.19
SE,CE,Cidade 44,GNV,2024-06-16,R$/litro,PETROBRAS,4.8
CO,PE,Cidade 25,GNV,2023-11-05,R$/litro,PETROBRAS,4.85
S,RJ,Cidade 22,GNV,2023-03-19,R$/litro,BANDEIRA BRANCA,4.57
SE,RJ,Cidade 9,DIESEL S10,2024-01-14,R$/litro,BANDEIRA BRANCA,6.39
NE,PR,Cidade 22,GNV,2024-03-10,R$/litro,PETROBRAS,4.87
NE,SP,Cidade 27,ETANOL,2023-02-26,R$/litro,BANDEIRA BRANCA,4.3
N,BA,Cidade 29,ETANOL,2023-09-10,R$/litro,PETROBRAS,4.33
CO,RS,Cidade 30,GASOLINA,2023-12-03,R$/litro,PETROBRAS,5.94
SE,PR,Cidade 22,GASOLINA,2024-07-21,R$/litro,BANDEIRA BRANCA,6.43
S,RJ,Cidade 8,DIESEL S10,2024-04-21,R$/litro,PETROBRAS,5.94
NE,PE,Cidade 8,GASOLINA,2023-03-05,R$/litro,PETROBRAS,5.64
N,PR,Cidade 8,GNV,2024-03-24,R$/litro,BANDEIRA BRANCA,4.96
N,RJ,Cidade 31,GNV,2024-10-20,R$/litro,RAIZEN,5.28
S,MG,Cidade 42,ETANOL,2023-02-05,R$/litro,RAIZEN,3.5
N,SP,Cidade 44,DIESEL S10,2024-12-22,R$/litro,BANDEIRA BRANCA,6.53
CO,RS,Cidade 16,GASOLINA,2023-03-12,R$/litro,PETROBRAS,5.77
NE,MG,Cidade 4,ETANOL,2024-03-31,R$/litro,BANDEIRA BRANCA,4.46
CO,SP,Cidade 31,GASOLINA,2023-09-10,R$/litro,IPIRANGA,6.14
N,BA,Cidade 2,GASOLINA,2024-06-16,R$/litro,RAIZEN,6.3
S,BA,Cidade 31,GASOLINA,2024-09-08,R$/litro,IPIRANGA,6.18
S,SP,Cidade 19,GNV,2024-09-15,R$/litro,IPIRANGA,5.27
N,RJ,Cidade 42,DIESEL S10,2024-09-29,R$/litro,IPIRANGA,6.46
S,SP,Cidade 31,GNV,2024-08-18,R$/litro,RAIZEN,5.11
S,PR,Cidade 37,GNV,2023-08-13,R$/litro,BANDEIRA BRANCA,4.91
S,MG,Cidade 20,GNV,2023-12-03,R$/litro,PETROBRAS,4.81
N,SP,Cidade 42,GNV,2024-06-09,R$/litro,RAIZEN,5.09
S,RJ,Cidade 26,GASOLINA,2023-04-30,R$/litro,BANDEIRA BRANCA,5.95
N,CE,Cidade 31,GNV,2024-02-25,R$/litro,RAIZEN,5.08
CO,MG,Cidade 18,DIESEL S10,2024-01-21,R$/litro,BANDEIRA BRANCA,6.58
CO,PR,Cidade 23,GASOLINA,2024-12-22,R$/litro,PETROBRAS,6.87
CO,RS,Cidade 42,GASOLINA,2023-02-05,R$/litro,IPIRANGA,5.81
SE,RJ,Cidade 20,GNV,2023-03-05,R$/litro,IPIRANGA,4.45
NE,MG,Cidade 2,GNV,2023-01-22,R$/litro,RAIZEN,4.65
S,SP,Cidade 19,ETANOL,2024-02-04,R$/litro,IPIRANGA,4.4
CO,PR,Cidade 20,GASOLINA,2024-02-04,R$/litro,IPIRANGA,6.14
N,MG,Cidade 21,ETANOL,2024-03-10,R$/litro,BANDEIRA BRANCA,4.69
S,RS,Cidade 4,GASOLINA,2023-06-25,R$/litro,PETROBRAS,5.35
NE,RJ,Cidade 7,DIESEL S10,2023-08-13,R$/litro,BANDEIRA BRANCA,6.49
N,PE,Cidade 16,ETANOL,2023-10-29,R$/litro,PETROBRAS,4.65
NE,RJ,Cidade 21,GASOLINA,2023-01-29,R$/litro,IPIRANGA,5.77
NE,BA,Cidade 2,GNV,2024-07-07,R$/litro,RAIZEN,5.18
SE,PE,Cidade 20,GNV,2023-02-05,R$/litro,BANDEIRA BRANCA,4.47
NE,PR,Cidade 16,GNV,2024-05-05,R$/litro,BANDEIRA BRANCA,4.97
S,BA,Cidade 2,GNV,2023-11-26,R$/litro,PETROBRAS,4.99
CO,CE,Cidade 13,GASOLINA,2024-12-29,R$/litro,RAIZEN,6.46
CO,RJ,Cidade 14,GNV,2024-05-19,R$/litro,IPIRANGA,5.16
N,CE,Cidade 8,GNV,2023-12-10,R$/litro,BANDEIRA BRANCA,4.99
SE,BA,Cidade 37,GNV,2024-05-26,R$/litro,BANDEIRA BRANCA,5.21
CO,RS,Cidade 4,ETANOL,2023-03-26,R$/litro,PETROBRAS,4.18
S,MG,Cidade 29,ETANOL,2023-05-14,R$/litro,IPIRANGA,3.77
NE,PR,Cidade 33,GNV,2023-12-31,R$/litro,BANDEIRA BRANCA,5.06
CO,CE,Cidade 40,GASOLINA,2024-09-22,R$/litro,BANDEIRA BRANCA,6.67
CO,PR,Cidade 27,DIESEL S10,2024-08-25,R$/litro,RAIZEN,6.47
SE,SP,Cidade 27,GNV,2023-10-01,R$/litro,PETROBRAS,5.14
S,RS,Cidade 38,GNV,2023-07-23,R$/litro,IPIRANGA,4.47
N,PR,Cidade 42,DIESEL S10,2024-12-08,R$/litro,BANDEIRA BRANCA,6.57
NE,RS,Cidade 11,GNV,2024-02-18,R$/litro,RAIZEN,4.74
S,PE,Cidade 40,GNV,2023-03-26,R$/litro,PETROBRAS,4.93
NE,PR,Cidade 23,GNV,2023-06-11,R$/litro,IPIRANGA,5.06
CO,SP,Cidade 5,GASOLINA,2024-09-01,R$/litro,PETROBRAS,6.16
S,BA,Cidade 31,GASOLINA,2024-10-20,R$/litro,IPIRANGA,6.52
N,RJ,Cidade 48,ETANOL,2024-10-27,R$/litro,IPIRANGA,4.95
N,RS,Cidade 7,ETANOL,2023-01-01,R$/litro,RAIZEN,3.89
CO,RS,Cidade 1,ETANOL,2024-08-25,R$/litro,BANDEIRA BRANCA,4.51
S,PE,Cidade 45,GASOLINA,2023-03-19,R$/litro,RAIZEN,5.86
S,PE,Cidade 30,DIESEL S10,2024-08-11,R$/litro,RAIZEN,6.25
NE,RS,Cidade 11,GASOLINA,2024-10-06,R$/litro,IPIRANGA,6.25
NE,BA,Cidade 39,GNV,2023-09-17,R$/litro,RAIZEN,5.28
NE,PR,Cidade 20,DIESEL S10,2023-05-21,R$/litro,BANDEIRA BRANCA,5.91
N,PR,Cidade 17,GNV,2024-06-02,R$/litro,PETROBRAS,5.21
N,PR,Cidade 15,GASOLINA,2023-02-19,R$/litro,IPIRANGA,5.78
S,PE,Cidade 30,ETANOL,2024-02-25,R$/litro,PETROBRAS,4.26
N,CE,Cidade 7,GNV,2023-08-27,R$/litro,PETROBRAS,4.78
S,PE,Cidade 18,ETANOL,2023-11-05,R$/litro,PETROBRAS,4.63
NE,RJ,Cidade 15,DIESEL S10,2024-08-25,R$/litro,RAIZEN,6.62
SE,RS,Cidade 3,GASOLINA,2024-12-29,R$/litro,BANDEIRA BRANCA,6.48
S,RS,Cidade 38,GNV,2023-10-22,R$/litro,BANDEIRA BRANCA,5.18
CO,BA,Cidade 1,ETANOL,2023-07-30,R$/litro,PETROBRAS,4.03
NE,BA,Cidade 48,GNV,2024-09-01,R$/litro,RAIZEN,4.82
N,PR,Cidade 5,ETANOL,2023-10-29,R$/litro,IPIRANGA,4.63
SE,RS,Cidade 18,GASOLINA,2023-05-21,R$/litro,IPIRANGA,5.77
N,MG,Cidade 5,DIESEL S10,2024-10-20,R$/litro,RAIZEN,6.75
S,RS,Cidade 18,ETANOL,2024-12-29,R$/litro,RAIZEN,4.41
N,PE,Cidade 30,ETANOL,2023-07-30,R$/litro,RAIZEN,4.2
CO,MG,Cidade 5,GNV,2023-04-23,R$/litro,PETROBRAS,4.33
NE,SP,Cidade 26,ETANOL,2023-04-23,R$/litro,IPIRANGA,4.02
SE,CE,Cidade 38,ETANOL,2024-03-10,R$/litro,IPIRANGA,4.15
NE,RJ,Cidade 23,DIESEL S10,2023-08-13,R$/litro,PETROBRAS,5.9
SE,BA,Cidade 6,GASOLINA,2024-03-31,R$/litro,PETROBRAS,5.96
NE,PE,Cidade 34,GNV,2024-07-07,R$/litro,IPIRANGA,4.46
SE,MG,Cidade 10,GASOLINA,2023-01-01,R$/litro,PETROBRAS,5.31
N,MG,Cidade 1,GASOLINA,2024-09-22,R$/litro,RAIZEN,6.4
S,MG,Cidade 22,GASOLINA,2023-01-22,R$/litro,PETROBRAS,5.71
S,RJ,Cidade 14,ETANOL,2023-03-26,R$/litro,PETROBRAS,3.71
SE,RJ,Cidade 2,DIESEL S10,2024-06-16,R$/litro,BANDEIRA BRANCA,6.55
CO,RJ,Cidade 39,DIESEL S10,2024-03-31,R$/litro,RAIZEN,6.12
CO,RS,Cidade 30,GNV,2024-12-15,R$/litro,RAIZEN,5.37
CO,BA,Cidade 45,GNV,2024-02-18,R$/litro,PETROBRAS,4.87
SE,SP,Cidade 24,ETANOL,2023-10-29,R$/litro,PETROBRAS,4.11
S,PE,Cidade 22,GNV,2024-05-05,R$/litro,BANDEIRA BRANCA,4.95
CO,PR,Cidade 42,GASOLINA,2024-07-14,R$/litro,BANDEIRA BRANCA,6.78
NE,SP,Cidade 4,GASOLINA,2024-05-05,R$/litro,BANDEIRA BRANCA,5.88
SE,PE,Cidade 18,ETANOL,2023-09-24,R$/litro,BANDEIRA BRANCA,4.21
SE,SP,Cidade 40,DIESEL S10,2024-12-01,R$/litro,PETROBRAS,6.77
S,BA,Cidade 15,GASOLINA,2023-08-06,R$/litro,BANDEIRA BRANCA,5.57
CO,RS,Cidade 44,GNV,2023-09-10,R$/litro,IPIRANGA,4.34
SE,BA,Cidade 14,ETANOL,2023-07-23,R$/litro,RAIZEN,3.94
CO,CE,Cidade 21,ETANOL,2023-08-06,R$/litro,IPIRANGA,4.3
N,CE,Cidade 44,DIESEL S10,2023-06-04,R$/litro,RAIZEN,5.96
CO,MG,Cidade 12,ETANOL,2024-03-03,R$/litro,BANDEIRA BRANCA,4.25
CO,BA,Cidade 48,ETANOL,2024-06-16,R$/litro,BANDEIRA BRANCA,4.64
S,CE,Cidade 3,GNV,2023-11-12,R$/litro,RAIZEN,4.6
CO,PR,Cidade 14,ETANOL,2024-11-03,R$/litro,IPIRANGA,4.52
SE,CE,Cidade 29,GASOLINA,2023-12-10,R$/litro,RAIZEN,5.55
S,RS,Cidade 30,DIESEL S10,2023-12-10,R$/litro,IPIRANGA,6.31
S,MG,Cidade 45,DIESEL S10,2023-02-19,R$/litro,PETROBRAS,6.0
SE,BA,Cidade 48,GASOLINA,2024-10-20,R$/litro,RAIZEN,6.43
SE,PE,Cidade 34,GNV,2023-04-16,R$/litro,PETROBRAS,4.31
SE,CE,Cidade 33,ETANOL,2023-04-30,R$/litro,IPIRANGA,3.97
SE,PR,Cidade 16,GASOLINA,2024-11-17,R$/litro,RAIZEN,5.94
S,PR,Cidade 40,GASOLINA,2024-01-14,R$/litro,BANDEIRA BRANCA,5.9
SE,BA,Cidade 32,DIESEL S10,2023-02-19,R$/litro,RAIZEN,6.32
SE,MG,Cidade 2,GASOLINA,2023-11-19,R$/litro,BANDEIRA BRANCA,5.83
CO,RS,Cidade 41,ETANOL,2024-03-03,R$/litro,BANDEIRA BRANCA,3.97
SE,RS,Cidade 18,DIESEL S10,2023-01-08,R$/litro,PETROBRAS,5.74
SE,PE,Cidade 24,GNV,2024-07-07,R$/litro,BANDEIRA BRANCA,4.63
SE,BA,Cidade 24,ETANOL,2024-05-05,R$/litro,IPIRANGA,4.05
SE,PE,Cidade 41,GNV,2023-01-08,R$/litro,RAIZEN,4.67
NE,SP,Cidade 14,ETANOL,2024-03-24,R$/litro,PETROBRAS,3.97
CO,PE,Cidade 20,GNV,2023-06-11,R$/litro,RAIZEN,4.73
N,BA,Cidade 2,ETANOL,2024-06-23,R$/litro,RAIZEN,4.42
NE,CE,Cidade 18,GASOLINA,2023-10-01,R$/litro,BANDEIRA BRANCA,5.73
SE,RS,Cidade 5,DIESEL S10,2023-05-28,R$/litro,BANDEIRA BRANCA,6.1
N,RS,Cidade 29,GNV,2024-01-07,R$/litro,BANDEIRA BRANCA,4.62
SE,RJ,Cidade 44,GNV,2023-11-19,R$/litro,RAIZEN,5.02
N,PE,Cidade 23,GNV,2023-09-03,R$/litro,BANDEIRA BRANCA,4.56
NE,PR,Cidade 45,GASOLINA,2024-10-06,R$/litro,PETROBRAS,6.12
CO,PE,Cidade 48,DIESEL S10,2024-04-21,R$/litro,BANDEIRA BRANCA,6.23
S,SP,Cidade 3,DIESEL S10,2023-12-24,R$/litro,PETROBRAS,6.41
N,RJ,Cidade 26,DIESEL S10,2023-06-11,R$/litro,IPIRANGA,6.19
NE,CE,Cidade 26,GASOLINA,2024-02-18,R$/litro,BANDEIRA BRANCA,5.34
NE,SP,Cidade 19,GASOLINA,2023-01-15,R$/litro,RAIZEN,5.68
CO,BA,Cidade 41,DIESEL S10,2024-10-06,R$/litro,BANDEIRA BRANCA,6.08
N,RS,Cidade 20,GNV,2023-01-01,R$/litro,RAIZEN,4.41
NE,CE,Cidade 3,GASOLINA,2024-05-26,R$/litro,RAIZEN,6.06
NE,PE,Cidade 27,GASOLINA,2023-09-10,R$/litro,PETROBRAS,5.75
N,CE,Cidade 10,ETANOL,2024-06-09,R$/litro,BANDEIRA BRANCA,4.53
S,MG,Cidade 18,ETANOL,2023-09-17,R$/litro,RAIZEN,4.33
SE,BA,Cidade 25,GNV,2023-01-15,R$/litro,RAIZEN,4.32
NE,PR,Cidade 36,GNV,2024-11-24,R$/litro,IPIRANGA,4.96
SE,CE,Cidade 14,DIESEL S10,2024-07-14,R$/litro,BANDEIRA BRANCA,6.43
SE,SP,Cidade 19,GNV,2023-01-29,R$/litro,IPIRANGA,4.14
NE,CE,Cidade 4,GASOLINA,2023-01-22,R$/litro,PETROBRAS,5.5
N,MG,Cidade 19,GNV,2024-01-21,R$/litro,PETROBRAS,5.21
N,RJ,Cidade 29,ETANOL,2024-12-01,R$/litro,RAIZEN,4.19
S,BA,Cidade 31,ETANOL,2024-02-25,R$/litro,RAIZEN,4.22
NE,PE,Cidade 15,GASOLINA,2023-01-08,R$/litro,PETROBRAS,5.46
SE,RJ,Cidade 3,GASOLINA,2024-05-26,R$/litro,RAIZEN,6.59
N,SP,Cidade 29,GASOLINA,2023-11-05,R$/litro,BANDEIRA BRANCA,5.76
S,CE,Cidade 33,ETANOL,2024-04-14,R$/litro,RAIZEN,4.23
N,CE,Cidade 5,GASOLINA,2023-09-10,R$/litro,BANDEIRA BRANCA,5.58
CO,RJ,Cidade 25,GASOLINA,2023-01-01,R$/litro,PETROBRAS,5.6
N,CE,Cidade 5,DIESEL S10,2023-01-08,R$/litro,IPIRANGA,5.97
S,CE,Cidade 23,GNV,2024-04-07,R$/litro,RAIZEN,4.72
CO,CE,Cidade 32,GASOLINA,2024-04-07,R$/litro,IPIRANGA,6.29
N,RJ,Cidade 36,DIESEL S10,2023-08-20,R$/litro,PETROBRAS,6.19
N,BA,Cidade 35,GNV,2023-02-26,R$/litro,IPIRANGA,4.77
CO,CE,Cidade 38,ETANOL,2024-07-21,R$/litro,IPIRANGA,4.36
CO,CE,Cidade 12,GASOLINA,2023-04-16,R$/litro,PETROBRAS,5.76
SE,BA,Cidade 42,GASOLINA,2023-05-14,R$/litro,IPIRANGA,5.67
CO,RJ,Cidade 18,GNV,2023-11-26,R$/litro,IPIRANGA,5.18
N,SP,Cidade 19,ETANOL,2024-06-09,R$/litro,BANDEIRA BRANCA,4.43
S,MG,Cidade 39,GASOLINA,2024-12-29,R$/litro,IPIRANGA,6.3
S,SP,Cidade 17,GNV,2024-03-31,R$/litro,IPIRANGA,4.82
N,RJ,Cidade 4,GNV,2024-12-01,R$/litro,IPIRANGA,5.04
S,SP,Cidade 36,DIESEL S10,2024-04-21,R$/litro,RAIZEN,6.42
NE,PE,Cidade 33,GASOLINA,2024-09-15,R$/litro,IPIRANGA,6.4
N,BA,Cidade 29,GASOLINA,2023-05-07,R$/litro,BANDEIRA BRANCA,5.55
N,BA,Cidade 8,GASOLINA,2023-02-05,R$/litro,IPIRANGA,5.67
CO,PE,Cidade 31,GASOLINA,2024-05-05,R$/litro,IPIRANGA,6.12
SE,RS,Cidade 10,DIESEL S10,2024-12-15,R$/litro,PETROBRAS,6.67
S,RS,Cidade 28,ETANOL,2024-06-23,R$/litro,BANDEIRA BRANCA,3.99
CO,RJ,Cidade 25,GNV,2023-09-10,R$/litro,IPIRANGA,4.51
NE,RS,Cidade 38,GASOLINA,2023-12-24,R$/litro,PETROBRAS,5.6
S,RJ,Cidade 48,DIESEL S10,2023-03-19,R$/litro,PETROBRAS,5.98
S,BA,Cidade 10,GNV,2023-09-03,R$/litro,IPIRANGA,4.51
S,CE,Cidade 6,GASOLINA,2024-05-12,R$/litro,BANDEIRA BRANCA,5.95
NE,BA,Cidade 28,DIESEL S10,2023-04-30,R$/litro,PETROBRAS,5.72
S,MG,Cidade 47,DIESEL S10,2023-12-17,R$/litro,PETROBRAS,6.13
N,PR,Cidade 8,GASOLINA,2023-07-30,R$/litro,RAIZEN,5.52
NE,PE,Cidade 24,ETANOL,2023-12-24,R$/litro,IPIRANGA,4.43
N,RS,Cidade 20,GNV,2024-07-14,R$/litro,BANDEIRA BRANCA,5.16
SE,MG,Cidade 16,GNV,2024-10-06,R$/litro,BANDEIRA BRANCA,5.16
N,PR,Cidade 33,ETANOL,2023-10-22,R$/litro,RAIZEN,4.11
CO,RJ,Cidade 15,GASOLINA,2024-08-25,R$/litro,IPIRANGA,5.67
SE,CE,Cidade 25,GASOLINA,2024-05-26,R$/litro,RAIZEN,5.98
S,MG,Cidade 42,GNV,2024-11-03,R$/litro,RAIZEN,4.95
N,MG,Cidade 19,DIESEL S10,2024-06-23,R$/litro,IPIRANGA,6.48
N,PR,Cidade 2,ETANOL,2024-02-04,R$/litro,IPIRANGA,4.44
N,SP,Cidade 44,GASOLINA,2024-05-05,R$/litro,BANDEIRA BRANCA,6.15
NE,RJ,Cidade 14,GNV,2023-08-20,R$/litro,RAIZEN,5.04
N,RJ,Cidade 38,ETANOL,2024-05-05,R$/litro,IPIRANGA,4.23
N,RS,Cidade 38,DIESEL S10,2024-06-02,R$/litro,BANDEIRA BRANCA,6.24
SE,BA,Cidade 26,GNV,2024-03-24,R$/litro,IPIRANGA,5.19
N,RJ,Cidade 5,DIESEL S10,2023-03-12,R$/litro,PETROBRAS,6.01
NE,MG,Cidade 47,GNV,2024-01-14,R$/litro,BANDEIRA BRANCA,4.8
SE,PE,Cidade 34,DIESEL S10,2024-06-02,R$/litro,BANDEIRA BRANCA,6.86
NE,CE,Cidade 21,ETANOL,2023-05-21,R$/litro,IPIRANGA,4.18
NE,SP,Cidade 42,GNV,2024-07-28,R$/litro,BANDEIRA BRANCA,5.0
SE,PR,Cidade 39,DIESEL S10,2024-09-08,R$/litro,IPIRANGA,6.32
CO,SP,Cidade 38,GNV,2024-01-28,R$/litro,RAIZEN,5.21
S,BA,Cidade 9,GASOLINA,2024-12-08,R$/litro,PETROBRAS,6.33
S,CE,Cidade 32,DIESEL S10,2024-09-22,R$/litro,RAIZEN,6.51
NE,PE,Cidade 15,DIESEL S10,2023-12-03,R$/litro,PETROBRAS,6.39
CO,RJ,Cidade 4,GASOLINA,2024-10-06,R$/litro,PETROBRAS,6.44
N,MG,Cidade 17,ETANOL,2024-11-10,R$/litro,BANDEIRA BRANCA,4.69
N,PE,Cidade 6,GNV,2023-03-19,R$/litro,PETROBRAS,4.79
S,PE,Cidade 6,DIESEL S10,2024-12-29,R$/litro,IPIRANGA,6.71
CO,MG,Cidade 36,GNV,2023-01-01,R$/litro,BANDEIRA BRANCA,4.64
CO,SP,Cidade 25,GASOLINA,2023-12-24,R$/litro,BANDEIRA BRANCA,5.76
NE,RS,Cidade 20,GASOLINA,2024-11-17,R$/litro,IPIRANGA,6.71
NE,BA,Cidade 10,GNV,2024-06-16,R$/litro,PETROBRAS,4.7
SE,RS,Cidade 38,ETANOL,2023-07-16,R$/litro,IPIRANGA,4.17
N,CE,Cidade 32,GNV,2024-04-14,R$/litro,RAIZEN,4.62
CO,PE,Cidade 29,GNV,2023-06-04,R$/litro,IPIRANGA,4.62
NE,PE,Cidade 10,ETANOL,2023-06-18,R$/litro,RAIZEN,3.92
NE,SP,Cidade 7,GNV,2024-10-27,R$/litro,BANDEIRA BRANCA,5.17
NE,PE,Cidade 7,GNV,2023-01-29,R$/litro,RAIZEN,4.61
SE,PE,Cidade 2,GASOLINA,2024-12-08,R$/litro,RAIZEN,6.04
N,RS,Cidade 48,GASOLINA,2023-11-26,R$/litro,RAIZEN,5.91
N,BA,Cidade 19,GASOLINA,2023-02-12,R$/litro,PETROBRAS,5.99
CO,PE,Cidade 33,DIESEL S10,2024-07-28,R$/litro,RAIZEN,6.12
CO,CE,Cidade 49,GASOLINA,2023-02-05,R$/litro,BANDEIRA BRANCA,5.42
NE,BA,Cidade 46,ETANOL,2023-08-27,R$/litro,RAIZEN,4.34
CO,SP,Cidade 16,ETANOL,2023-06-25,R$/litro,BANDEIRA BRANCA,4.09
NE,BA,Cidade 25,GASOLINA,2024-07-28,R$/litro,BANDEIRA BRANCA,6.19
N,PR,Cidade 23,ETANOL,2023-10-15,R$/litro,IPIRANGA,4.43
N,SP,Cidade 2,DIESEL S10,2024-04-21,R$/litro,IPIRANGA,6.16
CO,PE,Cidade 38,GNV,2023-02-19,R$/litro,BANDEIRA BRANCA,4.42
N,RJ,Cidade 29,ETANOL,2024-05-26,R$/litro,IPIRANGA,4.23
SE,CE,Cidade 19,DIESEL S10,2024-06-02,R$/litro,RAIZEN,6.31
SE,BA,Cidade 28,DIESEL S10,2023-07-30,R$/litro,RAIZEN,6.44
NE,MG,Cidade 37,ETANOL,2024-10-06,R$/litro,PETROBRAS,4.09
NE,SP,Cidade 1,DIESEL S10,2023-12-10,R$/litro,IPIRANGA,5.93
N,SP,Cidade 32,GNV,2024-05-05,R$/litro,IPIRANGA,4.63
NE,PR,Cidade 43,GASOLINA,2023-05-14,R$/litro,PETROBRAS,6.08
NE,RS,Cidade 36,DIESEL S10,2024-11-10,R$/litro,BANDEIRA BRANCA,6.4
CO,PE,Cidade 31,GASOLINA,2023-06-25,R$/litro,BANDEIRA BRANCA,5.69
S,RJ,Cidade 5,GNV,2024-03-31,R$/litro,BANDEIRA BRANCA,4.53
NE,CE,Cidade 37,DIESEL S10,2023-03-05,R$/litro,PETROBRAS,5.89
NE,CE,Cidade 37,GASOLINA,2023-01-29,R$/litro,IPIRANGA,5.84
NE,SP,Cidade 25,DIESEL S10,2023-04-02,R$/litro,PETROBRAS,6.05
CO,PR,Cidade 29,ETANOL,2024-11-17,R$/litro,PETROBRAS,4.53
CO,CE,Cidade 31,GASOLINA,2023-06-04,R$/litro,RAIZEN,5.36
NE,MG,Cidade 6,GNV,2024-10-06,R$/litro,BANDEIRA BRANCA,5.04
NE,SP,Cidade 13,ETANOL,2024-02-25,R$/litro,PETROBRAS,4.34
NE,CE,Cidade 39,GASOLINA,2023-03-05,R$/litro,RAIZEN,5.41
SE,RS,Cidade 48,DIESEL S10,2023-11-19,R$/litro,PETROBRAS,6.37
NE,SP,Cidade 14,ETANOL,2023-12-17,R$/litro,BANDEIRA BRANCA,4.46
S,PE,Cidade 20,DIESEL S10,2023-07-16,R$/litro,PETROBRAS,5.96
SE,PR,Cidade 45,GASOLINA,2024-03-17,R$/litro,IPIRANGA,6.2
SE,SP,Cidade 8,GNV,2024-09-22,R$/litro,PETROBRAS,5.08
NE,MG,Cidade 13,ETANOL,2024-10-06,R$/litro,IPIRANGA,4.8
SE,SP,Cidade 3,ETANOL,2024-01-21,R$/litro,IPIRANGA,4.78
N,CE,Cidade 12,GNV,2024-10-13,R$/litro,RAIZEN,4.85
NE,SP,Cidade 32,DIESEL S10,2024-11-03,R$/litro,BANDEIRA BRANCA,6.74
S,PE,Cidade 18,GASOLINA,2023-03-05,R$/litro,BANDEIRA BRANCA,5.99
N,BA,Cidade 49,DIESEL S10,2024-04-07,R$/litro,IPIRANGA,6.1
NE,BA,Cidade 44,DIESEL S10,2024-07-21,R$/litro,BANDEIRA BRANCA,6.3
N,PE,Cidade 44,ETANOL,2023-01-08,R$/litro,IPIRANGA,3.76
N,CE,Cidade 36,GASOLINA,2024-03-17,R$/litro,PETROBRAS,5.99
SE,RJ,Cidade 35,GASOLINA,2024-10-27,R$/litro,RAIZEN,6.15
S,SP,Cidade 25,GNV,2023-07-16,R$/litro,RAIZEN,4.64
NE,SP,Cidade 49,GASOLINA,2024-09-22,R$/litro,IPIRANGA,6.41
CO,PR,Cidade 5,DIESEL S10,2024-11-17,R$/litro,RAIZEN,6.08
SE,BA,Cidade 36,GNV,2024-04-07,R$/litro,IPIRANGA,4.7
SE,SP,Cidade 7,ETANOL,2024-04-07,R$/litro,PETROBRAS,4.51
CO,RJ,Cidade 17,GASOLINA,2024-01-28,R$/litro,IPIRANGA,6.11
CO,BA,Cidade 13,DIESEL S10,2023-10-22,R$/litro,IPIRANGA,5.92
SE,PR,Cidade 30,DIESEL S10,2023-11-26,R$/litro,IPIRANGA,6.36
NE,MG,Cidade 39,GASOLINA,2024-01-14,R$/litro,BANDEIRA BRANCA,6.29
N,CE,Cidade 4,DIESEL S10,2023-12-17,R$/litro,IPIRANGA,6.22
SE,CE,Cidade 30,GASOLINA,2024-08-25,R$/litro,RAIZEN,5.93
S,PE,Cidade 11,ETANOL,2024-07-14,R$/litro,PETROBRAS,4.66
S,RS,Cidade 4,ETANOL,2023-09-10,R$/litro,IPIRANGA,4.57
N,CE,Cidade 21,GNV,2024-01-07,R$/litro,BANDEIRA BRANCA,4.63
S,PR,Cidade 29,GNV,2023-06-04,R$/litro,BANDEIRA BRANCA,4.66
NE,BA,Cidade 10,DIESEL S10,2023-05-07,R$/litro,BANDEIRA BRANCA,6.29
S,RS,Cidade 20,DIESEL S10,2023-09-24,R$/litro,PETROBRAS,6.18
N,PE,Cidade 47,GASOLINA,2023-02-12,R$/litro,BANDEIRA BRANCA,5.2
SE,BA,Cidade 17,GASOLINA,2024-09-15,R$/litro,IPIRANGA,6.31
S,RJ,Cidade 49,GNV,2023-04-02,R$/litro,PETROBRAS,4.34
S,CE,Cidade 41,ETANOL,2023-08-27,R$/litro,PETROBRAS,3.81
CO,SP,Cidade 19,DIESEL S10,2023-07-02,R$/litro,BANDEIRA BRANCA,5.64
CO,PR,Cidade 29,DIESEL S10,2023-05-28,R$/litro,RAIZEN,6.34
NE,PR,Cidade 35,ETANOL,2023-09-24,R$/litro,RAIZEN,3.95
SE,BA,Cidade 23,DIESEL S10,2024-06-09,R$/litro,BANDEIRA BRANCA,6.49
N,SP,Cidade 20,DIESEL S10,2024-10-13,R$/litro,PETROBRAS,6.67
NE,RS,Cidade 17,GASOLINA,2023-05-14,R$/litro,PETROBRAS,5.77
CO,CE,Cidade 7,DIESEL S10,2023-06-25,R$/litro,BANDEIRA BRANCA,6.14
S,RJ,Cidade 2,GASOLINA,2023-12-10,R$/litro,RAIZEN,6.02
CO,PR,Cidade 17,ETANOL,2023-08-20,R$/litro,BANDEIRA BRANCA,4.16
CO,PE,Cidade 39,GNV,2024-08-04,R$/litro,RAIZEN,4.87
S,CE,Cidade 12,GNV,2023-06-11,R$/litro,PETROBRAS,4.44
N,BA,Cidade 9,GASOLINA,2023-10-22,R$/litro,RAIZEN,5.86
S,MG,Cidade 17,DIESEL S10,2024-02-04,R$/litro,BANDEIRA BRANCA,6.25
S,PR,Cidade 30,DIESEL S10,2023-10-08,R$/litro,PETROBRAS,6.28
S,RS,Cidade 11,DIESEL S10,2024-03-24,R$/litro,PETROBRAS,6.61
N,PR,Cidade 11,GNV,2024-08-04,R$/litro,IPIRANGA,5.14
S,PR,Cidade 6,GASOLINA,2024-01-21,R$/litro,IPIRANGA,5.77
N,PR,Cidade 17,DIESEL S10,2023-11-26,R$/litro,RAIZEN,5.67
NE,RJ,Cidade 11,ETANOL,2024-11-24,R$/litro,PETROBRAS,4.37
N,PE,Cidade 41,GASOLINA,2024-12-22,R$/litro,BANDEIRA BRANCA,5.96
CO,BA,Cidade 45,ETANOL,2024-12-29,R$/litro,PETROBRAS,4.42
SE,CE,Cidade 19,GASOLINA,2023-01-08,R$/litro,PETROBRAS,5.67
CO,PR,Cidade 5,DIESEL S10,2024-09-01,R$/litro,BANDEIRA BRANCA,6.51
SE,CE,Cidade 5,DIESEL S10,2024-10-20,R$/litro,IPIRANGA,7.0
NE,CE,Cidade 16,DIESEL S10,2024-08-11,R$/litro,RAIZEN,6.58
S,CE,Cidade 23,GASOLINA,2024-06-30,R$/litro,IPIRANGA,6.6
N,PR,Cidade 26,GNV,2023-09-24,R$/litro,IPIRANGA,4.93
N,BA,Cidade 15,GASOLINA,2024-06-16,R$/litro,RAIZEN,6.38
CO,SP,Cidade 18,ETANOL,2024-02-25,R$/litro,BANDEIRA BRANCA,4.21
NE,RS,Cidade 14,ETANOL,2024-09-01,R$/litro,PETROBRAS,4.22
CO,RS,Cidade 26,DIESEL S10,2023-09-10,R$/litro,BANDEIRA BRANCA,6.03
S,PE,Cidade 35,ETANOL,2024-06-23,R$/litro,PETROBRAS,4.41
S,BA,Cidade 3,GNV,2024-07-28,R$/litro,BANDEIRA BRANCA,4.89
S,RS,Cidade 24,GNV,2024-09-01,R$/litro,BANDEIRA BRANCA,4.83
NE,RJ,Cidade 32,GNV,2023-05-07,R$/litro,BANDEIRA BRANCA,4.73
N,PR,Cidade 33,GASOLINA,2024-09-22,R$/litro,RAIZEN,5.95
CO,RS,Cidade 28,GNV,2023-06-04,R$/litro,BANDEIRA BRANCA,4.26
S,SP,Cidade 26,GASOLINA,2024-11-17,R$/litro,BANDEIRA BRANCA,5.98
S,MG,Cidade 34,GNV,2023-01-29,R$/litro,RAIZEN,4.47
CO,CE,Cidade 19,GNV,2023-06-11,R$/litro,BANDEIRA BRANCA,4.41
NE,SP,Cidade 28,GASOLINA,2024-03-17,R$/litro,IPIRANGA,5.97
S,RS,Cidade 16,GASOLINA,2024-02-04,R$/litro,BANDEIRA BRANCA,6.13
CO,BA,Cidade 22,DIESEL S10,2024-05-19,R$/litro,BANDEIRA BRANCA,6.53
NE,SP,Cidade 7,GASOLINA,2023-10-22,R$/litro,RAIZEN,5.72
CO,RJ,Cidade 18,GNV,2023-01-01,R$/litro,PETROBRAS,4.17
CO,CE,Cidade 7,DIESEL S10,2024-03-24,R$/litro,PETROBRAS,6.19
CO,BA,Cidade 12,DIESEL S10,2024-01-07,R$/litro,PETROBRAS,6.42
NE,RJ,Cidade 21,GNV,2024-01-07,R$/litro,RAIZEN,5.08
N,RJ,Cidade 25,GASOLINA,2023-10-01,R$/litro,IPIRANGA,5.95
CO,RS,Cidade 47,DIESEL S10,2024-10-13,R$/litro,BANDEIRA BRANCA,6.82
S,PR,Cidade 2,GNV,2024-08-04,R$/litro,IPIRANGA,5.49
SE,PR,Cidade 45,GASOLINA,2023-05-14,R$/litro,PETROBRAS,5.61
S,RJ,Cidade 17,GASOLINA,2023-01-29,R$/litro,RAIZEN,6.0
N,PR,Cidade 36,GASOLINA,2023-05-14,R$/litro,PETROBRAS,5.66
NE,CE,Cidade 34,ETANOL,2023-02-05,R$/litro,BANDEIRA BRANCA,4.19
SE,RJ,Cidade 48,GASOLINA,2024-06-02,R$/litro,PETROBRAS,6.27
NE,SP,Cidade 6,GASOLINA,2024-03-31,R$/litro,IPIRANGA,5.54
SE,CE,Cidade 48,GNV,2023-12-03,R$/litro,BANDEIRA BRANCA,4.58
NE,BA,Cidade 4,ETANOL,2024-03-10,R$/litro,RAIZEN,4.01
NE,PE,Cidade 43,ETANOL,2024-08-11,R$/litro,BANDEIRA BRANCA,4.02
N,MG,Cidade 32,ETANOL,2024-09-01,R$/litro,IPIRANGA,4.7
NE,MG,Cidade 24,GNV,2023-11-12,R$/litro,BANDEIRA BRANCA,5.32
NE,RJ,Cidade 20,ETANOL,2024-03-10,R$/litro,RAIZEN,4.25
N,RJ,Cidade 5,ETANOL,2024-02-25,R$/litro,RAIZEN,4.52
N,RS,Cidade 40,GNV,2024-11-24,R$/litro,PETROBRAS,5.54
CO,SP,Cidade 36,GASOLINA,2024-07-07,R$/litro,BANDEIRA BRANCA,6.18
S,PE,Cidade 46,ETANOL,2023-08-20,R$/litro,PETROBRAS,4.12
NE,BA,Cidade 36,DIESEL S10,2024-10-13,R$/litro,IPIRANGA,6.46
S,CE,Cidade 47,DIESEL S10,2023-10-15,R$/litro,RAIZEN,6.31
NE,BA,Cidade 44,GNV,2024-07-07,R$/litro,BANDEIRA BRANCA,5.25
SE,MG,Cidade 21,GNV,2024-12-15,R$/litro,RAIZEN,5.3
NE,BA,Cidade 35,ETANOL,2024-08-11,R$/litro,IPIRANGA,4.57
SE,RJ,Cidade 13,GNV,2023-03-19,R$/litro,IPIRANGA,4.56
NE,PE,Cidade 39,GASOLINA,2023-05-28,R$/litro,BANDEIRA BRANCA,5.34
CO,PR,Cidade 30,GASOLINA,2024-08-04,R$/litro,IPIRANGA,6.38
CO,RJ,Cidade 22,GNV,2023-03-26,R$/litro,BANDEIRA BRANCA,4.26
NE,BA,Cidade 31,GASOLINA,2023-01-08,R$/litro,PETROBRAS,5.76
SE,BA,Cidade 14,ETANOL,2023-07-09,R$/litro,RAIZEN,4.27
S,RJ,Cidade 31,DIESEL S10,2023-12-24,R$/litro,RAIZEN,5.96
SE,SP,Cidade 24,ETANOL,2023-04-02,R$/litro,RAIZEN,3.84
N,PE,Cidade 16,GNV,2023-04-23,R$/litro,IPIRANGA,5.14
CO,MG,Cidade 48,ETANOL,2023-09-03,R$/litro,RAIZEN,4.12
NE,BA,Cidade 4,DIESEL S10,2024-03-10,R$/litro,IPIRANGA,6.01
SE,RJ,Cidade 38,GASOLINA,2024-02-04,R$/litro,RAIZEN,6.18
SE,PR,Cidade 11,GASOLINA,2024-08-04,R$/litro,BANDEIRA BRANCA,5.96
CO,SP,Cidade 11,GASOLINA,2024-12-15,R$/litro,RAIZEN,5.8
S,MG,Cidade 8,DIESEL S10,2023-01-22,R$/litro,RAIZEN,6.05
SE,BA,Cidade 6,GASOLINA,2024-05-19,R$/litro,BANDEIRA BRANCA,5.85
SE,RS,Cidade 7,DIESEL S10,2023-04-30,R$/litro,PETROBRAS,6.09
S,BA,Cidade 41,ETANOL,2023-09-17,R$/litro,RAIZEN,3.95
N,RJ,Cidade 46,DIESEL S10,2023-09-03,R$/litro,RAIZEN,6.31
CO,RS,Cidade 29,GNV,2024-05-26,R$/litro,RAIZEN,5.04
S,PE,Cidade 1,GNV,2023-07-02,R$/litro,PETROBRAS,4.03
N,MG,Cidade 43,GASOLINA,2024-10-13,R$/litro,BANDEIRA BRANCA,6.32
SE,RJ,Cidade 30,GNV,2023-10-08,R$/litro,PETROBRAS,4.7
SE,PE,Cidade 26,GNV,2024-08-18,R$/litro,IPIRANGA,5.42
SE,PE,Cidade 47,DIESEL S10,2024-11-24,R$/litro,RAIZEN,6.66
CO,PR,Cidade 21,GASOLINA,2024-01-07,R$/litro,IPIRANGA,6.14
NE,PE,Cidade 18,DIESEL S10,2023-03-12,R$/litro,PETROBRAS,5.79
CO,PE,Cidade 39,DIESEL S10,2024-05-26,R$/litro,RAIZEN,6.19
SE,PR,Cidade 26,DIESEL S10,2023-11-05,R$/litro,IPIRANGA,6.19
SE,BA,Cidade 36,ETANOL,2023-09-03,R$/litro,BANDEIRA BRANCA,4.04
CO,SP,Cidade 35,DIESEL S10,2023-11-26,R$/litro,BANDEIRA BRANCA,6.55
SE,BA,Cidade 42,DIESEL S10,2023-08-06,R$/litro,IPIRANGA,6.07
SE,MG,Cidade 16,ETANOL,2023-07-23,R$/litro,RAIZEN,3.79
NE,PE,Cidade 4,GNV,2024-12-22,R$/litro,PETROBRAS,4.98
N,RS,Cidade 24,DIESEL S10,2023-07-23,R$/litro,BANDEIRA BRANCA,6.34
S,CE,Cidade 32,ETANOL,2023-12-03,R$/litro,PETROBRAS,4.18
NE,BA,Cidade 41,DIESEL S10,2024-06-09,R$/litro,BANDEIRA BRANCA,6.35
N,BA,Cidade 14,GNV,2023-06-11,R$/litro,BANDEIRA BRANCA,4.92
NE,CE,Cidade 37,ETANOL,2024-03-24,R$/litro,IPIRANGA,4.1
S,RS,Cidade 41,DIESEL S10,2024-10-20,R$/litro,BANDEIRA BRANCA,5.97
SE,RS,Cidade 40,GASOLINA,2024-08-18,R$/litro,RAIZEN,5.96
NE,MG,Cidade 40,ETANOL,2023-01-15,R$/litro,RAIZEN,3.97
CO,CE,Cidade 49,DIESEL S10,2023-10-22,R$/litro,IPIRANGA,6.12
N,PE,Cidade 33,GNV,2023-01-01,R$/litro,PETROBRAS,4.11
CO,RJ,Cidade 19,DIESEL S10,2024-03-17,R$/litro,RAIZEN,6.58
SE,RS,Cidade 22,DIESEL S10,2023-08-27,R$/litro,PETROBRAS,6.17
SE,MG,Cidade 37,ETANOL,2024-10-13,R$/litro,IPIRANGA,4.62
NE,PR,Cidade 12,DIESEL S10,2023-05-07,R$/litro,PETROBRAS,6.13
SE,SP,Cidade 30,ETANOL,2024-09-15,R$/litro,PETROBRAS,4.17
NE,PR,Cidade 29,GASOLINA,2023-09-03,R$/litro,PETROBRAS,5.91
CO,PR,Cidade 33,GASOLINA,2024-11-03,R$/litro,PETROBRAS,6.47
S,RJ,Cidade 21,DIESEL S10,2023-05-21,R$/litro,BANDEIRA BRANCA,6.32
NE,RJ,Cidade 37,GNV,2023-07-16,R$/litro,BANDEIRA BRANCA,4.87
N,PR,Cidade 4,ETANOL,2023-09-10,R$/litro,BANDEIRA BRANCA,4.27
SE,MG,Cidade 37,GNV,2024-12-22,R$/litro,PETROBRAS,4.76
CO,CE,Cidade 40,GNV,2024-06-23,R$/litro,BANDEIRA BRANCA,5.01
S,PE,Cidade 44,DIESEL S10,2024-08-18,R$/litro,RAIZEN,6.23
CO,CE,Cidade 46,GNV,2024-02-11,R$/litro,BANDEIRA BRANCA,5.21
N,BA,Cidade 18,ETANOL,2024-08-04,R$/litro,BANDEIRA BRANCA,4.74
SE,CE,Cidade 3,ETANOL,2024-03-31,R$/litro,IPIRANGA,4.1
N,SP,Cidade 33,DIESEL S10,2024-05-05,R$/litro,RAIZEN,6.36
SE,MG,Cidade 5,DIESEL S10,2024-09-01,R$/litro,RAIZEN,6.55
NE,SP,Cidade 14,DIESEL S10,2024-12-22,R$/litro,IPIRANGA,6.82
CO,PR,Cidade 35,ETANOL,2024-02-25,R$/litro,IPIRANGA,3.88
CO,BA,Cidade 30,GNV,2023-11-19,R$/litro,PETROBRAS,4.26
CO,MG,Cidade 30,GASOLINA,2024-04-21,R$/litro,PETROBRAS,6.07
NE,MG,Cidade 37,GASOLINA,2024-06-23,R$/litro,BANDEIRA BRANCA,5.48
NE,PR,Cidade 9,ETANOL,2024-12-22,R$/litro,RAIZEN,4.63
S,RJ,Cidade 39,GASOLINA,2024-05-26,R$/litro,RAIZEN,6.24
CO,BA,Cidade 29,ETANOL,2024-12-01,R$/litro,RAIZEN,4.88
NE,BA,Cidade 21,DIESEL S10,2024-06-16,R$/litro,IPIRANGA,6.25
N,RJ,Cidade 23,ETANOL,2024-11-24,R$/litro,PETROBRAS,4.6
S,RJ,Cidade 25,GASOLINA,2024-06-30,R$/litro,BANDEIRA BRANCA,6.29
N,MG,Cidade 27,ETANOL,2024-10-06,R$/litro,BANDEIRA BRANCA,4.22
S,BA,Cidade 17,DIESEL S10,2023-05-21,R$/litro,PETROBRAS,6.26
N,MG,Cidade 11,GNV,2024-12-29,R$/litro,BANDEIRA BRANCA,5.27
SE,RS,Cidade 9,GNV,2023-09-10,R$/litro,IPIRANGA,4.59
SE,BA,Cidade 17,DIESEL S10,2024-08-04,R$/litro,RAIZEN,6.49
S,RJ,Cidade 13,GASOLINA,2023-10-15,R$/litro,PETROBRAS,5.84
NE,BA,Cidade 26,GASOLINA,2023-12-03,R$/litro,IPIRANGA,6.12
N,RJ,Cidade 45,ETANOL,2024-06-30,R$/litro,PETROBRAS,4.33
S,RJ,Cidade 6,GASOLINA,2024-01-28,R$/litro,BANDEIRA BRANCA,6.03
SE,RJ,Cidade 16,DIESEL S10,2024-06-09,R$/litro,IPIRANGA,6.25
S,MG,Cidade 3,ETANOL,2023-02-26,R$/litro,IPIRANGA,3.72
NE,SP,Cidade 48,GNV,2024-09-01,R$/litro,RAIZEN,5.13
NE,CE,Cidade 35,ETANOL,2023-10-22,R$/litro,BANDEIRA BRANCA,3.96
N,MG,Cidade 12,ETANOL,2024-07-28,R$/litro,IPIRANGA,4.65
S,PE,Cidade 21,DIESEL S10,2023-07-23,R$/litro,RAIZEN,6.24
N,CE,Cidade 36,GASOLINA,2024-03-10,R$/litro,RAIZEN,5.82
N,PE,Cidade 47,GNV,2024-03-03,R$/litro,IPIRANGA,4.96
N,PE,Cidade 29,DIESEL S10,2023-04-09,R$/litro,BANDEIRA BRANCA,5.8
NE,SP,Cidade 14,DIESEL S10,2023-12-10,R$/litro,PETROBRAS,5.83
CO,MG,Cidade 35,ETANOL,2024-04-07,R$/litro,BANDEIRA BRANCA,4.19
S,PR,Cidade 34,GNV,2024-09-01,R$/litro,IPIRANGA,5.07
N,BA,Cidade 32,GNV,2024-10-13,R$/litro,PETROBRAS,5.25
SE,SP,Cidade 3,GASOLINA,2023-10-08,R$/litro,BANDEIRA BRANCA,5.91
SE,BA,Cidade 35,DIESEL S10,2024-04-14,R$/litro,BANDEIRA BRANCA,6.58
CO,PE,Cidade 1,GNV,2023-05-07,R$/litro,BANDEIRA BRANCA,4.38
NE,PE,Cidade 45,ETANOL,2024-10-20,R$/litro,PETROBRAS,4.44
N,RS,Cidade 44,DIESEL S10,2024-09-29,R$/litro,BANDEIRA BRANCA,6.92
N,RJ,Cidade 28,GNV,2024-12-29,R$/litro,RAIZEN,4.72
N,MG,Cidade 32,ETANOL,2023-12-24,R$/litro,BANDEIRA BRANCA,4.13
S,MG,Cidade 4,DIESEL S10,2023-09-17,R$/litro,IPIRANGA,5.88
SE,MG,Cidade 43,DIESEL S10,2024-07-07,R$/litro,BANDEIRA BRANCA,6.38
SE,MG,Cidade 14,GASOLINA,2024-06-09,R$/litro,RAIZEN,5.99
CO,RS,Cidade 13,GASOLINA,2023-06-04,R$/litro,IPIRANGA,5.9
S,SP,Cidade 35,DIESEL S10,2024-01-28,R$/litro,PETROBRAS,6.34
NE,MG,Cidade 47,GASOLINA,2024-04-14,R$/litro,BANDEIRA BRANCA,5.72
NE,MG,Cidade 25,GNV,2023-11-26,R$/litro,RAIZEN,4.67
SE,RJ,Cidade 25,DIESEL S10,2023-09-24,R$/litro,PETROBRAS,6.16
NE,CE,Cidade 27,DIESEL S10,2023-06-25,R$/litro,PETROBRAS,6.25
SE,PR,Cidade 15,ETANOL,2023-10-29,R$/litro,BANDEIRA BRANCA,4.8
SE,CE,Cidade 30,ETANOL,2023-06-25,R$/litro,PETROBRAS,4.24
SE,BA,Cidade 48,ETANOL,2023-08-06,R$/litro,PETROBRAS,3.85
CO,SP,Cidade 19,DIESEL S10,2023-05-14,R$/litro,RAIZEN,6.0
NE,CE,Cidade 38,ETANOL,2023-10-01,R$/litro,BANDEIRA BRANCA,4.21
CO,RS,Cidade 38,ETANOL,2024-04-07,R$/litro,IPIRANGA,4.21
NE,PR,Cidade 42,GASOLINA,2023-10-01,R$/litro,RAIZEN,5.98
S,RS,Cidade 36,DIESEL S10,2023-04-09,R$/litro,RAIZEN,5.43
N,RS,Cidade 46,DIESEL S10,2024-08-11,R$/litro,RAIZEN,6.6
CO,RS,Cidade 36,DIESEL S10,2023-11-12,R$/litro,RAIZEN,6.08
NE,MG,Cidade 48,ETANOL,2024-03-03,R$/litro,PETROBRAS,4.28
SE,BA,Cidade 36,GASOLINA,2024-01-14,R$/litro,RAIZEN,6.33
S,PR,Cidade 42,ETANOL,2024-01-07,R$/litro,PETROBRAS,3.94
CO,SP,Cidade 44,ETANOL,2023-11-19,R$/litro,RAIZEN,4.28
NE,RJ,Cidade 49,GASOLINA,2024-07-07,R$/litro,BANDEIRA BRANCA,6.33
CO,PE,Cidade 30,GNV,2024-09-15,R$/litro,BANDEIRA BRANCA,5.14
NE,BA,Cidade 35,ETANOL,2024-10-20,R$/litro,PETROBRAS,4.13
SE,CE,Cidade 48,ETANOL,2023-11-19,R$/litro,BANDEIRA BRANCA,4.55
CO,BA,Cidade 19,DIESEL S10,2023-09-03,R$/litro,IPIRANGA,6.08
N,PR,Cidade 6,GNV,2023-02-26,R$/litro,PETROBRAS,4.42
N,CE,Cidade 44,ETANOL,2023-11-19,R$/litro,RAIZEN,4.13
CO,PR,Cidade 31,DIESEL S10,2024-12-29,R$/litro,RAIZEN,6.5
SE,MG,Cidade 21,GASOLINA,2023-07-09,R$/litro,IPIRANGA,5.48
CO,BA,Cidade 36,DIESEL S10,2024-09-08,R$/litro,RAIZEN,6.53
S,RJ,Cidade 2,GASOLINA,2024-07-07,R$/litro,RAIZEN,5.98
CO,MG,Cidade 24,GASOLINA,2024-04-28,R$/litro,PETROBRAS,6.23
SE,PR,Cidade 14,DIESEL S10,2024-02-18,R$/litro,RAIZEN,6.43
NE,RJ,Cidade 15,GASOLINA,2024-07-07,R$/litro,IPIRANGA,6.54
N,PR,Cidade 48,GASOLINA,2023-03-12,R$/litro,PETROBRAS,5.61
SE,BA,Cidade 27,GASOLINA,2023-04-02,R$/litro,IPIRANGA,5.49
SE,MG,Cidade 7,GNV,2023-05-21,R$/litro,BANDEIRA BRANCA,4.27
CO,SP,Cidade 18,DIESEL S10,2024-07-14,R$/litro,RAIZEN,6.99
SE,PR,Cidade 12,ETANOL,2023-11-12,R$/litro,IPIRANGA,4.37
N,PE,Cidade 45,GNV,2023-05-28,R$/litro,IPIRANGA,4.47
CO,PR,Cidade 15,ETANOL,2023-01-29,R$/litro,BANDEIRA BRANCA,4.35
N,RS,Cidade 18,GNV,2023-12-24,R$/litro,RAIZEN,5.18
NE,PR,Cidade 17,ETANOL,2023-10-15,R$/litro,BANDEIRA BRANCA,3.84
NE,RS,Cidade 9,GASOLINA,2023-05-07,R$/litro,RAIZEN,5.53
N,MG,Cidade 39,GASOLINA,2023-01-15,R$/litro,BANDEIRA BRANCA,5.58
NE,MG,Cidade 29,ETANOL,2024-07-07,R$/litro,RAIZEN,4.16
NE,RJ,Cidade 22,GASOLINA,2024-07-21,R$/litro,IPIRANGA,6.12
SE,CE,Cidade 20,GASOLINA,2023-06-25,R$/litro,IPIRANGA,5.95
N,PR,Cidade 33,ETANOL,2023-12-24,R$/litro,PETROBRAS,3.9
N,RJ,Cidade 5,GNV,2023-07-02,R$/litro,BANDEIRA BRANCA,4.75
N,PE,Cidade 46,GASOLINA,2023-10-22,R$/litro,BANDEIRA BRANCA,6.17
SE,RJ,Cidade 28,GASOLINA,2023-03-19,R$/litro,RAIZEN,5.77
N,BA,Cidade 12,GNV,2024-11-24,R$/litro,IPIRANGA,5.15
N,RJ,Cidade 27,GASOLINA,2024-06-09,R$/litro,PETROBRAS,5.94
SE,MG,Cidade 42,GNV,2024-10-20,R$/litro,RAIZEN,5.34
CO,PR,Cidade 9,DIESEL S10,2023-08-06,R$/litro,PETROBRAS,5.81
NE,CE,Cidade 26,GNV,2024-09-29,R$/litro,RAIZEN,5.17
NE,CE,Cidade 30,DIESEL S10,2024-01-14,R$/litro,IPIRANGA,6.27
N,CE,Cidade 40,DIESEL S10,2023-05-21,R$/litro,BANDEIRA BRANCA,6.32
NE,RJ,Cidade 28,GASOLINA,2023-08-27,R$/litro,BANDEIRA BRANCA,5.68
NE,SP,Cidade 37,DIESEL S10,2024-08-18,R$/litro,PETROBRAS,6.35
S,CE,Cidade 38,DIESEL S10,2024-07-21,R$/litro,IPIRANGA,6.13
CO,CE,Cidade 44,GNV,2024-06-09,R$/litro,BANDEIRA BRANCA,5.11
CO,MG,Cidade 18,GASOLINA,2023-06-11,R$/litro,PETROBRAS,5.65
SE,SP,Cidade 35,GASOLINA,2024-04-21,R$/litro,RAIZEN,5.84
N,PR,Cidade 13,GASOLINA,2024-11-17,R$/litro,PETROBRAS,6.07
SE,SP,Cidade 42,GNV,2023-02-05,R$/litro,IPIRANGA,4.67
S,SP,Cidade 47,GASOLINA,2023-08-20,R$/litro,PETROBRAS,5.55
CO,CE,Cidade 15,GNV,2023-02-26,R$/litro,PETROBRAS,4.3
SE,RS,Cidade 28,ETANOL,2023-03-12,R$/litro,IPIRANGA,4.19
S,SP,Cidade 41,ETANOL,2024-12-29,R$/litro,PETROBRAS,4.56
S,PR,Cidade 2,GNV,2023-06-25,R$/litro,BANDEIRA BRANCA,4.91
N,MG,Cidade 35,DIESEL S10,2023-05-07,R$/litro,RAIZEN,5.93
NE,BA,Cidade 41,DIESEL S10,2023-02-19,R$/litro,IPIRANGA,5.95
NE,CE,Cidade 43,GNV,2024-12-22,R$/litro,IPIRANGA,5.23
CO,RJ,Cidade 10,GNV,2023-12-10,R$/litro,BANDEIRA BRANCA,5.18
NE,PR,Cidade 38,DIESEL S10,2024-08-04,R$/litro,BANDEIRA BRANCA,6.78
N,PE,Cidade 39,ETANOL,2023-07-02,R$/litro,PETROBRAS,4.36
SE,RS,Cidade 1,GNV,2024-04-14,R$/litro,RAIZEN,4.79
S,CE,Cidade 35,DIESEL S10,2024-10-13,R$/litro,IPIRANGA,6.28
CO,RS,Cidade 31,GNV,2024-05-05,R$/litro,BANDEIRA BRANCA,5.16
CO,RS,Cidade 48,GNV,2024-01-14,R$/litro,BANDEIRA BRANCA,5.21
N,CE,Cidade 3,DIESEL S10,2023-06-04,R$/litro,RAIZEN,6.34
S,PR,Cidade 48,ETANOL,2023-06-18,R$/litro,RAIZEN,4.06
SE,PE,Cidade 28,GNV,2024-03-10,R$/litro,PETROBRAS,5.1
CO,PE,Cidade 14,GNV,2023-11-26,R$/litro,BANDEIRA BRANCA,5.0
N,PR,Cidade 19,GASOLINA,2023-01-29,R$/litro,RAIZEN,5.66
S,RJ,Cidade 38,DIESEL S10,2023-05-21,R$/litro,IPIRANGA,6.08
NE,RS,Cidade 49,DIESEL S10,2023-11-12,R$/litro,PETROBRAS,6.23
N,PE,Cidade 16,DIESEL S10,2023-05-07,R$/litro,RAIZEN,5.82
NE,BA,Cidade 49,GNV,2024-02-11,R$/litro,IPIRANGA,4.72
CO,MG,Cidade 31,ETANOL,2023-08-06,R$/litro,RAIZEN,3.93
SE,MG,Cidade 10,GNV,2023-07-30,R$/litro,IPIRANGA,4.3
S,PE,Cidade 30,DIESEL S10,2023-03-19,R$/litro,PETROBRAS,6.01
SE,RJ,Cidade 40,GASOLINA,2023-12-31,R$/litro,IPIRANGA,5.94
N,SP,Cidade 3,DIESEL S10,2023-05-14,R$/litro,BANDEIRA BRANCA,6.22
N,PE,Cidade 4,GASOLINA,2024-04-07,R$/litro,BANDEIRA BRANCA,6.36
CO,MG,Cidade 1,GNV,2024-11-17,R$/litro,IPIRANGA,5.49
NE,PE,Cidade 28,GNV,2024-10-27,R$/litro,BANDEIRA BRANCA,5.49
SE,BA,Cidade 3,GNV,2024-05-05,R$/litro,PETROBRAS,4.78
NE,CE,Cidade 46,DIESEL S10,2024-08-11,R$/litro,BANDEIRA BRANCA,6.11
SE,BA,Cidade 7,ETANOL,2024-11-03,R$/litro,BANDEIRA BRANCA,4.78
N,PE,Cidade 4,ETANOL,2024-05-12,R$/litro,PETROBRAS,4.72
N,PE,Cidade 13,GNV,2023-07-02,R$/litro,RAIZEN,5.06
CO,RJ,Cidade 38,GASOLINA,2023-12-31,R$/litro,IPIRANGA,6.07
S,CE,Cidade 45,GNV,2024-09-15,R$/litro,BANDEIRA BRANCA,4.6
S,PR,Cidade 13,ETANOL,2024-05-05,R$/litro,PETROBRAS,4.46
SE,SP,Cidade 26,DIESEL S10,2023-09-24,R$/litro,BANDEIRA BRANCA,6.29
NE,SP,Cidade 38,DIESEL S10,2023-04-30,R$/litro,BANDEIRA BRANCA,6.33
NE,MG,Cidade 40,GASOLINA,2023-04-16,R$/litro,IPIRANGA,6.06
N,SP,Cidade 8,GASOLINA,2023-10-01,R$/litro,IPIRANGA,6.09
N,MG,Cidade 42,GASOLINA,2024-08-11,R$/litro,RAIZEN,6.02
SE,CE,Cidade 43,GNV,2024-02-11,R$/litro,PETROBRAS,4.63
S,RS,Cidade 37,GASOLINA,2023-02-12,R$/litro,BANDEIRA BRANCA,5.77
NE,SP,Cidade 26,DIESEL S10,2024-11-03,R$/litro,PETROBRAS,6.35
S,RS,Cidade 20,GASOLINA,2023-10-22,R$/litro,PETROBRAS,6.25
SE,RJ,Cidade 44,GNV,2023-10-15,R$/litro,RAIZEN,4.35
CO,PE,Cidade 43,GNV,2024-08-25,R$/litro,IPIRANGA,5.22
N,SP,Cidade 26,ETANOL,2023-10-01,R$/litro,PETROBRAS,4.24
NE,PE,Cidade 37,GASOLINA,2024-03-24,R$/litro,BANDEIRA BRANCA,5.98
S,RS,Cidade 20,ETANOL,2024-11-03,R$/litro,PETROBRAS,4.31
CO,SP,Cidade 37,DIESEL S10,2024-01-14,R$/litro,PETROBRAS,5.75
SE,PR,Cidade 5,DIESEL S10,2024-03-24,R$/litro,RAIZEN,6.2
NE,RS,Cidade 45,DIESEL S10,2023-09-17,R$/litro,BANDEIRA BRANCA,6.02
CO,PE,Cidade 26,DIESEL S10,2024-10-13,R$/litro,PETROBRAS,6.8
CO,BA,Cidade 30,DIESEL S10,2023-02-19,R$/litro,IPIRANGA,5.75
S,PE,Cidade 10,GASOLINA,2023-07-23,R$/litro,BANDEIRA BRANCA,5.91
N,RS,Cidade 26,GASOLINA,2024-12-29,R$/litro,BANDEIRA BRANCA,5.98
SE,SP,Cidade 1,GNV,2023-12-17,R$/litro,PETROBRAS,4.96
SE,RJ,Cidade 44,DIESEL S10,2023-05-07,R$/litro,RAIZEN,5.46
S,RS,Cidade 37,GNV,2023-10-29,R$/litro,BANDEIRA BRANCA,5.31
CO,RS,Cidade 23,DIESEL S10,2023-07-02,R$/litro,RAIZEN,6.04
N,PE,Cidade 41,ETANOL,2024-01-21,R$/litro,RAIZEN,3.57
NE,RS,Cidade 40,DIESEL S10,2023-06-18,R$/litro,BANDEIRA BRANCA,5.88
S,PE,Cidade 6,DIESEL S10,2023-10-15,R$/litro,IPIRANGA,5.96
SE,RJ,Cidade 3,GASOLINA,2024-10-27,R$/litro,PETROBRAS,6.07
S,RS,Cidade 13,ETANOL,2023-02-26,R$/litro,RAIZEN,3.86
SE,PE,Cidade 1,DIESEL S10,2024-07-14,R$/litro,RAIZEN,6.27
SE,SP,Cidade 29,GASOLINA,2023-02-26,R$/litro,BANDEIRA BRANCA,5.45
N,MG,Cidade 26,GASOLINA,2023-12-03,R$/litro,BANDEIRA BRANCA,5.63
SE,PE,Cidade 27,GASOLINA,2024-05-05,R$/litro,IPIRANGA,6.28
SE,BA,Cidade 4,DIESEL S10,2024-12-01,R$/litro,BANDEIRA BRANCA,6.87
NE,PE,Cidade 45,GASOLINA,2023-07-02,R$/litro,PETROBRAS,5.71
S,BA,Cidade 48,ETANOL,2023-02-05,R$/litro,BANDEIRA BRANCA,3.93
NE,PE,Cidade 29,GASOLINA,2024-06-30,R$/litro,PETROBRAS,5.84
SE,CE,Cidade 1,ETANOL,2024-10-13,R$/litro,RAIZEN,4.54
S,CE,Cidade 20,GASOLINA,2024-02-18,R$/litro,RAIZEN,6.05
NE,SP,Cidade 36,GNV,2023-02-12,R$/litro,RAIZEN,4.49
N,BA,Cidade 37,ETANOL,2023-12-31,R$/litro,BANDEIRA BRANCA,4.35
NE,SP,Cidade 12,GASOLINA,2023-10-15,R$/litro,RAIZEN,5.95
NE,RJ,Cidade 41,DIESEL S10,2023-11-26,R$/litro,PETROBRAS,5.95
NE,MG,Cidade 48,GNV,2023-02-05,R$/litro,RAIZEN,4.83
S,PR,Cidade 25,GNV,2023-08-20,R$/litro,IPIRANGA,4.67
S,RS,Cidade 19,GNV,2024-12-29,R$/litro,RAIZEN,5.62
NE,PE,Cidade 26,ETANOL,2023-01-29,R$/litro,IPIRANGA,4.03
SE,MG,Cidade 2,ETANOL,2024-11-03,R$/litro,PETROBRAS,5.04
N,BA,Cidade 26,ETANOL,2024-01-14,R$/litro,RAIZEN,4.56
N,PE,Cidade 2,ETANOL,2024-03-03,R$/litro,PETROBRAS,4.37
S,CE,Cidade 2,GNV,2024-11-17,R$/litro,IPIRANGA,4.98
S,RJ,Cidade 28,GASOLINA,2023-06-04,R$/litro,RAIZEN,5.57
S,PR,Cidade 26,GNV,2024-12-22,R$/litro,BANDEIRA BRANCA,5.32
N,SP,Cidade 49,GNV,2023-07-23,R$/litro,IPIRANGA,4.73
N,BA,Cidade 25,GNV,2023-09-10,R$/litro,IPIRANGA,4.59
SE,RS,Cidade 49,DIESEL S10,2023-11-26,R$/litro,IPIRANGA,6.42
NE,CE,Cidade 40,GNV,2024-03-17,R$/litro,RAIZEN,4.93
SE,PE,Cidade 17,GASOLINA,2023-08-20,R$/litro,PETROBRAS,6.03
NE,CE,Cidade 46,GNV,2024-08-04,R$/litro,RAIZEN,4.81
S,PE,Cidade 24,DIESEL S10,2023-01-15,R$/litro,BANDEIRA BRANCA,6.16
S,RS,Cidade 30,GNV,2024-04-28,R$/litro,PETROBRAS,5.09
NE,PR,Cidade 5,GASOLINA,2024-04-21,R$/litro,BANDEIRA BRANCA,6.36
S,SP,Cidade 11,GNV,2024-01-28,R$/litro,RAIZEN,5.12
S,BA,Cidade 26,DIESEL S10,2024-03-24,R$/litro,RAIZEN,6.31
N,SP,Cidade 14,GASOLINA,2024-06-30,R$/litro,RAIZEN,6.08
CO,PR,Cidade 30,DIESEL S10,2024-10-20,R$/litro,BANDEIRA BRANCA,6.98
SE,CE,Cidade 4,GASOLINA,2023-06-04,R$/litro,RAIZEN,5.68
S,PR,Cidade 13,GASOLINA,2023-12-17,R$/litro,BANDEIRA BRANCA,6.12
CO,PE,Cidade 33,DIESEL S10,2024-02-18,R$/litro,IPIRANGA,6.2
NE,RJ,Cidade 30,GNV,2023-09-10,R$/litro,PETROBRAS,4.28
S,CE,Cidade 49,GASOLINA,2024-12-15,R$/litro,RAIZEN,5.98
NE,BA,Cidade 45,ETANOL,2024-01-07,R$/litro,PETROBRAS,4.36
SE,PR,Cidade 40,ETANOL,2024-03-10,R$/litro,PETROBRAS,4.49
SE,PE,Cidade 1,DIESEL S10,2023-05-21,R$/litro,PETROBRAS,6.14
N,PR,Cidade 30,GASOLINA,2023-10-29,R$/litro,IPIRANGA,6.18
NE,MG,Cidade 12,DIESEL S10,2024-03-31,R$/litro,PETROBRAS,6.43
N,BA,Cidade 14,ETANOL,2023-11-05,R$/litro,RAIZEN,4.0
S,PR,Cidade 11,GNV,2024-07-14,R$/litro,RAIZEN,5.19
CO,PE,Cidade 23,ETANOL,2023-04-09,R$/litro,PETROBRAS,4.04
NE,RS,Cidade 7,ETANOL,2023-04-23,R$/litro,IPIRANGA,3.86
N,BA,Cidade 27,GASOLINA,2023-09-03,R$/litro,BANDEIRA BRANCA,5.95
SE,BA,Cidade 9,GNV,2023-08-20,R$/litro,BANDEIRA BRANCA,4.74
SE,SP,Cidade 25,GNV,2024-08-18,R$/litro,PETROBRAS,4.92
N,SP,Cidade 31,ETANOL,2024-09-29,R$/litro,RAIZEN,4.47
CO,SP,Cidade 9,ETANOL,2023-12-10,R$/litro,IPIRANGA,4.58
CO,PR,Cidade 6,GNV,2024-01-07,R$/litro,IPIRANGA,5.2
S,RS,Cidade 40,ETANOL,2023-07-30,R$/litro,RAIZEN,4.15
SE,PE,Cidade 37,GASOLINA,2024-01-21,R$/litro,BANDEIRA BRANCA,5.98
CO,PR,Cidade 13,GASOLINA,2024-06-02,R$/litro,RAIZEN,5.74
N,RJ,Cidade 44,DIESEL S10,2024-06-09,R$/litro,BANDEIRA BRANCA,6.83
S,SP,Cidade 11,GASOLINA,2024-12-08,R$/litro,BANDEIRA BRANCA,6.54
N,MG,Cidade 46,GASOLINA,2024-02-25,R$/litro,BANDEIRA BRANCA,6.19
CO,CE,Cidade 6,GASOLINA,2023-09-03,R$/litro,BANDEIRA BRANCA,5.27
S,SP,Cidade 33,GNV,2023-02-19,R$/litro,BANDEIRA BRANCA,4.56
N,RJ,Cidade 1,GNV,2024-05-19,R$/litro,IPIRANGA,4.95
N,SP,Cidade 10,GNV,2024-08-11,R$/litro,BANDEIRA BRANCA,5.23
NE,RS,Cidade 20,ETANOL,2024-02-11,R$/litro,BANDEIRA BRANCA,4.18
N,CE,Cidade 5,ETANOL,2024-11-03,R$/litro,RAIZEN,4.49
S,PR,Cidade 23,ETANOL,2023-08-20,R$/litro,RAIZEN,4.28
CO,RS,Cidade 12,DIESEL S10,2023-02-05,R$/litro,BANDEIRA BRANCA,5.74
CO,RJ,Cidade 5,GASOLINA,2024-04-07,R$/litro,PETROBRAS,5.9
CO,MG,Cidade 48,DIESEL S10,2023-03-26,R$/litro,PETROBRAS,6.03
N,BA,Cidade 49,GASOLINA,2023-02-26,R$/litro,BANDEIRA BRANCA,5.99
SE,MG,Cidade 48,ETANOL,2024-05-26,R$/litro,RAIZEN,4.59
S,PR,Cidade 8,ETANOL,2023-11-12,R$/litro,RAIZEN,4.47
NE,CE,Cidade 19,DIESEL S10,2024-03-17,R$/litro,RAIZEN,6.34
CO,RJ,Cidade 17,GNV,2024-06-30,R$/litro,RAIZEN,5.4
NE,MG,Cidade 16,DIESEL S10,2023-10-08,R$/litro,PETROBRAS,5.73
NE,RJ,Cidade 21,ETANOL,2024-03-24,R$/litro,IPIRANGA,4.84
SE,PR,Cidade 25,DIESEL S10,2024-01-28,R$/litro,PETROBRAS,6.81
N,RS,Cidade 24,DIESEL S10,2024-02-25,R$/litro,IPIRANGA,6.42
S,MG,Cidade 15,GASOLINA,2024-05-26,R$/litro,PETROBRAS,6.3
SE,RJ,Cidade 49,GNV,2023-10-01,R$/litro,BANDEIRA BRANCA,4.75
CO,SP,Cidade 49,GNV,2023-12-31,R$/litro,IPIRANGA,4.8
SE,RS,Cidade 17,GASOLINA,2024-03-10,R$/litro,RAIZEN,5.86
SE,PR,Cidade 11,GASOLINA,2023-04-09,R$/litro,PETROBRAS,5.68
SE,RJ,Cidade 27,GASOLINA,2023-06-04,R$/litro,PETROBRAS,5.89
NE,SP,Cidade 19,DIESEL S10,2023-03-05,R$/litro,IPIRANGA,6.07
SE,RS,Cidade 49,GASOLINA,2023-05-21,R$/litro,BANDEIRA BRANCA,6.23
CO,PR,Cidade 22,GASOLINA,2023-11-19,R$/litro,BANDEIRA BRANCA,5.93
NE,MG,Cidade 2,DIESEL S10,2024-11-17,R$/litro,RAIZEN,6.19
S,MG,Cidade 7,GASOLINA,2024-11-03,R$/litro,RAIZEN,6.66
SE,RJ,Cidade 4,GASOLINA,2024-07-14,R$/litro,RAIZEN,5.83
NE,PR,Cidade 19,GASOLINA,2024-02-11,R$/litro,RAIZEN,5.85
SE,PE,Cidade 16,DIESEL S10,2023-05-28,R$/litro,RAIZEN,6.11
CO,PE,Cidade 42,ETANOL,2023-09-17,R$/litro,PETROBRAS,4.25
S,BA,Cidade 44,ETANOL,2024-07-14,R$/litro,IPIRANGA,4.08
NE,PR,Cidade 7,DIESEL S10,2024-10-27,R$/litro,BANDEIRA BRANCA,6.35
SE,RS,Cidade 47,GASOLINA,2024-12-08,R$/litro,IPIRANGA,5.91
SE,SP,Cidade 29,DIESEL S10,2023-10-08,R$/litro,PETROBRAS,6.32
S,MG,Cidade 16,ETANOL,2023-12-24,R$/litro,RAIZEN,4.54
SE,PR,Cidade 20,DIESEL S10,2024-01-07,R$/litro,IPIRANGA,5.95
N,PR,Cidade 22,DIESEL S10,2023-02-05,R$/litro,RAIZEN,6.18
CO,CE,Cidade 9,DIESEL S10,2023-03-26,R$/litro,RAIZEN,6.21
CO,CE,Cidade 43,GASOLINA,2023-01-29,R$/litro,RAIZEN,5.46
S,RJ,Cidade 1,GASOLINA,2024-06-23,R$/litro,BANDEIRA BRANCA,5.62
N,SP,Cidade 4,DIESEL S10,2023-06-11,R$/litro,RAIZEN,5.79
NE,MG,Cidade 14,GASOLINA,2024-05-26,R$/litro,BANDEIRA BRANCA,5.94
SE,CE,Cidade 8,ETANOL,2023-10-01,R$/litro,PETROBRAS,4.55
SE,PE,Cidade 4,DIESEL S10,2024-08-04,R$/litro,BANDEIRA BRANCA,6.43
NE,SP,Cidade 19,GNV,2023-03-26,R$/litro,IPIRANGA,4.33
NE,RJ,Cidade 19,DIESEL S10,2023-08-27,R$/litro,RAIZEN,6.17
SE,BA,Cidade 7,GNV,2023-05-28,R$/litro,PETROBRAS,4.32
CO,PR,Cidade 40,DIESEL S10,2023-11-12,R$/litro,RAIZEN,6.33
N,CE,Cidade 44,ETANOL,2024-02-18,R$/litro,PETROBRAS,4.05
NE,PE,Cidade 36,GASOLINA,2023-04-30,R$/litro,RAIZEN,5.51
CO,RJ,Cidade 26,DIESEL S10,2024-05-05,R$/litro,PETROBRAS,6.46
CO,SP,Cidade 47,GNV,2024-12-08,R$/litro,PETROBRAS,5.62
CO,PR,Cidade 18,ETANOL,2023-01-29,R$/litro,PETROBRAS,4.48
S,BA,Cidade 21,GASOLINA,2023-03-05,R$/litro,IPIRANGA,5.4
CO,CE,Cidade 1,GASOLINA,2024-11-24,R$/litro,BANDEIRA BRANCA,6.12
NE,BA,Cidade 35,DIESEL S10,2024-04-21,R$/litro,BANDEIRA BRANCA,6.49
N,BA,Cidade 5,DIESEL S10,2024-11-03,R$/litro,PETROBRAS,6.84
CO,MG,Cidade 33,GASOLINA,2024-06-02,R$/litro,BANDEIRA BRANCA,5.56
SE,SP,Cidade 39,GASOLINA,2024-06-09,R$/litro,RAIZEN,6.13
NE,CE,Cidade 11,DIESEL S10,2023-04-23,R$/litro,IPIRANGA,5.89
SE,PE,Cidade 30,ETANOL,2024-01-07,R$/litro,BANDEIRA BRANCA,3.77
S,RJ,Cidade 15,ETANOL,2023-09-24,R$/litro,PETROBRAS,3.82
NE,PR,Cidade 20,ETANOL,2024-09-01,R$/litro,PETROBRAS,4.34
CO,MG,Cidade 26,DIESEL S10,2023-01-29,R$/litro,PETROBRAS,5.94
CO,RS,Cidade 13,DIESEL S10,2023-01-08,R$/litro,PETROBRAS,6.16
S,PE,Cidade 40,GASOLINA,2024-02-11,R$/litro,IPIRANGA,6.08
S,PE,Cidade 20,GASOLINA,2024-12-08,R$/litro,PETROBRAS,6.51
NE,RJ,Cidade 23,DIESEL S10,2024-12-29,R$/litro,PETROBRAS,6.6
CO,MG,Cidade 40,DIESEL S10,2024-03-10,R$/litro,IPIRANGA,6.14
CO,PE,Cidade 12,GASOLINA,2023-11-12,R$/litro,RAIZEN,5.86
S,CE,Cidade 23,GASOLINA,2023-07-16,R$/litro,BANDEIRA BRANCA,5.96
SE,SP,Cidade 49,DIESEL S10,2024-12-22,R$/litro,PETROBRAS,6.85
N,PE,Cidade 20,ETANOL,2023-05-14,R$/litro,RAIZEN,3.99
S,RS,Cidade 6,GASOLINA,2023-04-02,R$/litro,PETROBRAS,5.45
SE,BA,Cidade 14,DIESEL S10,2024-01-07,R$/litro,BANDEIRA BRANCA,6.34
SE,SP,Cidade 47,GASOLINA,2023-10-15,R$/litro,IPIRANGA,5.99
NE,PR,Cidade 38,GASOLINA,2023-12-31,R$/litro,BANDEIRA BRANCA,6.26
S,PR,Cidade 40,DIESEL S10,2024-10-20,R$/litro,BANDEIRA BRANCA,6.36
NE,PR,Cidade 13,GASOLINA,2023-07-16,R$/litro,IPIRANGA,5.62
S,PE,Cidade 42,GASOLINA,2024-10-06,R$/litro,IPIRANGA,6.41
N,CE,Cidade 20,GNV,2023-06-04,R$/litro,IPIRANGA,4.55
N,PE,Cidade 39,GASOLINA,2023-08-20,R$/litro,IPIRANGA,5.71
NE,PR,Cidade 44,DIESEL S10,2023-01-01,R$/litro,IPIRANGA,6.21
SE,CE,Cidade 11,GNV,2024-05-12,R$/litro,RAIZEN,4.63
NE,PR,Cidade 46,GNV,2024-09-22,R$/litro,IPIRANGA,5.62
N,PR,Cidade 31,GNV,2024-10-13,R$/litro,BANDEIRA BRANCA,4.97
S,BA,Cidade 36,ETANOL,2023-04-30,R$/litro,IPIRANGA,4.23
S,PE,Cidade 38,GNV,2024-07-14,R$/litro,IPIRANGA,5.01
NE,SP,Cidade 9,GASOLINA,2023-04-09,R$/litro,IPIRANGA,5.76
S,BA,Cidade 37,ETANOL,2024-03-31,R$/litro,RAIZEN,4.27
NE,RS,Cidade 11,GASOLINA,2024-05-26,R$/litro,PETROBRAS,6.3
S,CE,Cidade 14,DIESEL S10,2023-04-23,R$/litro,IPIRANGA,5.92
S,SP,Cidade 6,GNV,2023-03-19,R$/litro,IPIRANGA,4.43
N,PR,Cidade 9,GNV,2023-02-19,R$/litro,RAIZEN,5.0
NE,RJ,Cidade 48,GNV,2024-06-02,R$/litro,PETROBRAS,5.0
NE,CE,Cidade 17,GASOLINA,2024-03-24,R$/litro,IPIRANGA,5.86
N,PE,Cidade 19,GNV,2023-03-26,R$/litro,RAIZEN,4.21
S,RJ,Cidade 24,DIESEL S10,2023-12-31,R$/litro,BANDEIRA BRANCA,6.72
SE,PE,Cidade 35,ETANOL,2024-08-04,R$/litro,IPIRANGA,4.32
CO,RS,Cidade 29,GASOLINA,2023-06-18,R$/litro,BANDEIRA BRANCA,6.28
SE,CE,Cidade 27,GASOLINA,2024-03-17,R$/litro,RAIZEN,6.12
NE,PR,Cidade 42,GNV,2023-07-30,R$/litro,BANDEIRA BRANCA,4.74
S,SP,Cidade 25,ETANOL,2023-07-09,R$/litro,PETROBRAS,4.12
S,RJ,Cidade 38,DIESEL S10,2023-10-15,R$/litro,BANDEIRA BRANCA,6.73
SE,RS,Cidade 45,GNV,2023-09-10,R$/litro,IPIRANGA,4.19
CO,RJ,Cidade 34,ETANOL,2023-12-31,R$/litro,PETROBRAS,4.3
NE,RJ,Cidade 2,GASOLINA,2023-05-28,R$/litro,PETROBRAS,5.67
S,CE,Cidade 13,ETANOL,2023-10-08,R$/litro,RAIZEN,4.12
N,PE,Cidade 31,GASOLINA,2024-03-31,R$/litro,RAIZEN,6.07
SE,RS,Cidade 24,GASOLINA,2023-10-08,R$/litro,PETROBRAS,5.8
NE,RJ,Cidade 14,GNV,2024-04-21,R$/litro,BANDEIRA BRANCA,5.0
NE,RJ,Cidade 17,ETANOL,2023-03-26,R$/litro,IPIRANGA,3.97
NE,CE,Cidade 4,DIESEL S10,2023-04-09,R$/litro,RAIZEN,5.67
SE,MG,Cidade 12,DIESEL S10,2024-09-22,R$/litro,RAIZEN,6.6
CO,SP,Cidade 39,DIESEL S10,2023-12-03,R$/litro,RAIZEN,6.4
S,RS,Cidade 1,DIESEL S10,2024-03-17,R$/litro,RAIZEN,6.19
N,RS,Cidade 42,GASOLINA,2024-06-23,R$/litro,BANDEIRA BRANCA,6.58
N,BA,Cidade 17,DIESEL S10,2023-04-16,R$/litro,RAIZEN,6.33
S,MG,Cidade 40,GNV,2024-12-15,R$/litro,BANDEIRA BRANCA,5.4
SE,CE,Cidade 13,GASOLINA,2023-11-05,R$/litro,BANDEIRA BRANCA,6.1
S,PR,Cidade 41,GASOLINA,2024-10-13,R$/litro,IPIRANGA,6.23
CO,CE,Cidade 29,DIESEL S10,2023-10-29,R$/litro,RAIZEN,6.47
CO,MG,Cidade 42,GNV,2023-10-22,R$/litro,PETROBRAS,5.17
CO,PR,Cidade 4,ETANOL,2024-03-17,R$/litro,BANDEIRA BRANCA,4.52
S,MG,Cidade 40,GNV,2023-05-21,R$/litro,BANDEIRA BRANCA,4.49
N,PR,Cidade 14,GASOLINA,2024-03-17,R$/litro,BANDEIRA BRANCA,6.01
SE,PR,Cidade 18,DIESEL S10,2024-12-22,R$/litro,RAIZEN,6.73
N,MG,Cidade 3,GNV,2024-04-14,R$/litro,BANDEIRA BRANCA,5.16
NE,CE,Cidade 47,ETANOL,2023-02-19,R$/litro,BANDEIRA BRANCA,3.93
N,PE,Cidade 32,DIESEL S10,2024-05-26,R$/litro,PETROBRAS,6.25
N,CE,Cidade 49,GASOLINA,2023-01-22,R$/litro,IPIRANGA,6.02
CO,RJ,Cidade 28,DIESEL S10,2023-03-12,R$/litro,RAIZEN,5.7
NE,PR,Cidade 8,DIESEL S10,2023-07-23,R$/litro,IPIRANGA,5.86
S,SP,Cidade 17,GNV,2023-08-13,R$/litro,RAIZEN,4.38
NE,SP,Cidade 22,GASOLINA,2023-01-01,R$/litro,RAIZEN,5.36
SE,CE,Cidade 8,ETANOL,2023-01-08,R$/litro,BANDEIRA BRANCA,4.22
SE,RJ,Cidade 46,DIESEL S10,2024-07-28,R$/litro,BANDEIRA BRANCA,6.77
NE,PE,Cidade 47,GNV,2023-11-26,R$/litro,PETROBRAS,4.8
CO,RS,Cidade 28,GASOLINA,2023-05-21,R$/litro,IPIRANGA,5.86
NE,MG,Cidade 29,DIESEL S10,2023-11-12,R$/litro,IPIRANGA,6.2
N,SP,Cidade 35,GNV,2024-05-19,R$/litro,RAIZEN,4.69
SE,PR,Cidade 34,DIESEL S10,2024-06-23,R$/litro,IPIRANGA,6.97
NE,PR,Cidade 4,ETANOL,2023-07-30,R$/litro,BANDEIRA BRANCA,4.45
N,RS,Cidade 27,GASOLINA,2023-04-30,R$/litro,IPIRANGA,5.8
S,PE,Cidade 39,ETANOL,2024-12-01,R$/litro,IPIRANGA,4.36
SE,MG,Cidade 40,GASOLINA,2024-04-07,R$/litro,BANDEIRA BRANCA,5.99
SE,BA,Cidade 30,GASOLINA,2024-12-22,R$/litro,IPIRANGA,6.12
CO,MG,Cidade 44,ETANOL,2023-08-13,R$/litro,PETROBRAS,4.14
N,BA,Cidade 29,GASOLINA,2023-03-19,R$/litro,IPIRANGA,5.75
S,RJ,Cidade 19,GASOLINA,2023-10-08,R$/litro,IPIRANGA,5.78
S,RS,Cidade 22,DIESEL S10,2023-08-27,R$/litro,RAIZEN,5.76
SE,BA,Cidade 34,GASOLINA,2024-06-09,R$/litro,RAIZEN,6.64
CO,BA,Cidade 44,GASOLINA,2024-06-09,R$/litro,RAIZEN,6.16
SE,RS,Cidade 12,DIESEL S10,2023-02-19,R$/litro,IPIRANGA,6.06
N,PR,Cidade 15,GNV,2024-03-03,R$/litro,RAIZEN,4.8
S,BA,Cidade 32,DIESEL S10,2023-09-03,R$/litro,PETROBRAS,5.74
S,MG,Cidade 38,GASOLINA,2024-03-24,R$/litro,PETROBRAS,6.01
S,RJ,Cidade 20,GASOLINA,2023-10-15,R$/litro,RAIZEN,5.79
CO,PR,Cidade 32,DIESEL S10,2024-01-28,R$/litro,BANDEIRA BRANCA,6.45
SE,CE,Cidade 1,DIESEL S10,2024-06-09,R$/litro,RAIZEN,6.63
S,PE,Cidade 15,ETANOL,2023-07-30,R$/litro,PETROBRAS,4.29
S,PR,Cidade 47,GNV,2023-05-21,R$/litro,BANDEIRA BRANCA,4.88
S,CE,Cidade 29,GNV,2024-06-02,R$/litro,IPIRANGA,5.45
SE,CE,Cidade 43,DIESEL S10,2024-11-24,R$/litro,RAIZEN,6.66
CO,BA,Cidade 11,DIESEL S10,2023-11-19,R$/litro,BANDEIRA BRANCA,6.48
S,SP,Cidade 15,GNV,2024-12-29,R$/litro,BANDEIRA BRANCA,5.32
NE,PR,Cidade 48,GASOLINA,2023-05-14,R$/litro,PETROBRAS,5.25
S,BA,Cidade 49,DIESEL S10,2024-08-18,R$/litro,PETROBRAS,6.43
CO,MG,Cidade 43,GNV,2024-12-22,R$/litro,RAIZEN,4.97
S,PE,Cidade 16,GASOLINA,2023-08-06,R$/litro,BANDEIRA BRANCA,5.87
S,PE,Cidade 40,GASOLINA,2023-04-16,R$/litro,BANDEIRA BRANCA,5.5
S,MG,Cidade 23,ETANOL,2024-04-28,R$/litro,RAIZEN,4.51
S,RS,Cidade 42,ETANOL,2024-09-29,R$/litro,PETROBRAS,4.76
SE,RJ,Cidade 42,GNV,2023-02-26,R$/litro,RAIZEN,4.85
N,RJ,Cidade 22,ETANOL,2024-04-14,R$/litro,RAIZEN,4.75
SE,MG,Cidade 15,DIESEL S10,2024-09-29,R$/litro,IPIRANGA,6.09
S,MG,Cidade 48,GNV,2023-01-22,R$/litro,RAIZEN,4.22
S,MG,Cidade 23,GNV,2024-01-14,R$/litro,PETROBRAS,5.59
S,RJ,Cidade 22,DIESEL S10,2023-02-26,R$/litro,BANDEIRA BRANCA,6.21
N,RS,Cidade 33,GNV,2023-05-07,R$/litro,PETROBRAS,4.68
NE,BA,Cidade 46,DIESEL S10,2023-12-24,R$/litro,BANDEIRA BRANCA,6.25
CO,MG,Cidade 7,GASOLINA,2023-08-27,R$/litro,BANDEIRA BRANCA,5.81
S,BA,Cidade 49,DIESEL S10,2023-02-26,R$/litro,RAIZEN,5.47
CO,MG,Cidade 21,ETANOL,2024-08-11,R$/litro,BANDEIRA BRANCA,4.27
SE,PR,Cidade 2,ETANOL,2023-05-28,R$/litro,BANDEIRA BRANCA,4.01
NE,PR,Cidade 16,DIESEL S10,2024-09-29,R$/litro,PETROBRAS,6.33
N,CE,Cidade 23,ETANOL,2023-05-07,R$/litro,RAIZEN,3.87
NE,SP,Cidade 34,GASOLINA,2024-01-14,R$/litro,RAIZEN,6.6
CO,PE,Cidade 28,GNV,2024-06-16,R$/litro,BANDEIRA BRANCA,4.95
S,MG,Cidade 7,DIESEL S10,2023-12-17,R$/litro,RAIZEN,6.31
SE,SP,Cidade 24,DIESEL S10,2023-10-29,R$/litro,RAIZEN,6.25
N,PR,Cidade 12,GNV,2024-06-30,R$/litro,RAIZEN,5.17
SE,RJ,Cidade 14,DIESEL S10,2023-01-08,R$/litro,PETROBRAS,5.79
N,RJ,Cidade 35,DIESEL S10,2024-08-25,R$/litro,IPIRANGA,6.79
N,CE,Cidade 40,GNV,2024-05-19,R$/litro,IPIRANGA,5.09
CO,RJ,Cidade 8,ETANOL,2024-07-14,R$/litro,BANDEIRA BRANCA,4.12
NE,BA,Cidade 30,GNV,2023-11-05,R$/litro,BANDEIRA BRANCA,4.77
CO,RJ,Cidade 21,DIESEL S10,2023-10-08,R$/litro,RAIZEN,6.13
SE,SP,Cidade 17,GASOLINA,2024-02-25,R$/litro,PETROBRAS,5.95
NE,SP,Cidade 35,GASOLINA,2024-04-14,R$/litro,RAIZEN,6.18
SE,SP,Cidade 13,GNV,2024-11-10,R$/litro,IPIRANGA,5.31
N,RS,Cidade 38,GNV,2024-09-22,R$/litro,RAIZEN,5.23
N,RS,Cidade 20,GNV,2023-02-05,R$/litro,IPIRANGA,4.62
CO,SP,Cidade 5,GASOLINA,2023-04-16,R$/litro,RAIZEN,5.72
N,MG,Cidade 39,GNV,2024-11-24,R$/litro,PETROBRAS,4.63
S,MG,Cidade 42,GNV,2023-10-08,R$/litro,PETROBRAS,4.96
SE,BA,Cidade 28,GNV,2024-02-25,R$/litro,PETROBRAS,5.02
CO,CE,Cidade 36,ETANOL,2023-02-05,R$/litro,BANDEIRA BRANCA,3.69
NE,PR,Cidade 8,DIESEL S10,2023-03-12,R$/litro,PETROBRAS,6.04
SE,CE,Cidade 17,ETANOL,2023-10-22,R$/litro,IPIRANGA,4.34
CO,RJ,Cidade 18,GASOLINA,2024-06-09,R$/litro,IPIRANGA,6.4
CO,RJ,Cidade 38,DIESEL S10,2024-07-21,R$/litro,BANDEIRA BRANCA,6.57
NE,PE,Cidade 18,GASOLINA,2024-10-13,R$/litro,IPIRANGA,6.3
N,MG,Cidade 36,GASOLINA,2023-05-21,R$/litro,BANDEIRA BRANCA,5.97
SE,PE,Cidade 16,GASOLINA,2023-05-28,R$/litro,BANDEIRA BRANCA,5.66
SE,RS,Cidade 30,ETANOL,2024-01-28,R$/litro,RAIZEN,4.38
S,RJ,Cidade 11,GASOLINA,2024-02-04,R$/litro,IPIRANGA,5.83
N,PE,Cidade 28,GNV,2023-01-22,R$/litro,RAIZEN,4.8
SE,BA,Cidade 4,GNV,2023-11-19,R$/litro,RAIZEN,4.41
SE,PE,Cidade 37,GNV,2024-10-20,R$/litro,PETROBRAS,5.34
N,RS,Cidade 2,ETANOL,2023-04-30,R$/litro,BANDEIRA BRANCA,4.02
N,RJ,Cidade 49,GASOLINA,2024-08-25,R$/litro,IPIRANGA,6.42
N,PR,Cidade 42,DIESEL S10,2023-11-19,R$/litro,BANDEIRA BRANCA,6.01
N,SP,Cidade 29,DIESEL S10,2024-01-21,R$/litro,RAIZEN,6.29
CO,PR,Cidade 45,GASOLINA,2024-04-14,R$/litro,BANDEIRA BRANCA,6.06
N,RS,Cidade 40,GNV,2024-06-02,R$/litro,PETROBRAS,5.11
NE,PE,Cidade 7,ETANOL,2024-04-07,R$/litro,PETROBRAS,4.08
CO,PE,Cidade 37,GNV,2023-03-12,R$/litro,PETROBRAS,4.73
S,RS,Cidade 19,GASOLINA,2023-08-06,R$/litro,BANDEIRA BRANCA,5.35
SE,CE,Cidade 42,ETANOL,2024-09-08,R$/litro,BANDEIRA BRANCA,4.32
N,SP,Cidade 43,ETANOL,2023-01-29,R$/litro,BANDEIRA BRANCA,3.54
S,SP,Cidade 47,GASOLINA,2024-06-09,R$/litro,IPIRANGA,6.31
CO,CE,Cidade 23,DIESEL S10,2024-01-14,R$/litro,IPIRANGA,6.36
NE,BA,Cidade 10,GNV,2023-03-26,R$/litro,IPIRANGA,4.69
CO,RS,Cidade 7,DIESEL S10,2023-03-26,R$/litro,BANDEIRA BRANCA,6.35
SE,RJ,Cidade 9,ETANOL,2024-12-15,R$/litro,IPIRANGA,4.51
N,MG,Cidade 49,DIESEL S10,2023-01-22,R$/litro,RAIZEN,6.07
NE,PR,Cidade 29,ETANOL,2023-01-15,R$/litro,RAIZEN,3.93
NE,PE,Cidade 18,ETANOL,2023-01-08,R$/litro,IPIRANGA,3.89
S,CE,Cidade 23,GNV,2024-03-31,R$/litro,IPIRANGA,5.26
CO,RS,Cidade 9,DIESEL S10,2024-11-10,R$/litro,RAIZEN,7.07
S,RS,Cidade 28,ETANOL,2023-05-07,R$/litro,BANDEIRA BRANCA,3.91
CO,RJ,Cidade 21,ETANOL,2024-08-04,R$/litro,PETROBRAS,4.67
NE,SP,Cidade 40,GNV,2024-06-09,R$/litro,RAIZEN,5.08
SE,RS,Cidade 2,DIESEL S10,2023-06-18,R$/litro,PETROBRAS,6.14
CO,BA,Cidade 46,GASOLINA,2023-02-19,R$/litro,PETROBRAS,5.71
SE,SP,Cidade 3,GNV,2023-12-24,R$/litro,RAIZEN,4.76
S,RS,Cidade 21,DIESEL S10,2023-02-26,R$/litro,IPIRANGA,5.06
CO,PR,Cidade 17,ETANOL,2023-03-19,R$/litro,IPIRANGA,4.36
CO,PE,Cidade 36,GNV,2023-12-03,R$/litro,PETROBRAS,4.65
CO,CE,Cidade 33,GNV,2024-08-18,R$/litro,BANDEIRA BRANCA,5.01
NE,MG,Cidade 10,GNV,2024-12-29,R$/litro,BANDEIRA BRANCA,5.14
N,RS,Cidade 25,ETANOL,2024-03-31,R$/litro,BANDEIRA BRANCA,4.14
S,PE,Cidade 27,GNV,2023-07-23,R$/litro,PETROBRAS,4.75
N,PR,Cidade 23,GNV,2023-08-27,R$/litro,PETROBRAS,4.72
NE,MG,Cidade 2,GNV,2024-03-24,R$/litro,PETROBRAS,4.75
SE,PR,Cidade 9,DIESEL S10,2023-05-07,R$/litro,PETROBRAS,6.06
NE,RJ,Cidade 25,ETANOL,2024-01-14,R$/litro,IPIRANGA,4.25
NE,RS,Cidade 13,GASOLINA,2024-07-14,R$/litro,RAIZEN,6.37
S,MG,Cidade 27,GNV,2024-09-08,R$/litro,PETROBRAS,4.76
S,CE,Cidade 9,DIESEL S10,2023-02-12,R$/litro,IPIRANGA,5.74
NE,SP,Cidade 37,GNV,2023-07-30,R$/litro,RAIZEN,4.88
SE,PE,Cidade 10,DIESEL S10,2023-07-02,R$/litro,IPIRANGA,5.91
SE,MG,Cidade 32,DIESEL S10,2024-02-11,R$/litro,IPIRANGA,6.06
N,SP,Cidade 41,GASOLINA,2023-05-14,R$/litro,RAIZEN,5.58
S,PR,Cidade 18,ETANOL,2024-11-24,R$/litro,BANDEIRA BRANCA,4.54
N,PR,Cidade 7,DIESEL S10,2024-11-03,R$/litro,IPIRANGA,6.52
NE,RJ,Cidade 1,GASOLINA,2023-08-27,R$/litro,PETROBRAS,5.78
NE,SP,Cidade 18,GASOLINA,2023-10-22,R$/litro,BANDEIRA BRANCA,5.62
NE,SP,Cidade 6,DIESEL S10,2023-11-19,R$/litro,RAIZEN,6.4
NE,RS,Cidade 44,GASOLINA,2023-01-29,R$/litro,IPIRANGA,5.96
CO,RJ,Cidade 48,DIESEL S10,2024-10-13,R$/litro,RAIZEN,6.05
CO,PR,Cidade 49,ETANOL,2024-07-21,R$/litro,BANDEIRA BRANCA,4.06
S,SP,Cidade 46,ETANOL,2023-08-27,R$/litro,PETROBRAS,4.38
N,PE,Cidade 29,GASOLINA,2024-02-04,R$/litro,BANDEIRA BRANCA,6.38
CO,PE,Cidade 16,ETANOL,2023-10-01,R$/litro,RAIZEN,3.63
SE,PR,Cidade 22,DIESEL S10,2023-06-11,R$/litro,RAIZEN,6.26
N,CE,Cidade 13,DIESEL S10,2023-08-06,R$/litro,BANDEIRA BRANCA,6.52
NE,CE,Cidade 42,ETANOL,2023-03-19,R$/litro,IPIRANGA,3.76
CO,SP,Cidade 22,GASOLINA,2024-08-18,R$/litro,BANDEIRA BRANCA,6.57
NE,MG,Cidade 19,GNV,2024-04-21,R$/litro,RAIZEN,4.91
CO,PE,Cidade 34,GNV,2024-11-10,R$/litro,BANDEIRA BRANCA,5.23
SE,MG,Cidade 19,GNV,2023-01-01,R$/litro,IPIRANGA,4.32
SE,PR,Cidade 18,ETANOL,2024-04-07,R$/litro,RAIZEN,4.59
CO,PE,Cidade 12,DIESEL S10,2024-02-11,R$/litro,IPIRANGA,6.5
NE,CE,Cidade 4,GASOLINA,2024-03-31,R$/litro,IPIRANGA,6.47
NE,MG,Cidade 2,GNV,2024-12-22,R$/litro,IPIRANGA,5.55
SE,MG,Cidade 20,GASOLINA,2023-10-08,R$/litro,BANDEIRA BRANCA,5.87
S,SP,Cidade 49,ETANOL,2023-04-09,R$/litro,BANDEIRA BRANCA,4.77
CO,MG,Cidade 13,GNV,2023-01-08,R$/litro,PETROBRAS,4.84
S,MG,Cidade 32,DIESEL S10,2023-12-24,R$/litro,BANDEIRA BRANCA,6.38
NE,RS,Cidade 16,GNV,2023-05-07,R$/litro,RAIZEN,4.37
S,RS,Cidade 15,ETANOL,2023-04-09,R$/litro,PETROBRAS,3.61
S,PE,Cidade 8,GASOLINA,2023-04-16,R$/litro,BANDEIRA BRANCA,5.34
SE,PE,Cidade 28,GASOLINA,2023-07-23,R$/litro,PETROBRAS,5.56
CO,PR,Cidade 33,GASOLINA,2023-03-26,R$/litro,BANDEIRA BRANCA,6.02
CO,SP,Cidade 18,GASOLINA,2023-12-24,R$/litro,IPIRANGA,6.06
SE,RS,Cidade 26,ETANOL,2024-04-21,R$/litro,BANDEIRA BRANCA,4.2
S,PR,Cidade 24,GASOLINA,2023-07-30,R$/litro,IPIRANGA,5.77
NE,RJ,Cidade 14,GASOLINA,2023-04-09,R$/litro,PETROBRAS,5.63
S,RS,Cidade 34,ETANOL,2024-02-25,R$/litro,BANDEIRA BRANCA,4.5
N,PR,Cidade 28,DIESEL S10,2023-02-26,R$/litro,RAIZEN,5.73
S,PE,Cidade 4,DIESEL S10,2024-06-23,R$/litro,IPIRANGA,6.5
SE,PE,Cidade 25,GASOLINA,2023-10-08,R$/litro,PETROBRAS,5.94
S,RS,Cidade 20,GNV,2023-10-29,R$/litro,BANDEIRA BRANCA,4.58
NE,RS,Cidade 40,DIESEL S10,2023-07-02,R$/litro,BANDEIRA BRANCA,6.47
SE,RS,Cidade 16,ETANOL,2023-07-23,R$/litro,IPIRANGA,4.02
CO,PR,Cidade 47,ETANOL,2023-04-16,R$/litro,RAIZEN,3.75
SE,RS,Cidade 31,GNV,2024-02-11,R$/litro,PETROBRAS,5.1
SE,RS,Cidade 7,ETANOL,2023-04-16,R$/litro,PETROBRAS,4.01
NE,RJ,Cidade 20,GASOLINA,2024-05-12,R$/litro,RAIZEN,6.18
NE,RS,Cidade 44,ETANOL,2023-07-02,R$/litro,BANDEIRA BRANCA,3.78
S,RJ,Cidade 13,GASOLINA,2024-02-18,R$/litro,BANDEIRA BRANCA,6.2
S,BA,Cidade 35,GASOLINA,2024-01-28,R$/litro,IPIRANGA,6.52
SE,CE,Cidade 39,ETANOL,2024-04-07,R$/litro,PETROBRAS,4.03
N,PE,Cidade 34,GASOLINA,2024-07-07,R$/litro,RAIZEN,6.22
S,RS,Cidade 5,ETANOL,2024-02-11,R$/litro,RAIZEN,4.09
SE,CE,Cidade 19,GASOLINA,2024-09-15,R$/litro,BANDEIRA BRANCA,6.87
S,CE,Cidade 18,DIESEL S10,2023-07-09,R$/litro,PETROBRAS,6.39
CO,RS,Cidade 17,GASOLINA,2024-06-30,R$/litro,RAIZEN,6.19
S,PE,Cidade 44,GASOLINA,2023-09-10,R$/litro,RAIZEN,5.53
CO,MG,Cidade 1,GNV,2024-03-31,R$/litro,RAIZEN,4.69
S,CE,Cidade 27,GASOLINA,2023-12-24,R$/litro,PETROBRAS,6.13
SE,MG,Cidade 49,ETANOL,2024-10-27,R$/litro,PETROBRAS,4.2
S,MG,Cidade 43,DIESEL S10,2023-07-16,R$/litro,RAIZEN,5.76
S,RJ,Cidade 30,ETANOL,2024-01-14,R$/litro,PETROBRAS,4.26
SE,PE,Cidade 49,ETANOL,2023-04-30,R$/litro,RAIZEN,4.05
NE,MG,Cidade 20,GASOLINA,2024-04-07,R$/litro,PETROBRAS,6.14
S,PE,Cidade 30,ETANOL,2023-01-22,R$/litro,BANDEIRA BRANCA,3.81
N,SP,Cidade 27,GNV,2023-10-29,R$/litro,IPIRANGA,5.02
NE,BA,Cidade 3,DIESEL S10,2023-01-08,R$/litro,IPIRANGA,5.69
NE,RS,Cidade 2,GNV,2023-08-27,R$/litro,IPIRANGA,4.88
NE,RS,Cidade 44,DIESEL S10,2023-12-17,R$/litro,IPIRANGA,6.29
SE,RJ,Cidade 9,GNV,2023-08-27,R$/litro,RAIZEN,4.88
N,SP,Cidade 18,ETANOL,2023-10-08,R$/litro,RAIZEN,4.46
SE,MG,Cidade 31,DIESEL S10,2023-04-16,R$/litro,RAIZEN,5.89
N,RS,Cidade 29,DIESEL S10,2024-06-09,R$/litro,BANDEIRA BRANCA,6.24
CO,PE,Cidade 26,GNV,2024-08-04,R$/litro,PETROBRAS,4.64
N,RS,Cidade 48,DIESEL S10,2023-11-26,R$/litro,BANDEIRA BRANCA,5.71
NE,RJ,Cidade 39,ETANOL,2023-02-05,R$/litro,RAIZEN,3.89
S,MG,Cidade 47,GASOLINA,2023-02-12,R$/litro,IPIRANGA,5.61
CO,BA,Cidade 33,GNV,2024-05-05,R$/litro,BANDEIRA BRANCA,4.7
S,RS,Cidade 48,ETANOL,2024-11-10,R$/litro,RAIZEN,4.33
NE,CE,Cidade 30,GNV,2024-09-22,R$/litro,PETROBRAS,5.48
N,RS,Cidade 27,DIESEL S10,2023-10-22,R$/litro,PETROBRAS,6.4
CO,BA,Cidade 40,GASOLINA,2023-12-31,R$/litro,RAIZEN,5.63
CO,SP,Cidade 43,DIESEL S10,2023-04-30,R$/litro,RAIZEN,5.9
SE,RJ,Cidade 4,ETANOL,2023-02-19,R$/litro,PETROBRAS,4.05
CO,PE,Cidade 45,GASOLINA,2024-07-14,R$/litro,RAIZEN,5.98
SE,MG,Cidade 34,ETANOL,2023-11-05,R$/litro,RAIZEN,3.99
NE,RS,Cidade 44,DIESEL S10,2023-12-31,R$/litro,BANDEIRA BRANCA,6.16
CO,BA,Cidade 36,GASOLINA,2023-09-10,R$/litro,RAIZEN,6.11
N,SP,Cidade 46,DIESEL S10,2023-08-13,R$/litro,BANDEIRA BRANCA,6.41
CO,BA,Cidade 14,GNV,2024-12-22,R$/litro,PETROBRAS,5.01
S,MG,Cidade 10,GASOLINA,2024-08-18,R$/litro,BANDEIRA BRANCA,6.29
S,RJ,Cidade 10,GASOLINA,2024-05-19,R$/litro,IPIRANGA,6.08
S,RS,Cidade 13,GASOLINA,2023-10-08,R$/litro,RAIZEN,5.62
S,RS,Cidade 11,DIESEL S10,2024-06-09,R$/litro,BANDEIRA BRANCA,6.33
N,RJ,Cidade 22,GNV,2023-09-03,R$/litro,BANDEIRA BRANCA,4.42
NE,BA,Cidade 10,GNV,2024-01-14,R$/litro,PETROBRAS,5.15
N,PR,Cidade 8,GASOLINA,2023-04-16,R$/litro,PETROBRAS,6.09
NE,MG,Cidade 26,ETANOL,2024-06-02,R$/litro,RAIZEN,4.29
S,CE,Cidade 39,GASOLINA,2023-02-12,R$/litro,BANDEIRA BRANCA,5.48
SE,BA,Cidade 7,ETANOL,2024-06-09,R$/litro,RAIZEN,4.67
NE,PE,Cidade 26,ETANOL,2024-03-17,R$/litro,PETROBRAS,4.63
CO,SP,Cidade 33,DIESEL S10,2023-02-12,R$/litro,PETROBRAS,5.66
CO,PE,Cidade 35,GNV,2024-01-07,R$/litro,RAIZEN,4.82
S,MG,Cidade 6,GNV,2023-06-11,R$/litro,RAIZEN,4.64
NE,PR,Cidade 36,GASOLINA,2023-12-10,R$/litro,BANDEIRA BRANCA,5.74
N,PE,Cidade 2,GASOLINA,2023-01-08,R$/litro,RAIZEN,5.7
N,MG,Cidade 12,ETANOL,2024-06-09,R$/litro,IPIRANGA,4.23
SE,MG,Cidade 16,ETANOL,2024-01-07,R$/litro,PETROBRAS,4.12
NE,SP,Cidade 42,ETANOL,2023-09-24,R$/litro,BANDEIRA BRANCA,4.13
SE,BA,Cidade 10,DIESEL S10,2024-09-29,R$/litro,BANDEIRA BRANCA,6.14
SE,PE,Cidade 39,DIESEL S10,2024-04-14,R$/litro,PETROBRAS,5.84
N,RS,Cidade 49,GNV,2024-03-24,R$/litro,IPIRANGA,5.16
SE,RJ,Cidade 48,DIESEL S10,2023-04-16,R$/litro,IPIRANGA,5.82
S,MG,Cidade 15,ETANOL,2023-12-31,R$/litro,RAIZEN,4.78
NE,RS,Cidade 5,GASOLINA,2024-05-26,R$/litro,BANDEIRA BRANCA,6.58
N,CE,Cidade 11,ETANOL,2024-11-10,R$/litro,PETROBRAS,4.42
NE,SP,Cidade 38,GNV,2024-03-17,R$/litro,BANDEIRA BRANCA,5.51
SE,MG,Cidade 10,GNV,2023-05-07,R$/litro,PETROBRAS,4.86
N,PR,Cidade 32,ETANOL,2024-05-12,R$/litro,BANDEIRA BRANCA,4.22
CO,RJ,Cidade 19,GASOLINA,2023-02-19,R$/litro,RAIZEN,5.0
CO,CE,Cidade 38,GASOLINA,2023-08-13,R$/litro,PETROBRAS,5.99
N,CE,Cidade 30,GASOLINA,2024-11-03,R$/litro,RAIZEN,6.25
NE,RS,Cidade 29,DIESEL S10,2024-08-11,R$/litro,IPIRANGA,6.57
CO,PR,Cidade 39,DIESEL S10,2024-10-20,R$/litro,IPIRANGA,6.47
NE,PE,Cidade 47,DIESEL S10,2023-09-17,R$/litro,PETROBRAS,5.86
SE,PR,Cidade 18,GASOLINA,2024-05-12,R$/litro,RAIZEN,5.97
CO,RJ,Cidade 26,ETANOL,2024-05-26,R$/litro,BANDEIRA BRANCA,4.57
S,SP,Cidade 31,GASOLINA,2023-06-25,R$/litro,RAIZEN,5.68
CO,MG,Cidade 41,ETANOL,2024-11-17,R$/litro,BANDEIRA BRANCA,4.47
S,RJ,Cidade 24,DIESEL S10,2024-12-08,R$/litro,IPIRANGA,6.2
CO,MG,Cidade 19,ETANOL,2023-03-19,R$/litro,RAIZEN,4.0
NE,PR,Cidade 42,DIESEL S10,2024-07-14,R$/litro,BANDEIRA BRANCA,6.16
NE,BA,Cidade 47,ETANOL,2023-11-26,R$/litro,IPIRANGA,4.45
S,RJ,Cidade 28,DIESEL S10,2024-05-05,R$/litro,RAIZEN,6.19
CO,SP,Cidade 6,ETANOL,2024-02-11,R$/litro,PETROBRAS,4.22
SE,RJ,Cidade 15,ETANOL,2023-06-11,R$/litro,RAIZEN,4.6
NE,RS,Cidade 23,GASOLINA,2023-03-12,R$/litro,BANDEIRA BRANCA,5.59
S,PE,Cidade 35,DIESEL S10,2024-01-07,R$/litro,BANDEIRA BRANCA,6.15
NE,MG,Cidade 33,GNV,2024-09-01,R$/litro,IPIRANGA,5.23
S,MG,Cidade 41,DIESEL S10,2024-08-25,R$/litro,RAIZEN,6.03
N,BA,Cidade 2,DIESEL S10,2023-07-16,R$/litro,RAIZEN,6.4
S,SP,Cidade 23,GNV,2024-09-22,R$/litro,BANDEIRA BRANCA,5.35
SE,RJ,Cidade 35,GASOLINA,2023-09-17,R$/litro,BANDEIRA BRANCA,5.98
SE,SP,Cidade 49,GNV,2024-02-11,R$/litro,BANDEIRA BRANCA,4.05
N,BA,Cidade 7,GASOLINA,2023-08-27,R$/litro,BANDEIRA BRANCA,5.76
S,RS,Cidade 44,DIESEL S10,2024-01-14,R$/litro,IPIRANGA,5.94
S,BA,Cidade 1,GNV,2024-01-21,R$/litro,IPIRANGA,5.15
N,BA,Cidade 10,GNV,2024-05-26,R$/litro,IPIRANGA,5.25
S,RS,Cidade 42,ETANOL,2023-12-10,R$/litro,IPIRANGA,4.33
S,PE,Cidade 39,GNV,2024-01-21,R$/litro,BANDEIRA BRANCA,4.57
S,CE,Cidade 48,DIESEL S10,2024-04-21,R$/litro,BANDEIRA BRANCA,6.73
S,SP,Cidade 30,GASOLINA,2023-10-29,R$/litro,BANDEIRA BRANCA,5.82
N,CE,Cidade 31,GASOLINA,2024-01-21,R$/litro,RAIZEN,6.42
NE,RJ,Cidade 27,GNV,2023-02-26,R$/litro,PETROBRAS,4.62
CO,RJ,Cidade 26,GNV,2024-09-29,R$/litro,PETROBRAS,5.24
N,BA,Cidade 26,GNV,2023-04-02,R$/litro,IPIRANGA,4.47
SE,SP,Cidade 15,ETANOL,2024-09-29,R$/litro,RAIZEN,4.86
S,MG,Cidade 42,ETANOL,2024-07-07,R$/litro,IPIRANGA,4.58
S,RJ,Cidade 18,GNV,2024-11-24,R$/litro,RAIZEN,5.53
NE,RS,Cidade 30,GASOLINA,2023-01-15,R$/litro,BANDEIRA BRANCA,5.66
S,PE,Cidade 33,GNV,2023-06-04,R$/litro,IPIRANGA,4.64
CO,CE,Cidade 27,DIESEL S10,2023-02-05,R$/litro,BANDEIRA BRANCA,6.08
S,RJ,Cidade 30,DIESEL S10,2023-10-29,R$/litro,RAIZEN,6.55
NE,BA,Cidade 3,ETANOL,2024-10-20,R$/litro,BANDEIRA BRANCA,4.79
SE,RS,Cidade 16,GNV,2024-07-14,R$/litro,PETROBRAS,5.07
CO,RS,Cidade 22,DIESEL S10,2024-05-26,R$/litro,IPIRANGA,5.93
CO,PR,Cidade 20,GASOLINA,2024-09-15,R$/litro,BANDEIRA BRANCA,6.4
N,CE,Cidade 45,DIESEL S10,2023-01-01,R$/litro,BANDEIRA BRANCA,5.54
S,RS,Cidade 44,GNV,2024-07-28,R$/litro,RAIZEN,5.06
SE,SP,Cidade 35,GASOLINA,2023-08-13,R$/litro,PETROBRAS,5.79
N,CE,Cidade 18,DIESEL S10,2024-05-19,R$/litro,PETROBRAS,6.03
NE,CE,Cidade 3,GASOLINA,2024-07-14,R$/litro,IPIRANGA,6.23
CO,MG,Cidade 38,DIESEL S10,2024-05-19,R$/litro,BANDEIRA BRANCA,6.92
N,BA,Cidade 44,GNV,2023-10-29,R$/litro,IPIRANGA,4.71
NE,PE,Cidade 24,ETANOL,2024-03-24,R$/litro,BANDEIRA BRANCA,4.52
CO,BA,Cidade 41,GASOLINA,2023-12-10,R$/litro,RAIZEN,6.52
CO,RS,Cidade 46,GASOLINA,2024-03-31,R$/litro,PETROBRAS,6.25
NE,CE,Cidade 27,DIESEL S10,2023-12-03,R$/litro,RAIZEN,6.06
SE,PE,Cidade 11,GNV,2023-10-15,R$/litro,IPIRANGA,4.83
SE,BA,Cidade 2,ETANOL,2023-05-28,R$/litro,PETROBRAS,4.16
NE,RJ,Cidade 38,GNV,2023-10-08,R$/litro,RAIZEN,5.13
NE,RS,Cidade 28,ETANOL,2024-06-09,R$/litro,PETROBRAS,4.71
SE,PR,Cidade 8,GASOLINA,2024-09-29,R$/litro,BANDEIRA BRANCA,5.52
SE,MG,Cidade 3,DIESEL S10,2023-03-12,R$/litro,BANDEIRA BRANCA,5.75
N,BA,Cidade 48,GNV,2023-05-14,R$/litro,BANDEIRA BRANCA,4.61
N,PR,Cidade 16,ETANOL,2024-01-07,R$/litro,PETROBRAS,4.0
SE,SP,Cidade 17,GNV,2024-05-26,R$/litro,BANDEIRA BRANCA,4.06
NE,BA,Cidade 31,DIESEL S10,2023-04-30,R$/litro,IPIRANGA,5.83
SE,PR,Cidade 18,ETANOL,2023-08-27,R$/litro,RAIZEN,4.13
N,RJ,Cidade 45,DIESEL S10,2023-01-29,R$/litro,PETROBRAS,5.8
CO,BA,Cidade 34,ETANOL,2023-02-05,R$/litro,BANDEIRA BRANCA,3.68
CO,PR,Cidade 18,GASOLINA,2023-04-16,R$/litro,IPIRANGA,5.71
NE,SP,Cidade 14,GNV,2024-06-16,R$/litro,RAIZEN,5.1
N,PR,Cidade 43,ETANOL,2024-09-29,R$/litro,IPIRANGA,4.39
CO,MG,Cidade 29,DIESEL S10,2023-12-31,R$/litro,BANDEIRA BRANCA,6.59
N,RS,Cidade 45,DIESEL S10,2023-05-07,R$/litro,RAIZEN,6.04
NE,PR,Cidade 17,GASOLINA,2024-11-03,R$/litro,IPIRANGA,6.03
N,SP,Cidade 2,DIESEL S10,2023-07-23,R$/litro,IPIRANGA,5.81
NE,SP,Cidade 45,ETANOL,2023-04-23,R$/litro,PETROBRAS,3.95
CO,RS,Cidade 12,DIESEL S10,2023-04-09,R$/litro,IPIRANGA,6.27
NE,CE,Cidade 42,ETANOL,2023-09-17,R$/litro,BANDEIRA BRANCA,3.94
CO,SP,Cidade 35,GNV,2024-06-23,R$/litro,BANDEIRA BRANCA,5.17
SE,PE,Cidade 12,GASOLINA,2023-10-15,R$/litro,BANDEIRA BRANCA,5.9
SE,SP,Cidade 38,GASOLINA,2023-11-19,R$/litro,PETROBRAS,6.41
SE,RS,Cidade 4,ETANOL,2023-09-03,R$/litro,IPIRANGA,4.23
NE,RS,Cidade 20,GASOLINA,2024-11-24,R$/litro,BANDEIRA BRANCA,6.09
N,RS,Cidade 18,GASOLINA,2024-05-12,R$/litro,IPIRANGA,6.26
S,SP,Cidade 33,DIESEL S10,2024-04-28,R$/litro,PETROBRAS,6.56
SE,PE,Cidade 27,GNV,2023-11-12,R$/litro,IPIRANGA,4.7
CO,MG,Cidade 30,DIESEL S10,2024-01-21,R$/litro,BANDEIRA BRANCA,5.98
N,PE,Cidade 24,ETANOL,2024-10-06,R$/litro,BANDEIRA BRANCA,4.65
N,PR,Cidade 37,GNV,2024-04-21,R$/litro,PETROBRAS,4.97
NE,BA,Cidade 8,ETANOL,2024-08-18,R$/litro,BANDEIRA BRANCA,4.09
NE,MG,Cidade 36,GASOLINA,2023-01-29,R$/litro,RAIZEN,5.69
SE,PR,Cidade 3,GNV,2024-09-22,R$/litro,BANDEIRA BRANCA,4.94
SE,CE,Cidade 5,DIESEL S10,2024-11-24,R$/litro,RAIZEN,6.19
CO,CE,Cidade 36,ETANOL,2024-05-05,R$/litro,RAIZEN,4.28
S,CE,Cidade 8,DIESEL S10,2024-12-01,R$/litro,RAIZEN,6.89
N,RJ,Cidade 38,DIESEL S10,2024-02-18,R$/litro,RAIZEN,6.6
N,BA,Cidade 7,GASOLINA,2023-07-16,R$/litro,BANDEIRA BRANCA,6.02
S,RS,Cidade 8,GASOLINA,2024-03-17,R$/litro,RAIZEN,6.09
S,CE,Cidade 46,DIESEL S10,2024-03-31,R$/litro,PETROBRAS,6.49
N,CE,Cidade 9,GASOLINA,2023-04-16,R$/litro,PETROBRAS,5.73
SE,PE,Cidade 45,DIESEL S10,2023-05-28,R$/litro,IPIRANGA,5.76
NE,RJ,Cidade 18,ETANOL,2023-07-30,R$/litro,IPIRANGA,3.87
CO,MG,Cidade 40,GASOLINA,2024-02-04,R$/litro,BANDEIRA BRANCA,5.83
N,PR,Cidade 47,DIESEL S10,2023-04-16,R$/litro,PETROBRAS,6.35
N,PR,Cidade 6,ETANOL,2024-07-14,R$/litro,BANDEIRA BRANCA,4.71
SE,MG,Cidade 17,ETANOL,2023-03-19,R$/litro,PETROBRAS,3.7
SE,RJ,Cidade 29,GASOLINA,2024-11-17,R$/litro,IPIRANGA,6.27
S,RJ,Cidade 43,DIESEL S10,2024-05-05,R$/litro,IPIRANGA,6.27
S,PR,Cidade 10,GNV,2023-09-03,R$/litro,RAIZEN,4.7
SE,RS,Cidade 10,DIESEL S10,2023-10-01,R$/litro,PETROBRAS,6.03
CO,RS,Cidade 19,GASOLINA,2024-05-19,R$/litro,BANDEIRA BRANCA,6.43
SE,PE,Cidade 11,GNV,2023-03-05,R$/litro,PETROBRAS,4.56
N,SP,Cidade 14,GASOLINA,2024-06-09,R$/litro,BANDEIRA BRANCA,6.16
NE,PE,Cidade 7,ETANOL,2024-02-04,R$/litro,RAIZEN,4.34
N,MG,Cidade 41,GASOLINA,2023-06-11,R$/litro,BANDEIRA BRANCA,5.5
S,CE,Cidade 40,GNV,2024-10-20,R$/litro,BANDEIRA BRANCA,5.16
S,CE,Cidade 8,GASOLINA,2024-04-07,R$/litro,BANDEIRA BRANCA,6.31
N,BA,Cidade 27,DIESEL S10,2023-04-30,R$/litro,IPIRANGA,6.38
S,MG,Cidade 32,GASOLINA,2024-04-21,R$/litro,IPIRANGA,5.77
N,RJ,Cidade 31,GASOLINA,2023-10-29,R$/litro,RAIZEN,5.51
SE,RJ,Cidade 49,DIESEL S10,2024-07-14,R$/litro,RAIZEN,6.45
SE,CE,Cidade 32,GNV,2023-12-24,R$/litro,BANDEIRA BRANCA,5.12
N,RJ,Cidade 34,GASOLINA,2024-12-29,R$/litro,IPIRANGA,6.39
N,RS,Cidade 2,GASOLINA,2024-11-10,R$/litro,IPIRANGA,6.42
SE,RS,Cidade 4,ETANOL,2023-01-29,R$/litro,PETROBRAS,3.59
CO,PR,Cidade 31,GNV,2023-10-29,R$/litro,PETROBRAS,4.65
SE,PE,Cidade 45,GASOLINA,2023-05-28,R$/litro,BANDEIRA BRANCA,5.19
CO,BA,Cidade 20,GASOLINA,2023-11-26,R$/litro,BANDEIRA BRANCA,5.88
N,PE,Cidade 32,ETANOL,2023-04-16,R$/litro,RAIZEN,3.46
CO,BA,Cidade 11,ETANOL,2024-01-28,R$/litro,IPIRANGA,4.61
CO,RS,Cidade 23,GASOLINA,2023-04-23,R$/litro,PETROBRAS,6.1
S,RJ,Cidade 37,DIESEL S10,2024-03-31,R$/litro,PETROBRAS,6.37
N,RJ,Cidade 33,DIESEL S10,2023-11-26,R$/litro,RAIZEN,5.84
S,RS,Cidade 6,GASOLINA,2024-12-29,R$/litro,RAIZEN,6.39
NE,SP,Cidade 44,DIESEL S10,2024-10-06,R$/litro,IPIRANGA,6.98
S,MG,Cidade 46,GASOLINA,2024-03-17,R$/litro,PETROBRAS,6.14
NE,RS,Cidade 24,DIESEL S10,2023-11-26,R$/litro,PETROBRAS,6.51
CO,RS,Cidade 17,ETANOL,2024-06-09,R$/litro,RAIZEN,4.28
NE,PE,Cidade 27,GASOLINA,2024-05-05,R$/litro,RAIZEN,5.85
SE,CE,Cidade 40,GASOLINA,2023-04-09,R$/litro,IPIRANGA,5.68
S,PR,Cidade 23,GNV,2023-10-01,R$/litro,RAIZEN,4.28
N,SP,Cidade 2,DIESEL S10,2024-12-29,R$/litro,BANDEIRA BRANCA,7.16
NE,RS,Cidade 4,DIESEL S10,2023-08-20,R$/litro,RAIZEN,6.16
NE,PR,Cidade 40,GASOLINA,2023-01-08,R$/litro,IPIRANGA,5.82
NE,BA,Cidade 39,GASOLINA,2024-09-01,R$/litro,PETROBRAS,6.07
S,RS,Cidade 38,GASOLINA,2024-11-10,R$/litro,BANDEIRA BRANCA,5.87
NE,RS,Cidade 7,ETANOL,2024-04-21,R$/litro,RAIZEN,4.71
N,RS,Cidade 9,ETANOL,2024-04-07,R$/litro,IPIRANGA,4.06
CO,BA,Cidade 20,GNV,2023-09-10,R$/litro,PETROBRAS,4.83
N,RJ,Cidade 12,GNV,2023-09-17,R$/litro,BANDEIRA BRANCA,4.86
CO,BA,Cidade 19,ETANOL,2024-10-27,R$/litro,BANDEIRA BRANCA,4.56
CO,RJ,Cidade 28,ETANOL,2024-09-22,R$/litro,IPIRANGA,4.31
SE,PR,Cidade 14,ETANOL,2023-12-31,R$/litro,IPIRANGA,4.21
S,PE,Cidade 7,DIESEL S10,2023-08-13,R$/litro,RAIZEN,5.88
S,BA,Cidade 20,DIESEL S10,2023-05-14,R$/litro,BANDEIRA BRANCA,6.23
SE,RS,Cidade 36,DIESEL S10,2023-01-08,R$/litro,RAIZEN,6.05
SE,CE,Cidade 31,GASOLINA,2023-12-17,R$/litro,PETROBRAS,5.93
N,PR,Cidade 16,ETANOL,2024-02-11,R$/litro,PETROBRAS,4.15
S,RS,Cidade 16,GNV,2024-05-05,R$/litro,PETROBRAS,5.5
SE,SP,Cidade 29,ETANOL,2024-08-11,R$/litro,IPIRANGA,4.14
S,SP,Cidade 9,GASOLINA,2023-09-24,R$/litro,IPIRANGA,5.47
S,RJ,Cidade 41,GASOLINA,2023-04-30,R$/litro,RAIZEN,5.69
SE,RJ,Cidade 43,GASOLINA,2024-09-08,R$/litro,BANDEIRA BRANCA,6.13
SE,PR,Cidade 2,GNV,2024-07-14,R$/litro,PETROBRAS,5.31
N,BA,Cidade 48,GASOLINA,2024-01-21,R$/litro,BANDEIRA BRANCA,6.13
CO,CE,Cidade 2,DIESEL S10,2023-01-29,R$/litro,IPIRANGA,5.93
NE,BA,Cidade 23,ETANOL,2023-12-10,R$/litro,RAIZEN,4.35
N,CE,Cidade 33,GASOLINA,2024-03-31,R$/litro,PETROBRAS,6.16
CO,BA,Cidade 17,GNV,2024-09-22,R$/litro,IPIRANGA,5.63
CO,MG,Cidade 10,DIESEL S10,2024-01-07,R$/litro,BANDEIRA BRANCA,6.32
SE,PR,Cidade 3,GNV,2023-12-03,R$/litro,PETROBRAS,4.65
CO,RS,Cidade 36,GNV,2023-10-01,R$/litro,IPIRANGA,4.81
SE,MG,Cidade 2,GNV,2023-10-29,R$/litro,RAIZEN,4.13
SE,RS,Cidade 24,DIESEL S10,2023-01-08,R$/litro,RAIZEN,5.9
NE,PR,Cidade 20,DIESEL S10,2023-03-12,R$/litro,IPIRANGA,6.24
N,RS,Cidade 48,DIESEL S10,2024-07-07,R$/litro,IPIRANGA,6.58
SE,PR,Cidade 46,ETANOL,2023-09-24,R$/litro,BANDEIRA BRANCA,4.23
S,CE,Cidade 41,GASOLINA,2024-09-15,R$/litro,PETROBRAS,6.36
S,RS,Cidade 36,ETANOL,2023-10-15,R$/litro,IPIRANGA,4.45
S,MG,Cidade 27,ETANOL,2024-12-29,R$/litro,IPIRANGA,4.95
CO,RS,Cidade 18,GASOLINA,2023-05-07,R$/litro,BANDEIRA BRANCA,5.83
S,PE,Cidade 9,GNV,2023-05-14,R$/litro,BANDEIRA BRANCA,4.55
S,RJ,Cidade 48,GNV,2024-03-03,R$/litro,BANDEIRA BRANCA,4.33
SE,CE,Cidade 19,ETANOL,2024-08-11,R$/litro,PETROBRAS,4.71
SE,RS,Cidade 22,ETANOL,2023-04-16,R$/litro,PETROBRAS,4.13
SE,PE,Cidade 7,GNV,2023-12-31,R$/litro,IPIRANGA,4.89
NE,PE,Cidade 14,ETANOL,2023-06-11,R$/litro,IPIRANGA,3.88
NE,PE,Cidade 32,DIESEL S10,2024-06-23,R$/litro,PETROBRAS,6.66
NE,CE,Cidade 21,DIESEL S10,2024-02-11,R$/litro,BANDEIRA BRANCA,6.23
CO,RJ,Cidade 29,ETANOL,2024-04-21,R$/litro,BANDEIRA BRANCA,4.35
NE,BA,Cidade 11,GNV,2023-07-16,R$/litro,IPIRANGA,4.67
SE,SP,Cidade 5,GASOLINA,2023-07-30,R$/litro,BANDEIRA BRANCA,5.91
S,MG,Cidade 44,GASOLINA,2024-04-14,R$/litro,RAIZEN,5.76
S,SP,Cidade 22,DIESEL S10,2023-09-17,R$/litro,RAIZEN,6.29
CO,PR,Cidade 18,DIESEL S10,2024-05-19,R$/litro,BANDEIRA BRANCA,6.2
S,BA,Cidade 15,GNV,2023-04-23,R$/litro,PETROBRAS,4.44
SE,PR,Cidade 33,DIESEL S10,2023-08-06,R$/litro,PETROBRAS,6.33
N,RJ,Cidade 28,GASOLINA,2023-03-12,R$/litro,IPIRANGA,5.42
NE,MG,Cidade 20,GNV,2023-03-05,R$/litro,BANDEIRA BRANCA,4.78
SE,PR,Cidade 46,ETANOL,2023-07-09,R$/litro,RAIZEN,4.11
N,PE,Cidade 45,GASOLINA,2023-12-24,R$/litro,IPIRANGA,5.53
S,CE,Cidade 10,DIESEL S10,2023-04-16,R$/litro,PETROBRAS,6.34
CO,SP,Cidade 32,GASOLINA,2023-03-05,R$/litro,RAIZEN,5.74
CO,RS,Cidade 48,ETANOL,2024-10-06,R$/litro,IPIRANGA,4.62
S,SP,Cidade 24,ETANOL,2024-01-14,R$/litro,IPIRANGA,4.51
NE,PE,Cidade 2,GASOLINA,2024-06-09,R$/litro,BANDEIRA BRANCA,6.48
NE,SP,Cidade 7,GNV,2024-06-16,R$/litro,RAIZEN,5.06
N,PE,Cidade 33,DIESEL S10,2023-03-12,R$/litro,PETROBRAS,6.12
SE,RJ,Cidade 45,GNV,2024-03-31,R$/litro,PETROBRAS,5.03
S,SP,Cidade 7,ETANOL,2024-09-22,R$/litro,IPIRANGA,4.42
SE,CE,Cidade 27,DIESEL S10,2023-11-26,R$/litro,PETROBRAS,5.82
N,RS,Cidade 25,GNV,2024-09-22,R$/litro,IPIRANGA,5.16
SE,RS,Cidade 14,GASOLINA,2024-11-24,R$/litro,IPIRANGA,6.61
NE,PR,Cidade 31,GNV,2024-02-04,R$/litro,BANDEIRA BRANCA,5.03
N,MG,Cidade 44,GASOLINA,2023-03-12,R$/litro,IPIRANGA,5.4
CO,PR,Cidade 12,GNV,2024-03-24,R$/litro,IPIRANGA,5.2
S,RS,Cidade 3,DIESEL S10,2024-10-06,R$/litro,RAIZEN,6.44
SE,MG,Cidade 18,DIESEL S10,2024-02-25,R$/litro,RAIZEN,5.78
N,RS,Cidade 16,GASOLINA,2024-08-11,R$/litro,PETROBRAS,6.42
SE,SP,Cidade 36,DIESEL S10,2024-01-28,R$/litro,PETROBRAS,6.04
SE,MG,Cidade 27,DIESEL S10,2023-11-05,R$/litro,PETROBRAS,6.64
CO,BA,Cidade 1,GNV,2024-11-24,R$/litro,BANDEIRA BRANCA,5.45
CO,RJ,Cidade 17,GNV,2023-04-23,R$/litro,PETROBRAS,4.55
N,SP,Cidade 37,ETANOL,2023-11-19,R$/litro,BANDEIRA BRANCA,4.32
CO,PR,Cidade 24,ETANOL,2023-04-23,R$/litro,IPIRANGA,4.61
SE,RS,Cidade 28,ETANOL,2024-04-21,R$/litro,BANDEIRA BRANCA,4.61
SE,RJ,Cidade 13,ETANOL,2024-11-03,R$/litro,PETROBRAS,4.6
S,PR,Cidade 16,GASOLINA,2024-12-29,R$/litro,IPIRANGA,7.02
SE,PE,Cidade 7,GASOLINA,2023-06-18,R$/litro,PETROBRAS,5.79
CO,SP,Cidade 4,GNV,2024-06-16,R$/litro,BANDEIRA BRANCA,5.16
SE,RJ,Cidade 2,ETANOL,2024-09-29,R$/litro,RAIZEN,4.28
NE,MG,Cidade 31,ETANOL,2024-09-01,R$/litro,PETROBRAS,4.07
CO,PR,Cidade 8,DIESEL S10,2023-12-31,R$/litro,RAIZEN,6.18
N,SP,Cidade 29,DIESEL S10,2023-05-07,R$/litro,BANDEIRA BRANCA,6.03
S,PE,Cidade 47,ETANOL,2023-12-03,R$/litro,RAIZEN,4.3
NE,MG,Cidade 35,GNV,2024-07-21,R$/litro,BANDEIRA BRANCA,4.69
NE,RJ,Cidade 29,GASOLINA,2024-03-31,R$/litro,IPIRANGA,6.2
N,PE,Cidade 6,ETANOL,2023-10-08,R$/litro,IPIRANGA,3.96
NE,SP,Cidade 24,GASOLINA,2023-06-04,R$/litro,BANDEIRA BRANCA,5.9
S,RJ,Cidade 44,DIESEL S10,2024-04-21,R$/litro,RAIZEN,6.59
N,CE,Cidade 19,GASOLINA,2023-11-05,R$/litro,RAIZEN,5.8
CO,BA,Cidade 41,GNV,2023-12-10,R$/litro,BANDEIRA BRANCA,4.59
NE,RS,Cidade 35,DIESEL S10,2024-11-17,R$/litro,RAIZEN,6.94
SE,PR,Cidade 14,GASOLINA,2023-01-01,R$/litro,PETROBRAS,5.82
NE,PR,Cidade 7,DIESEL S10,2023-06-25,R$/litro,PETROBRAS,6.11
CO,BA,Cidade 1,ETANOL,2024-11-03,R$/litro,BANDEIRA BRANCA,4.91
CO,SP,Cidade 14,DIESEL S10,2024-11-03,R$/litro,PETROBRAS,6.57
NE,BA,Cidade 17,GASOLINA,2023-08-06,R$/litro,RAIZEN,5.65
SE,MG,Cidade 33,DIESEL S10,2024-12-29,R$/litro,IPIRANGA,6.35
NE,PE,Cidade 29,GASOLINA,2023-06-04,R$/litro,RAIZEN,5.72
CO,BA,Cidade 24,GASOLINA,2023-02-05,R$/litro,PETROBRAS,5.83
CO,SP,Cidade 36,DIESEL S10,2023-08-13,R$/litro,IPIRANGA,6.46
SE,CE,Cidade 38,DIESEL S10,2024-01-21,R$/litro,RAIZEN,6.28
S,MG,Cidade 35,ETANOL,2023-01-01,R$/litro,PETROBRAS,4.2
NE,MG,Cidade 44,GASOLINA,2023-05-07,R$/litro,IPIRANGA,5.67
SE,CE,Cidade 18,ETANOL,2024-08-04,R$/litro,BANDEIRA BRANCA,4.26
CO,PE,Cidade 41,GNV,2024-03-31,R$/litro,PETROBRAS,4.61
SE,PE,Cidade 21,DIESEL S10,2024-03-17,R$/litro,RAIZEN,6.2
N,PR,Cidade 10,GASOLINA,2024-12-22,R$/litro,PETROBRAS,5.97
CO,CE,Cidade 8,GNV,2023-06-11,R$/litro,RAIZEN,5.16
N,SP,Cidade 5,ETANOL,2024-10-20,R$/litro,PETROBRAS,4.64
N,BA,Cidade 47,DIESEL S10,2023-09-17,R$/litro,RAIZEN,6.12
S,MG,Cidade 9,GASOLINA,2024-11-10,R$/litro,IPIRANGA,6.68
CO,RS,Cidade 41,ETANOL,2024-07-28,R$/litro,RAIZEN,4.12
NE,RJ,Cidade 39,GNV,2023-06-04,R$/litro,PETROBRAS,4.61
SE,RJ,Cidade 22,ETANOL,2023-05-28,R$/litro,RAIZEN,4.54
S,RS,Cidade 45,GASOLINA,2024-01-28,R$/litro,RAIZEN,5.94
S,CE,Cidade 45,GASOLINA,2023-12-31,R$/litro,PETROBRAS,6.56
NE,PR,Cidade 46,GNV,2023-06-18,R$/litro,IPIRANGA,4.86
S,MG,Cidade 25,GNV,2023-07-09,R$/litro,RAIZEN,5.01
NE,RS,Cidade 15,GASOLINA,2024-10-20,R$/litro,RAIZEN,6.56
NE,BA,Cidade 3,GNV,2024-07-07,R$/litro,RAIZEN,5.03
S,RJ,Cidade 42,GNV,2023-05-21,R$/litro,BANDEIRA BRANCA,4.51
N,BA,Cidade 43,ETANOL,2024-06-16,R$/litro,IPIRANGA,4.38
S,PR,Cidade 27,DIESEL S10,2023-04-23,R$/litro,BANDEIRA BRANCA,5.76
N,RJ,Cidade 4,ETANOL,2023-11-19,R$/litro,BANDEIRA BRANCA,4.19
S,BA,Cidade 41,GASOLINA,2023-01-08,R$/litro,RAIZEN,5.61
CO,PR,Cidade 15,DIESEL S10,2024-04-21,R$/litro,PETROBRAS,6.78
S,BA,Cidade 27,GASOLINA,2023-05-14,R$/litro,IPIRANGA,5.88
SE,MG,Cidade 33,ETANOL,2023-06-18,R$/litro,PETROBRAS,4.65
SE,BA,Cidade 8,ETANOL,2023-05-14,R$/litro,RAIZEN,3.49
CO,PE,Cidade 4,GASOLINA,2023-05-14,R$/litro,IPIRANGA,5.42
CO,RJ,Cidade 4,GNV,2023-02-26,R$/litro,BANDEIRA BRANCA,4.46
S,BA,Cidade 47,DIESEL S10,2024-02-11,R$/litro,RAIZEN,6.66
N,PR,Cidade 47,GNV,2024-09-29,R$/litro,IPIRANGA,5.08
NE,MG,Cidade 21,DIESEL S10,2023-08-06,R$/litro,PETROBRAS,5.74
SE,RS,Cidade 21,GASOLINA,2024-07-21,R$/litro,PETROBRAS,6.08
NE,CE,Cidade 20,ETANOL,2024-02-04,R$/litro,RAIZEN,3.98
N,MG,Cidade 18,ETANOL,2023-07-02,R$/litro,BANDEIRA BRANCA,3.73
CO,BA,Cidade 27,GNV,2023-02-12,R$/litro,IPIRANGA,5.04
CO,RJ,Cidade 18,GASOLINA,2024-07-28,R$/litro,PETROBRAS,6.06
SE,CE,Cidade 31,DIESEL S10,2023-01-15,R$/litro,IPIRANGA,5.96
S,BA,Cidade 19,GASOLINA,2023-11-05,R$/litro,BANDEIRA BRANCA,5.87
NE,PE,Cidade 31,GNV,2023-01-22,R$/litro,RAIZEN,4.46
SE,BA,Cidade 47,DIESEL S10,2024-07-21,R$/litro,PETROBRAS,6.23
NE,MG,Cidade 11,ETANOL,2024-12-22,R$/litro,PETROBRAS,4.51
SE,MG,Cidade 4,ETANOL,2023-08-20,R$/litro,PETROBRAS,4.21
SE,PR,Cidade 26,ETANOL,2023-08-13,R$/litro,BANDEIRA BRANCA,4.47
SE,PE,Cidade 6,GASOLINA,2024-02-18,R$/litro,BANDEIRA BRANCA,6.23
S,RJ,Cidade 12,DIESEL S10,2023-12-31,R$/litro,IPIRANGA,5.94
N,PE,Cidade 39,GNV,2023-10-08,R$/litro,RAIZEN,5.02
SE,PE,Cidade 21,GASOLINA,2023-09-24,R$/litro,PETROBRAS,5.97
CO,SP,Cidade 27,DIESEL S10,2023-05-14,R$/litro,RAIZEN,5.87
S,SP,Cidade 39,DIESEL S10,2023-07-02,R$/litro,IPIRANGA,6.12
SE,PR,Cidade 7,GNV,2024-03-03,R$/litro,BANDEIRA BRANCA,5.05
S,PE,Cidade 24,GNV,2024-06-23,R$/litro,IPIRANGA,5.03
N,RS,Cidade 2,GASOLINA,2024-06-30,R$/litro,BANDEIRA BRANCA,6.24
SE,PR,Cidade 25,GASOLINA,2024-01-14,R$/litro,RAIZEN,5.75
SE,CE,Cidade 11,GNV,2024-07-07,R$/litro,IPIRANGA,5.53
CO,MG,Cidade 45,GASOLINA,2024-03-10,R$/litro,BANDEIRA BRANCA,5.53
NE,RJ,Cidade 13,DIESEL S10,2023-09-17,R$/litro,BANDEIRA BRANCA,6.29
S,CE,Cidade 10,GNV,2023-09-17,R$/litro,IPIRANGA,4.84
N,MG,Cidade 1,DIESEL S10,2024-01-14,R$/litro,IPIRANGA,6.42
CO,RS,Cidade 7,GASOLINA,2023-08-13,R$/litro,RAIZEN,5.64
S,RS,Cidade 11,GASOLINA,2024-07-14,R$/litro,PETROBRAS,6.43
NE,BA,Cidade 12,DIESEL S10,2023-05-14,R$/litro,IPIRANGA,6.0
SE,MG,Cidade 37,GNV,2023-02-05,R$/litro,BANDEIRA BRANCA,4.24
S,PR,Cidade 44,ETANOL,2023-12-24,R$/litro,BANDEIRA BRANCA,3.97
NE,PR,Cidade 42,DIESEL S10,2023-02-19,R$/litro,IPIRANGA,5.98
SE,RJ,Cidade 47,GNV,2023-05-21,R$/litro,IPIRANGA,4.24
CO,RS,Cidade 45,GNV,2023-10-01,R$/litro,BANDEIRA BRANCA,5.21
CO,SP,Cidade 23,DIESEL S10,2023-01-01,R$/litro,PETROBRAS,6.16
S,RJ,Cidade 20,DIESEL S10,2023-06-11,R$/litro,PETROBRAS,6.51
S,CE,Cidade 32,GNV,2024-02-04,R$/litro,PETROBRAS,5.31
SE,BA,Cidade 16,GNV,2023-10-01,R$/litro,PETROBRAS,4.67
NE,BA,Cidade 30,ETANOL,2024-10-20,R$/litro,BANDEIRA BRANCA,4.31
SE,CE,Cidade 49,DIESEL S10,2023-03-05,R$/litro,PETROBRAS,5.29
S,PR,Cidade 10,ETANOL,2024-06-09,R$/litro,IPIRANGA,4.3
NE,PE,Cidade 38,GNV,2024-03-10,R$/litro,RAIZEN,5.36
N,PR,Cidade 46,GASOLINA,2024-04-14,R$/litro,RAIZEN,5.84
NE,RS,Cidade 27,GASOLINA,2024-05-05,R$/litro,BANDEIRA BRANCA,6.02
S,PR,Cidade 18,ETANOL,2023-02-05,R$/litro,BANDEIRA BRANCA,3.79
N,MG,Cidade 13,GASOLINA,2024-08-04,R$/litro,IPIRANGA,6.25
N,CE,Cidade 9,DIESEL S10,2023-08-27,R$/litro,PETROBRAS,6.45
N,RJ,Cidade 16,DIESEL S10,2024-04-21,R$/litro,PETROBRAS,5.97
NE,CE,Cidade 37,GNV,2023-07-30,R$/litro,BANDEIRA BRANCA,4.36
CO,CE,Cidade 26,DIESEL S10,2023-10-15,R$/litro,IPIRANGA,6.55
S,RJ,Cidade 11,DIESEL S10,2024-05-26,R$/litro,BANDEIRA BRANCA,6.57
CO,PR,Cidade 27,DIESEL S10,2024-11-17,R$/litro,IPIRANGA,6.49
S,CE,Cidade 40,GASOLINA,2024-10-06,R$/litro,BANDEIRA BRANCA,6.64
S,BA,Cidade 1,DIESEL S10,2024-06-16,R$/litro,RAIZEN,6.07
NE,MG,Cidade 2,GASOLINA,2024-01-28,R$/litro,RAIZEN,6.21
NE,CE,Cidade 48,DIESEL S10,2024-01-21,R$/litro,RAIZEN,6.25
N,BA,Cidade 37,GNV,2024-12-08,R$/litro,IPIRANGA,5.33
S,SP,Cidade 29,GNV,2023-05-28,R$/litro,PETROBRAS,4.04
CO,RJ,Cidade 45,DIESEL S10,2024-12-01,R$/litro,PETROBRAS,6.51
S,PR,Cidade 29,ETANOL,2024-04-21,R$/litro,IPIRANGA,4.54
NE,RS,Cidade 26,GNV,2024-03-24,R$/litro,BANDEIRA BRANCA,4.91
CO,RJ,Cidade 11,GNV,2024-03-10,R$/litro,RAIZEN,5.23
NE,PE,Cidade 40,ETANOL,2024-08-18,R$/litro,RAIZEN,4.78
N,SP,Cidade 38,GASOLINA,2024-05-12,R$/litro,IPIRANGA,5.84
CO,RJ,Cidade 15,DIESEL S10,2023-03-05,R$/litro,IPIRANGA,6.17
CO,RS,Cidade 37,DIESEL S10,2024-07-28,R$/litro,IPIRANGA,6.2
NE,SP,Cidade 36,GNV,2024-06-16,R$/litro,PETROBRAS,5.02
NE,RS,Cidade 5,GNV,2024-11-03,R$/litro,RAIZEN,5.31
SE,CE,Cidade 8,GASOLINA,2024-11-17,R$/litro,IPIRANGA,6.05
NE,CE,Cidade 30,ETANOL,2024-11-24,R$/litro,IPIRANGA,4.76
CO,PE,Cidade 31,GNV,2023-01-29,R$/litro,RAIZEN,4.4
NE,MG,Cidade 33,ETANOL,2024-04-07,R$/litro,PETROBRAS,4.2
S,SP,Cidade 19,ETANOL,2024-11-17,R$/litro,BANDEIRA BRANCA,4.73
SE,PE,Cidade 41,ETANOL,2024-12-08,R$/litro,PETROBRAS,4.37
S,MG,Cidade 22,ETANOL,2024-02-04,R$/litro,RAIZEN,4.06
S,PR,Cidade 11,DIESEL S10,2024-10-27,R$/litro,BANDEIRA BRANCA,6.8
CO,SP,Cidade 6,ETANOL,2024-10-06,R$/litro,PETROBRAS,4.54
NE,PR,Cidade 44,ETANOL,2023-01-01,R$/litro,PETROBRAS,3.54
SE,BA,Cidade 35,ETANOL,2024-10-06,R$/litro,IPIRANGA,4.73
SE,CE,Cidade 23,GASOLINA,2024-04-07,R$/litro,BANDEIRA BRANCA,5.94
CO,SP,Cidade 11,GNV,2024-02-25,R$/litro,RAIZEN,4.55
CO,RS,Cidade 5,GNV,2023-05-07,R$/litro,IPIRANGA,3.99
N,CE,Cidade 8,ETANOL,2024-11-03,R$/litro,BANDEIRA BRANCA,4.77
SE,RS,Cidade 6,GASOLINA,2023-07-30,R$/litro,IPIRANGA,5.59
SE,PR,Cidade 26,DIESEL S10,2023-10-29,R$/litro,BANDEIRA BRANCA,5.88
SE,RJ,Cidade 10,DIESEL S10,2023-08-06,R$/litro,BANDEIRA BRANCA,6.27
N,PR,Cidade 7,DIESEL S10,2024-12-08,R$/litro,PETROBRAS,6.78
N,MG,Cidade 14,DIESEL S10,2023-12-17,R$/litro,IPIRANGA,6.04
CO,BA,Cidade 35,DIESEL S10,2023-03-19,R$/litro,PETROBRAS,6.2
SE,CE,Cidade 25,GASOLINA,2023-01-08,R$/litro,PETROBRAS,6.12
SE,PR,Cidade 8,GASOLINA,2024-12-15,R$/litro,PETROBRAS,6.62
CO,RS,Cidade 37,GASOLINA,2023-06-18,R$/litro,PETROBRAS,6.06
CO,RJ,Cidade 24,GASOLINA,2024-07-14,R$/litro,PETROBRAS,6.22
N,MG,Cidade 10,GNV,2023-01-22,R$/litro,RAIZEN,4.41
SE,PE,Cidade 34,DIESEL S10,2024-10-20,R$/litro,IPIRANGA,6.52
SE,RJ,Cidade 49,DIESEL S10,2024-04-21,R$/litro,IPIRANGA,6.47
SE,PR,Cidade 27,DIESEL S10,2023-06-11,R$/litro,BANDEIRA BRANCA,5.74
N,RS,Cidade 8,GASOLINA,2024-10-13,R$/litro,BANDEIRA BRANCA,6.03
CO,MG,Cidade 16,GASOLINA,2023-08-06,R$/litro,RAIZEN,5.45
N,PR,Cidade 30,GNV,2024-12-29,R$/litro,IPIRANGA,5.26
S,MG,Cidade 49,ETANOL,2024-03-10,R$/litro,RAIZEN,4.34
N,MG,Cidade 46,DIESEL S10,2023-11-26,R$/litro,IPIRANGA,6.05
SE,BA,Cidade 46,GNV,2023-02-12,R$/litro,IPIRANGA,4.75
CO,PE,Cidade 41,GASOLINA,2023-07-09,R$/litro,IPIRANGA,5.52
CO,PE,Cidade 29,GNV,2023-02-12,R$/litro,PETROBRAS,4.37
N,PR,Cidade 32,DIESEL S10,2024-09-15,R$/litro,PETROBRAS,6.69
CO,PR,Cidade 36,ETANOL,2023-03-12,R$/litro,RAIZEN,4.2
NE,PE,Cidade 36,ETANOL,2023-03-19,R$/litro,BANDEIRA BRANCA,3.77
NE,MG,Cidade 32,GASOLINA,2023-04-02,R$/litro,IPIRANGA,5.75
S,MG,Cidade 7,GASOLINA,2024-12-15,R$/litro,PETROBRAS,6.09
CO,RS,Cidade 44,GASOLINA,2024-12-08,R$/litro,RAIZEN,6.23
N,PR,Cidade 1,GNV,2024-06-09,R$/litro,BANDEIRA BRANCA,5.04
SE,PR,Cidade 21,GASOLINA,2023-02-19,R$/litro,RAIZEN,5.79
CO,RJ,Cidade 22,ETANOL,2023-12-31,R$/litro,PETROBRAS,4.33
SE,PE,Cidade 49,GASOLINA,2024-11-24,R$/litro,PETROBRAS,6.33
NE,MG,Cidade 5,ETANOL,2023-03-12,R$/litro,RAIZEN,3.7
SE,CE,Cidade 24,GASOLINA,2024-08-04,R$/litro,BANDEIRA BRANCA,6.25
N,PR,Cidade 18,ETANOL,2023-01-08,R$/litro,PETROBRAS,4.04
NE,CE,Cidade 5,DIESEL S10,2024-08-11,R$/litro,BANDEIRA BRANCA,6.64
NE,PR,Cidade 11,GNV,2024-02-04,R$/litro,BANDEIRA BRANCA,4.7
N,BA,Cidade 21,ETANOL,2024-10-13,R$/litro,PETROBRAS,4.75
N,RJ,Cidade 45,DIESEL S10,2023-10-29,R$/litro,PETROBRAS,5.86
S,RS,Cidade 20,DIESEL S10,2024-07-28,R$/litro,PETROBRAS,6.34
CO,PE,Cidade 44,GNV,2024-09-08,R$/litro,RAIZEN,5.02
NE,RS,Cidade 36,GNV,2023-08-27,R$/litro,PETROBRAS,4.41
SE,SP,Cidade 41,GASOLINA,2024-04-14,R$/litro,BANDEIRA BRANCA,5.98
SE,RJ,Cidade 42,DIESEL S10,2023-12-03,R$/litro,PETROBRAS,6.28
S,BA,Cidade 35,GNV,2023-11-12,R$/litro,RAIZEN,4.35
N,PR,Cidade 36,ETANOL,2024-08-04,R$/litro,BANDEIRA BRANCA,4.36
NE,CE,Cidade 8,DIESEL S10,2023-06-11,R$/litro,PETROBRAS,5.62
S,CE,Cidade 36,ETANOL,2023-03-26,R$/litro,IPIRANGA,4.49
NE,BA,Cidade 3,ETANOL,2023-12-17,R$/litro,BANDEIRA BRANCA,4.29
CO,BA,Cidade 37,GASOLINA,2024-08-25,R$/litro,PETROBRAS,6.21
NE,PE,Cidade 33,GASOLINA,2023-04-30,R$/litro,IPIRANGA,5.77
SE,SP,Cidade 38,DIESEL S10,2023-09-03,R$/litro,IPIRANGA,6.29
SE,BA,Cidade 32,GNV,2024-05-05,R$/litro,PETROBRAS,5.21
NE,RS,Cidade 19,DIESEL S10,2023-12-17,R$/litro,IPIRANGA,5.84
NE,PE,Cidade 19,GASOLINA,2024-03-17,R$/litro,IPIRANGA,6.35
CO,PE,Cidade 30,GASOLINA,2024-01-21,R$/litro,IPIRANGA,6.28
NE,PR,Cidade 24,DIESEL S10,2024-08-18,R$/litro,BANDEIRA BRANCA,6.45
N,PR,Cidade 17,GASOLINA,2024-09-29,R$/litro,PETROBRAS,6.18
NE,PR,Cidade 24,DIESEL S10,2023-11-26,R$/litro,IPIRANGA,5.44
S,BA,Cidade 27,GNV,2023-11-12,R$/litro,PETROBRAS,4.49
N,RJ,Cidade 12,GASOLINA,2023-07-23,R$/litro,BANDEIRA BRANCA,5.92
N,MG,Cidade 32,DIESEL S10,2023-11-19,R$/litro,RAIZEN,6.51
N,PR,Cidade 16,GNV,2024-09-01,R$/litro,RAIZEN,5.27
SE,BA,Cidade 14,ETANOL,2023-12-31,R$/litro,PETROBRAS,4.23
N,RJ,Cidade 21,GNV,2024-05-19,R$/litro,IPIRANGA,5.46
S,CE,Cidade 6,GNV,2023-10-29,R$/litro,PETROBRAS,5.04
N,CE,Cidade 30,ETANOL,2024-06-02,R$/litro,IPIRANGA,4.3
N,PR,Cidade 36,ETANOL,2024-06-02,R$/litro,BANDEIRA BRANCA,4.94
N,RJ,Cidade 47,DIESEL S10,2024-01-21,R$/litro,RAIZEN,6.0
CO,CE,Cidade 14,DIESEL S10,2024-11-17,R$/litro,PETROBRAS,6.19
NE,RJ,Cidade 27,ETANOL,2024-09-29,R$/litro,IPIRANGA,4.41
SE,RS,Cidade 25,GASOLINA,2023-04-23,R$/litro,BANDEIRA BRANCA,5.52
N,PE,Cidade 36,DIESEL S10,2023-06-11,R$/litro,PETROBRAS,5.96
N,BA,Cidade 31,GASOLINA,2024-12-01,R$/litro,BANDEIRA BRANCA,6.47
SE,RJ,Cidade 40,GASOLINA,2023-10-22,R$/litro,IPIRANGA,5.87
SE,SP,Cidade 42,GASOLINA,2023-08-13,R$/litro,IPIRANGA,5.81
S,MG,Cidade 6,ETANOL,2024-08-04,R$/litro,BANDEIRA BRANCA,4.47
CO,PR,Cidade 18,GASOLINA,2024-03-17,R$/litro,RAIZEN,5.44
NE,PR,Cidade 33,ETANOL,2023-04-02,R$/litro,IPIRANGA,3.61
CO,RJ,Cidade 27,GASOLINA,2023-03-05,R$/litro,PETROBRAS,5.56
CO,RJ,Cidade 24,ETANOL,2024-08-11,R$/litro,PETROBRAS,4.25
NE,PR,Cidade 9,GNV,2024-07-14,R$/litro,IPIRANGA,4.98
N,RJ,Cidade 29,ETANOL,2023-09-17,R$/litro,PETROBRAS,4.5
S,SP,Cidade 37,DIESEL S10,2024-09-22,R$/litro,BANDEIRA BRANCA,6.49
SE,RS,Cidade 2,GASOLINA,2023-04-02,R$/litro,PETROBRAS,5.36
S,BA,Cidade 29,GASOLINA,2024-09-29,R$/litro,RAIZEN,6.01
NE,RJ,Cidade 45,GNV,2023-02-26,R$/litro,BANDEIRA BRANCA,4.98
SE,RJ,Cidade 29,DIESEL S10,2024-04-07,R$/litro,IPIRANGA,6.73
S,RJ,Cidade 47,GASOLINA,2024-09-08,R$/litro,RAIZEN,6.34
SE,MG,Cidade 18,DIESEL S10,2024-03-31,R$/litro,PETROBRAS,5.95
N,SP,Cidade 1,GASOLINA,2024-07-21,R$/litro,RAIZEN,6.22
CO,SP,Cidade 34,GASOLINA,2023-09-10,R$/litro,BANDEIRA BRANCA,5.94
CO,MG,Cidade 11,ETANOL,2023-07-30,R$/litro,BANDEIRA BRANCA,4.11
S,SP,Cidade 1,DIESEL S10,2023-07-09,R$/litro,PETROBRAS,5.94
NE,MG,Cidade 9,DIESEL S10,2023-03-26,R$/litro,IPIRANGA,5.89
CO,BA,Cidade 46,GNV,2023-07-23,R$/litro,RAIZEN,4.53
NE,SP,Cidade 39,GASOLINA,2023-06-25,R$/litro,BANDEIRA BRANCA,5.48
S,BA,Cidade 14,GASOLINA,2024-07-07,R$/litro,IPIRANGA,6.47
S,BA,Cidade 30,DIESEL S10,2023-06-04,R$/litro,BANDEIRA BRANCA,6.27
N,BA,Cidade 17,GNV,2023-04-30,R$/litro,PETROBRAS,4.54
NE,PR,Cidade 9,DIESEL S10,2024-06-16,R$/litro,RAIZEN,6.5
CO,PE,Cidade 49,DIESEL S10,2024-01-28,R$/litro,IPIRANGA,6.37
CO,SP,Cidade 40,GASOLINA,2023-06-04,R$/litro,RAIZEN,6.33
SE,RJ,Cidade 18,GNV,2024-06-02,R$/litro,RAIZEN,5.21
N,MG,Cidade 18,GNV,2023-06-04,R$/litro,IPIRANGA,4.86
S,PR,Cidade 40,DIESEL S10,2024-07-28,R$/litro,BANDEIRA BRANCA,6.46
NE,PE,Cidade 23,ETANOL,2023-01-22,R$/litro,BANDEIRA BRANCA,3.81
S,CE,Cidade 19,DIESEL S10,2024-03-03,R$/litro,BANDEIRA BRANCA,6.66
S,BA,Cidade 19,DIESEL S10,2024-03-10,R$/litro,PETROBRAS,6.48
S,RS,Cidade 22,GNV,2023-10-01,R$/litro,IPIRANGA,4.55
SE,RS,Cidade 26,GASOLINA,2024-05-19,R$/litro,RAIZEN,6.2
N,SP,Cidade 2,DIESEL S10,2023-10-01,R$/litro,BANDEIRA BRANCA,6.37
SE,RS,Cidade 24,DIESEL S10,2024-04-21,R$/litro,IPIRANGA,5.83
S,BA,Cidade 22,ETANOL,2023-06-11,R$/litro,RAIZEN,3.82
SE,RJ,Cidade 14,GNV,2024-02-18,R$/litro,RAIZEN,4.99
SE,PE,Cidade 18,GASOLINA,2024-07-07,R$/litro,PETROBRAS,5.65
S,PE,Cidade 21,GASOLINA,2024-12-08,R$/litro,BANDEIRA BRANCA,5.84
CO,MG,Cidade 18,GNV,2023-09-17,R$/litro,IPIRANGA,4.68
CO,CE,Cidade 45,GASOLINA,2023-12-10,R$/litro,RAIZEN,6.05
S,SP,Cidade 26,ETANOL,2023-12-17,R$/litro,IPIRANGA,4.37
NE,CE,Cidade 25,ETANOL,2024-09-22,R$/litro,PETROBRAS,4.9
CO,PE,Cidade 13,DIESEL S10,2024-12-08,R$/litro,IPIRANGA,6.6
S,RJ,Cidade 45,GASOLINA,2024-04-14,R$/litro,RAIZEN,5.96
CO,PR,Cidade 2,ETANOL,2024-08-25,R$/litro,IPIRANGA,4.15
SE,MG,Cidade 27,GNV,2023-02-26,R$/litro,BANDEIRA BRANCA,4.46
S,PE,Cidade 9,ETANOL,2024-07-07,R$/litro,BANDEIRA BRANCA,4.61
S,RJ,Cidade 38,DIESEL S10,2024-08-18,R$/litro,RAIZEN,6.66
SE,RJ,Cidade 19,GNV,2024-06-09,R$/litro,BANDEIRA BRANCA,5.07
CO,MG,Cidade 15,DIESEL S10,2024-03-03,R$/litro,BANDEIRA BRANCA,6.45
CO,RJ,Cidade 3,GNV,2024-10-20,R$/litro,RAIZEN,5.45
S,MG,Cidade 39,GNV,2024-04-21,R$/litro,BANDEIRA BRANCA,4.98
CO,BA,Cidade 20,DIESEL S10,2024-09-08,R$/litro,RAIZEN,6.83
N,PR,Cidade 13,GNV,2023-05-07,R$/litro,BANDEIRA BRANCA,4.44
CO,BA,Cidade 42,DIESEL S10,2024-04-28,R$/litro,PETROBRAS,6.34
CO,RJ,Cidade 1,GNV,2023-11-12,R$/litro,IPIRANGA,4.68
NE,RJ,Cidade 23,DIESEL S10,2024-09-29,R$/litro,BANDEIRA BRANCA,6.71
SE,CE,Cidade 8,ETANOL,2024-10-06,R$/litro,IPIRANGA,4.26
CO,MG,Cidade 7,DIESEL S10,2024-09-08,R$/litro,PETROBRAS,6.41
N,SP,Cidade 2,ETANOL,2023-06-04,R$/litro,BANDEIRA BRANCA,3.58
CO,RS,Cidade 10,ETANOL,2023-12-24,R$/litro,RAIZEN,4.39
CO,SP,Cidade 47,ETANOL,2023-01-01,R$/litro,BANDEIRA BRANCA,4.21
SE,MG,Cidade 22,ETANOL,2024-12-15,R$/litro,PETROBRAS,4.81
NE,PE,Cidade 49,ETANOL,2023-07-09,R$/litro,PETROBRAS,4.28
SE,MG,Cidade 14,DIESEL S10,2024-03-31,R$/litro,RAIZEN,6.55
SE,PR,Cidade 38,ETANOL,2023-12-24,R$/litro,PETROBRAS,4.42
CO,RS,Cidade 5,ETANOL,2024-10-20,R$/litro,RAIZEN,4.68
CO,MG,Cidade 6,GASOLINA,2024-08-25,R$/litro,IPIRANGA,6.35
CO,PR,Cidade 1,ETANOL,2024-07-21,R$/litro,PETROBRAS,4.28
CO,BA,Cidade 45,ETANOL,2024-04-14,R$/litro,BANDEIRA BRANCA,4.3
N,MG,Cidade 33,GNV,2023-03-26,R$/litro,PETROBRAS,4.6
NE,RJ,Cidade 37,ETANOL,2024-11-03,R$/litro,BANDEIRA BRANCA,4.46
CO,CE,Cidade 46,GASOLINA,2023-02-12,R$/litro,PETROBRAS,5.25
NE,RJ,Cidade 17,ETANOL,2023-11-26,R$/litro,RAIZEN,3.91
N,CE,Cidade 36,DIESEL S10,2023-10-01,R$/litro,BANDEIRA BRANCA,6.22
S,RS,Cidade 25,GASOLINA,2023-10-15,R$/litro,PETROBRAS,6.1
N,CE,Cidade 27,GASOLINA,2024-12-15,R$/litro,BANDEIRA BRANCA,6.29
CO,MG,Cidade 33,ETANOL,2023-06-18,R$/litro,IPIRANGA,4.75
N,BA,Cidade 24,ETANOL,2024-02-25,R$/litro,RAIZEN,4.07
NE,BA,Cidade 2,ETANOL,2023-06-04,R$/litro,BANDEIRA BRANCA,4.16
